{
"type": "FeatureCollection",
"name": "Air Conditioned and Cool Spaces - 4326",
"crs": { "type": "name", "properties": { "name": "urn:ogc:def:crs:OGC:1.3:CRS84" } },
"features": [
{ "type": "Feature", "properties": { "_id": 1, "locationId": 11529100, "locationTypeCode": "COOL_LOCN", "locationTypeDesc": "Indoor Pool", "locationCode": "INDOOR POOL", "locationDesc": "Indoor Pool", "locationName": "Gordon A. Brown Middle School", "address": "2800 St. Clair Ave", "phone": "416-392-9029", "url": "https://www.toronto.ca/data/parks/prd/facilities/complex/1205/index.html", "imageUrl": "None", "monOpen": "None", "monClose": "None", "tueOpen": "None", "tueClose": "None", "wedOpen": "None", "wedClose": "None", "thuOpen": "None", "thuClose": "None", "friOpen": "None", "friClose": "None", "satOpen": "None", "satClose": "None", "sunOpen": "None", "sunClose": "None", "amenities": "None", "notes": "None", "eligibility": "None" }, "geometry": { "type": "MultiPoint", "coordinates": [ [ -79.305835, 43.706938 ] ] } },
{ "type": "Feature", "properties": { "_id": 2, "locationId": 11525800, "locationTypeCode": "COOL_LOCN", "locationTypeDesc": "Indoor Pool", "locationCode": "INDOOR POOL", "locationDesc": "Indoor Pool", "locationName": "Fairmount Park Community Centre", "address": "1757 Gerrard  St ", "phone": "416-392-7060", "url": "https://www.toronto.ca/data/parks/prd/facilities/complex/308/index.html", "imageUrl": "None", "monOpen": "None", "monClose": "None", "tueOpen": "None", "tueClose": "None", "wedOpen": "None", "wedClose": "None", "thuOpen": "None", "thuClose": "None", "friOpen": "None", "friClose": "None", "satOpen": "None", "satClose": "None", "sunOpen": "None", "sunClose": "None", "amenities": "None", "notes": "None", "eligibility": "None" }, "geometry": { "type": "MultiPoint", "coordinates": [ [ -79.314785, 43.676593 ] ] } },
{ "type": "Feature", "properties": { "_id": 3, "locationId": 11541200, "locationTypeCode": "COOL_LOCN", "locationTypeDesc": "Indoor Pool", "locationCode": "INDOOR POOL", "locationDesc": "Indoor Pool", "locationName": "Lester B. Pearson Collegiate Institute", "address": "150 Tapscott  Rd ", "phone": "416-396-4010", "url": "https://www.toronto.ca/data/parks/prd/facilities/complex/1255/index.html", "imageUrl": "None", "monOpen": "None", "monClose": "None", "tueOpen": "None", "tueClose": "None", "wedOpen": "None", "wedClose": "None", "thuOpen": "None", "thuClose": "None", "friOpen": "None", "friClose": "None", "satOpen": "None", "satClose": "None", "sunOpen": "None", "sunClose": "None", "amenities": "None", "notes": "None", "eligibility": "None" }, "geometry": { "type": "MultiPoint", "coordinates": [ [ -79.226017, 43.803059 ] ] } },
{ "type": "Feature", "properties": { "_id": 4, "locationId": 11565400, "locationTypeCode": "COOL_LOCN", "locationTypeDesc": "Indoor Pool", "locationCode": "INDOOR POOL", "locationDesc": "Indoor Pool", "locationName": "West Hill Collegiate Institute", "address": "350 Morningside  Ave ", "phone": "416-396-4008", "url": "https://www.toronto.ca/data/parks/prd/facilities/complex/1381/index.html", "imageUrl": "None", "monOpen": "None", "monClose": "None", "tueOpen": "None", "tueClose": "None", "wedOpen": "None", "wedClose": "None", "thuOpen": "None", "thuClose": "None", "friOpen": "None", "friClose": "None", "satOpen": "None", "satClose": "None", "sunOpen": "None", "sunClose": "None", "amenities": "None", "notes": "None", "eligibility": "None" }, "geometry": { "type": "MultiPoint", "coordinates": [ [ -79.190376, 43.775738 ] ] } },
{ "type": "Feature", "properties": { "_id": 5, "locationId": 11491700, "locationTypeCode": "COOL_LOCN", "locationTypeDesc": "Indoor Pool", "locationCode": "INDOOR POOL", "locationDesc": "Indoor Pool", "locationName": "Agincourt Community Recreation Centre", "address": "31 Glen Watford  Dr ", "phone": "416-396-4037", "url": "https://www.toronto.ca/data/parks/prd/facilities/complex/523/index.html", "imageUrl": "None", "monOpen": "None", "monClose": "None", "tueOpen": "None", "tueClose": "None", "wedOpen": "None", "wedClose": "None", "thuOpen": "None", "thuClose": "None", "friOpen": "None", "friClose": "None", "satOpen": "None", "satClose": "None", "sunOpen": "None", "sunClose": "None", "amenities": "None", "notes": "None", "eligibility": "None" }, "geometry": { "type": "MultiPoint", "coordinates": [ [ -79.276013, 43.788648 ] ] } },
{ "type": "Feature", "properties": { "_id": 6, "locationId": 11551100, "locationTypeCode": "COOL_LOCN", "locationTypeDesc": "Indoor Pool", "locationCode": "INDOOR POOL", "locationDesc": "Indoor Pool", "locationName": "Runnymede Collegiate Institute", "address": "569 Jane  St ", "phone": "416-394-2747", "url": "https://www.toronto.ca/data/parks/prd/facilities/complex/510/index.html", "imageUrl": "None", "monOpen": "None", "monClose": "None", "tueOpen": "None", "tueClose": "None", "wedOpen": "None", "wedClose": "None", "thuOpen": "None", "thuClose": "None", "friOpen": "None", "friClose": "None", "satOpen": "None", "satClose": "None", "sunOpen": "None", "sunClose": "None", "amenities": "None", "notes": "None", "eligibility": "None" }, "geometry": { "type": "MultiPoint", "coordinates": [ [ -79.489852, 43.663156 ] ] } },
{ "type": "Feature", "properties": { "_id": 7, "locationId": 11546700, "locationTypeCode": "COOL_LOCN", "locationTypeDesc": "Indoor Pool", "locationCode": "INDOOR POOL", "locationDesc": "Indoor Pool", "locationName": "Norseman Community School and Pool", "address": "105 Norseman  St ", "phone": "416-394-8719", "url": "https://www.toronto.ca/data/parks/prd/facilities/complex/797/index.html", "imageUrl": "None", "monOpen": "None", "monClose": "None", "tueOpen": "None", "tueClose": "None", "wedOpen": "None", "wedClose": "None", "thuOpen": "None", "thuClose": "None", "friOpen": "None", "friClose": "None", "satOpen": "None", "satClose": "None", "sunOpen": "None", "sunClose": "None", "amenities": "None", "notes": "None", "eligibility": "None" }, "geometry": { "type": "MultiPoint", "coordinates": [ [ -79.516305, 43.634316 ] ] } },
{ "type": "Feature", "properties": { "_id": 8, "locationId": 11514800, "locationTypeCode": "COOL_LOCN", "locationTypeDesc": "Indoor Pool", "locationCode": "INDOOR POOL", "locationDesc": "Indoor Pool", "locationName": "DA Morrison Middle School", "address": "271 Gledhill Ave", "phone": "416-392-9029", "url": "https://www.toronto.ca/data/parks/prd/facilities/complex/1164/index.html", "imageUrl": "None", "monOpen": "None", "monClose": "None", "tueOpen": "None", "tueClose": "None", "wedOpen": "None", "wedClose": "None", "thuOpen": "None", "thuClose": "None", "friOpen": "None", "friClose": "None", "satOpen": "None", "satClose": "None", "sunOpen": "None", "sunClose": "None", "amenities": "None", "notes": "None", "eligibility": "None" }, "geometry": { "type": "MultiPoint", "coordinates": [ [ -79.312094, 43.694565 ] ] } },
{ "type": "Feature", "properties": { "_id": 9, "locationId": 11528000, "locationTypeCode": "COOL_LOCN", "locationTypeDesc": "Indoor Pool", "locationCode": "INDOOR POOL", "locationDesc": "Indoor Pool", "locationName": "Georges Vanier Secondary School", "address": "3000 Don Mills  Rd ", "phone": "416-395-7975", "url": "https://www.toronto.ca/data/parks/prd/facilities/complex/1200/index.html", "imageUrl": "None", "monOpen": "None", "monClose": "None", "tueOpen": "None", "tueClose": "None", "wedOpen": "None", "wedClose": "None", "thuOpen": "None", "thuClose": "None", "friOpen": "None", "friClose": "None", "satOpen": "None", "satClose": "None", "sunOpen": "None", "sunClose": "None", "amenities": "None", "notes": "None", "eligibility": "None" }, "geometry": { "type": "MultiPoint", "coordinates": [ [ -79.351126, 43.783248 ] ] } },
{ "type": "Feature", "properties": { "_id": 10, "locationId": 88507100, "locationTypeCode": "COOL_LOCN", "locationTypeDesc": "Indoor Pool", "locationCode": "INDOOR POOL", "locationDesc": "Indoor Pool", "locationName": "Wellesley Community Centre", "address": "495 Sherbourne St", "phone": "416-392-0227", "url": "https://www.toronto.ca/data/parks/prd/facilities/complex/451/index.html", "imageUrl": "None", "monOpen": "None", "monClose": "None", "tueOpen": "None", "tueClose": "None", "wedOpen": "None", "wedClose": "None", "thuOpen": "None", "thuClose": "None", "friOpen": "None", "friClose": "None", "satOpen": "None", "satClose": "None", "sunOpen": "None", "sunClose": "None", "amenities": "None", "notes": "None", "eligibility": "None" }, "geometry": { "type": "MultiPoint", "coordinates": [ [ -79.374791, 43.668005 ] ] } },
{ "type": "Feature", "properties": { "_id": 11, "locationId": 50866200, "locationTypeCode": "COOL_LOCN", "locationTypeDesc": "Indoor Pool", "locationCode": "INDOOR POOL", "locationDesc": "Indoor Pool", "locationName": "Toronto Pan Am Sports Centre", "address": "875 Morningside  Ave ", "phone": "416-283-5222", "url": "https://www.toronto.ca/data/parks/prd/facilities/complex/2773/index.html", "imageUrl": "None", "monOpen": "None", "monClose": "None", "tueOpen": "None", "tueClose": "None", "wedOpen": "None", "wedClose": "None", "thuOpen": "None", "thuClose": "None", "friOpen": "None", "friClose": "None", "satOpen": "None", "satClose": "None", "sunOpen": "None", "sunClose": "None", "amenities": "None", "notes": "None", "eligibility": "None" }, "geometry": { "type": "MultiPoint", "coordinates": [ [ -79.193188, 43.789444 ] ] } },
{ "type": "Feature", "properties": { "_id": 12, "locationId": 11568700, "locationTypeCode": "COOL_LOCN", "locationTypeDesc": "Indoor Pool", "locationCode": "INDOOR POOL", "locationDesc": "Indoor Pool", "locationName": "York Mills Collegiate Institute", "address": "490 York Mills  Rd ", "phone": "416-395-7841", "url": "https://www.toronto.ca/data/parks/prd/facilities/complex/1399/index.html", "imageUrl": "None", "monOpen": "None", "monClose": "None", "tueOpen": "None", "tueClose": "None", "wedOpen": "None", "wedClose": "None", "thuOpen": "None", "thuClose": "None", "friOpen": "None", "friClose": "None", "satOpen": "None", "satClose": "None", "sunOpen": "None", "sunClose": "None", "amenities": "None", "notes": "None", "eligibility": "None" }, "geometry": { "type": "MultiPoint", "coordinates": [ [ -79.37365, 43.751097 ] ] } },
{ "type": "Feature", "properties": { "_id": 13, "locationId": 11562100, "locationTypeCode": "COOL_LOCN", "locationTypeDesc": "Indoor Pool", "locationCode": "INDOOR POOL", "locationDesc": "Indoor Pool", "locationName": "Vaughan Road Academy", "address": "529 Vaughan Rd", "phone": "416-394-8201", "url": "https://www.toronto.ca/data/parks/prd/facilities/complex/1371/index.html", "imageUrl": "None", "monOpen": "None", "monClose": "None", "tueOpen": "None", "tueClose": "None", "wedOpen": "None", "wedClose": "None", "thuOpen": "None", "thuClose": "None", "friOpen": "None", "friClose": "None", "satOpen": "None", "satClose": "None", "sunOpen": "None", "sunClose": "None", "amenities": "None", "notes": "None", "eligibility": "None" }, "geometry": { "type": "MultiPoint", "coordinates": [ [ -79.436815, 43.690589 ] ] } },
{ "type": "Feature", "properties": { "_id": 14, "locationId": 31991300, "locationTypeCode": "COOL_LOCN", "locationTypeDesc": "Indoor Pool", "locationCode": "INDOOR POOL", "locationDesc": "Indoor Pool", "locationName": "L'Amoreaux Collegiate Institute", "address": "2501 Bridletowne  Cir ", "phone": "416-396-4005", "url": "https://www.toronto.ca/data/parks/prd/facilities/complex/1250/index.html", "imageUrl": "None", "monOpen": "None", "monClose": "None", "tueOpen": "None", "tueClose": "None", "wedOpen": "None", "wedClose": "None", "thuOpen": "None", "thuClose": "None", "friOpen": "None", "friClose": "None", "satOpen": "None", "satClose": "None", "sunOpen": "None", "sunClose": "None", "amenities": "None", "notes": "None", "eligibility": "None" }, "geometry": { "type": "MultiPoint", "coordinates": [ [ -79.31864, 43.801504 ] ] } },
{ "type": "Feature", "properties": { "_id": 15, "locationId": 11563200, "locationTypeCode": "COOL_LOCN", "locationTypeDesc": "Indoor Pool", "locationCode": "INDOOR POOL", "locationDesc": "Indoor Pool", "locationName": "Victoria Park Collegiate Institute", "address": "15 Wallingford  Rd.", "phone": "416-395-7842", "url": "https://www.toronto.ca/data/parks/prd/facilities/complex/1373/index.html", "imageUrl": "None", "monOpen": "None", "monClose": "None", "tueOpen": "None", "tueClose": "None", "wedOpen": "None", "wedClose": "None", "thuOpen": "None", "thuClose": "None", "friOpen": "None", "friClose": "None", "satOpen": "None", "satClose": "None", "sunOpen": "None", "sunClose": "None", "amenities": "None", "notes": "None", "eligibility": "None" }, "geometry": { "type": "MultiPoint", "coordinates": [ [ -79.321585, 43.75568 ] ] } },
{ "type": "Feature", "properties": { "_id": 16, "locationId": 11567600, "locationTypeCode": "COOL_LOCN", "locationTypeDesc": "Indoor Pool", "locationCode": "INDOOR POOL", "locationDesc": "Indoor Pool", "locationName": "Wexford Collegiate Institute", "address": "1176 Pharmacy  Ave ", "phone": "416-396-4016", "url": "https://www.toronto.ca/data/parks/prd/facilities/complex/1387/index.html", "imageUrl": "None", "monOpen": "None", "monClose": "None", "tueOpen": "None", "tueClose": "None", "wedOpen": "None", "wedClose": "None", "thuOpen": "None", "thuClose": "None", "friOpen": "None", "friClose": "None", "satOpen": "None", "satClose": "None", "sunOpen": "None", "sunClose": "None", "amenities": "None", "notes": "None", "eligibility": "None" }, "geometry": { "type": "MultiPoint", "coordinates": [ [ -79.306767, 43.746001 ] ] } },
{ "type": "Feature", "properties": { "_id": 17, "locationId": 834, "locationTypeCode": "COOL_LOCN", "locationTypeDesc": "Cooling Location", "locationCode": "SPLASHPAD", "locationDesc": "Splashpad", "locationName": "Barbara Hall Park", "address": "519 CHURCH ST", "phone": "311", "url": "https://www.toronto.ca/data/parks/prd/facilities/complex/163/index.html", "imageUrl": "None", "monOpen": "0900", "monClose": "2030", "tueOpen": "0900", "tueClose": "2030", "wedOpen": "0900", "wedClose": "2030", "thuOpen": "0900", "thuClose": "2030", "friOpen": "0900", "friClose": "2030", "satOpen": "0900", "satClose": "2030", "sunOpen": "0900", "sunClose": "2030", "amenities": "None", "notes": "None", "eligibility": "None" }, "geometry": { "type": "MultiPoint", "coordinates": [ [ -79.380714, 43.666622 ] ] } },
{ "type": "Feature", "properties": { "_id": 18, "locationId": 1152, "locationTypeCode": "COOL_LOCN", "locationTypeDesc": "Cooling Location", "locationCode": "COMM_CNTR", "locationDesc": "Community Centre", "locationName": "Swansea Community Recreation Centre", "address": "15 Waller Avenue", "phone": "416-392-6796", "url": "https://www.toronto.ca/data/parks/prd/facilities/complex/282/index.html", "imageUrl": "None", "monOpen": "0800", "monClose": "2200", "tueOpen": "0800", "tueClose": "1700", "wedOpen": "0800", "wedClose": "2200", "thuOpen": "0800", "thuClose": "1700", "friOpen": "0800", "friClose": "1700", "satOpen": "CLOSED", "satClose": "CLOSED", "sunOpen": "CLOSED", "sunClose": "CLOSED", "amenities": "WASHROOMS:SHOWERS:ACCESS:POOL", "notes": "None", "eligibility": "None" }, "geometry": { "type": "MultiPoint", "coordinates": [ [ -79.476885, 43.644123 ] ] } },
{ "type": "Feature", "properties": { "_id": 19, "locationId": 954, "locationTypeCode": "COOL_LOCN", "locationTypeDesc": "Cooling Location", "locationCode": "SPLASHPAD", "locationDesc": "Splashpad", "locationName": "Maple Claire Park", "address": "20 VIELLA ST", "phone": "311", "url": "https://www.toronto.ca/data/parks/prd/facilities/complex/2663/index.html", "imageUrl": "None", "monOpen": "0900", "monClose": "2030", "tueOpen": "0900", "tueClose": "2030", "wedOpen": "0900", "wedClose": "2030", "thuOpen": "0900", "thuClose": "2030", "friOpen": "0900", "friClose": "2030", "satOpen": "0900", "satClose": "2030", "sunOpen": "0900", "sunClose": "2030", "amenities": "None", "notes": "None", "eligibility": "None" }, "geometry": { "type": "MultiPoint", "coordinates": [ [ -79.473083, 43.672591 ] ] } },
{ "type": "Feature", "properties": { "_id": 20, "locationId": 1151, "locationTypeCode": "COOL_LOCN", "locationTypeDesc": "Cooling Location", "locationCode": "COMM_CNTR", "locationDesc": "Community Centre", "locationName": "Secord Community Centre", "address": "91 Barrington Avenue", "phone": "416-396-2857", "url": "https://www.toronto.ca/data/parks/prd/facilities/complex/325/index.html", "imageUrl": "None", "monOpen": "1400", "monClose": "2100", "tueOpen": "1400", "tueClose": "2100", "wedOpen": "1400", "wedClose": "2100", "thuOpen": "1400", "thuClose": "2100", "friOpen": "1400", "friClose": "2100", "satOpen": "0900", "satClose": "1700", "sunOpen": "1200", "sunClose": "1700", "amenities": "None", "notes": "None", "eligibility": "None" }, "geometry": { "type": "MultiPoint", "coordinates": [ [ -79.301468, 43.691572 ] ] } },
{ "type": "Feature", "properties": { "_id": 21, "locationId": 833, "locationTypeCode": "COOL_LOCN", "locationTypeDesc": "Cooling Location", "locationCode": "SPLASHPAD", "locationDesc": "Splashpad", "locationName": "Cassels Avenue Playground", "address": "69 CASSELS AVE", "phone": "311", "url": "https://www.toronto.ca/data/parks/prd/facilities/complex/157/index.html", "imageUrl": "None", "monOpen": "0900", "monClose": "2030", "tueOpen": "0900", "tueClose": "2030", "wedOpen": "0900", "wedClose": "2030", "thuOpen": "0900", "thuClose": "2030", "friOpen": "0900", "friClose": "2030", "satOpen": "0900", "satClose": "2030", "sunOpen": "0900", "sunClose": "2030", "amenities": "None", "notes": "None", "eligibility": "None" }, "geometry": { "type": "MultiPoint", "coordinates": [ [ -79.307096, 43.680014 ] ] } },
{ "type": "Feature", "properties": { "_id": 22, "locationId": 1150, "locationTypeCode": "COOL_LOCN", "locationTypeDesc": "Cooling Location", "locationCode": "COMM_CNTR", "locationDesc": "Community Centre", "locationName": "Scadding Court Community Centre", "address": "707 Dundas Street West", "phone": "416-392-0335", "url": "https://www.toronto.ca/data/parks/prd/facilities/complex/1098/index.html", "imageUrl": "None", "monOpen": "1630", "monClose": "2030", "tueOpen": "1630", "tueClose": "2100", "wedOpen": "1630", "wedClose": "2030", "thuOpen": "1630", "thuClose": "2030", "friOpen": "1630", "friClose": "2100", "satOpen": "0830", "satClose": "1600", "sunOpen": "0830", "sunClose": "1500", "amenities": "None", "notes": "None", "eligibility": "None" }, "geometry": { "type": "MultiPoint", "coordinates": [ [ -79.404897, 43.651794 ] ] } },
{ "type": "Feature", "properties": { "_id": 23, "locationId": 1149, "locationTypeCode": "COOL_LOCN", "locationTypeDesc": "Cooling Location", "locationCode": "COMM_CNTR", "locationDesc": "Community Centre", "locationName": "Parkdale Community Recreation Centre", "address": "75 Lansdowne Avenue", "phone": "416-392-6696", "url": "https://www.toronto.ca/data/parks/prd/facilities/complex/243/index.html", "imageUrl": "None", "monOpen": "1500", "monClose": "2100", "tueOpen": "1500", "tueClose": "2100", "wedOpen": "1500", "wedClose": "2100", "thuOpen": "1500", "thuClose": "2100", "friOpen": "1500", "friClose": "2100", "satOpen": "0900", "satClose": "1730", "sunOpen": "1000", "sunClose": "1730", "amenities": "WASHROOMS:SHOWERS:ACCESS:POOL", "notes": "None", "eligibility": "None" }, "geometry": { "type": "MultiPoint", "coordinates": [ [ -79.4374, 43.64364 ] ] } },
{ "type": "Feature", "properties": { "_id": 24, "locationId": 953, "locationTypeCode": "COOL_LOCN", "locationTypeDesc": "Cooling Location", "locationCode": "SPLASHPAD", "locationDesc": "Splashpad", "locationName": "Sugar Beach Park", "address": "11 DOCKSIDE DR", "phone": "311", "url": "https://www.toronto.ca/data/parks/prd/facilities/complex/2261/index.html", "imageUrl": "None", "monOpen": "0900", "monClose": "2030", "tueOpen": "0900", "tueClose": "2030", "wedOpen": "0900", "wedClose": "2030", "thuOpen": "0900", "thuClose": "2030", "friOpen": "0900", "friClose": "2030", "satOpen": "0900", "satClose": "2030", "sunOpen": "0900", "sunClose": "2030", "amenities": "None", "notes": "None", "eligibility": "None" }, "geometry": { "type": "MultiPoint", "coordinates": [ [ -79.367701, 43.643209 ] ] } },
{ "type": "Feature", "properties": { "_id": 25, "locationId": 438, "locationTypeCode": "COOL_LOCN", "locationTypeDesc": "Cooling Location", "locationCode": "LIBRARY", "locationDesc": "Library", "locationName": "Maria A. Shchuka Public Library", "address": "1745 Eglinton Ave W", "phone": "416-394-1000", "url": "https://www.torontopubliclibrary.ca/detail.jsp?R=LIB013", "imageUrl": "None", "monOpen": "0900", "monClose": "2030", "tueOpen": "0900", "tueClose": "2030", "wedOpen": "0900", "wedClose": "2030", "thuOpen": "0900", "thuClose": "2030", "friOpen": "0900", "friClose": "2030", "satOpen": "0900", "satClose": "1700", "sunOpen": "1200", "sunClose": "1700", "amenities": "WASHROOMS:WI_FI:ACCESS", "notes": "None", "eligibility": "None" }, "geometry": { "type": "MultiPoint", "coordinates": [ [ -79.44725, 43.696039 ] ] } },
{ "type": "Feature", "properties": { "_id": 26, "locationId": 558, "locationTypeCode": "COOL_LOCN", "locationTypeDesc": "Cooling Location", "locationCode": "COMM_CNTR", "locationDesc": "Community Centre", "locationName": "West Rouge Community Centre", "address": "270 Rouge Hills Dr", "phone": "416-396-4147", "url": "https://www.toronto.ca/data/parks/prd/facilities/complex/584/index.html", "imageUrl": "None", "monOpen": "0900", "monClose": "2100", "tueOpen": "0900", "tueClose": "2100", "wedOpen": "0900", "wedClose": "2100", "thuOpen": "0900", "thuClose": "2100", "friOpen": "0900", "friClose": "2100", "satOpen": "0800", "satClose": "1700", "sunOpen": "CLOSED", "sunClose": "CLOSED", "amenities": "ACCESS", "notes": "None", "eligibility": "None" }, "geometry": { "type": "MultiPoint", "coordinates": [ [ -79.125105, 43.792091 ] ] } },
{ "type": "Feature", "properties": { "_id": 27, "locationId": 437, "locationTypeCode": "COOL_LOCN", "locationTypeDesc": "Cooling Location", "locationCode": "LIBRARY", "locationDesc": "Library", "locationName": "Malvern Public Library", "address": "30 Sewells Rd", "phone": "416-396-8969", "url": "https://www.torontopubliclibrary.ca/detail.jsp?R=LIB012", "imageUrl": "None", "monOpen": "0900", "monClose": "2030", "tueOpen": "0900", "tueClose": "2030", "wedOpen": "0900", "wedClose": "2030", "thuOpen": "0900", "thuClose": "2030", "friOpen": "0900", "friClose": "2030", "satOpen": "0900", "satClose": "1700", "sunOpen": "1200", "sunClose": "1700", "amenities": "WASHROOMS:WI_FI:ACCESS", "notes": "None", "eligibility": "None" }, "geometry": { "type": "MultiPoint", "coordinates": [ [ -79.216389, 43.808576 ] ] } },
{ "type": "Feature", "properties": { "_id": 28, "locationId": 557, "locationTypeCode": "COOL_LOCN", "locationTypeDesc": "Cooling Location", "locationCode": "COMM_CNTR", "locationDesc": "Community Centre", "locationName": "Wellesley Community Centre", "address": "495 Sherbourne St", "phone": "416-392-0227", "url": "https://www.toronto.ca/data/parks/prd/facilities/complex/451/index.html", "imageUrl": "None", "monOpen": "0730", "monClose": "2200", "tueOpen": "0730", "tueClose": "2200", "wedOpen": "0730", "wedClose": "2200", "thuOpen": "0730", "thuClose": "2200", "friOpen": "0730", "friClose": "2200", "satOpen": "0900", "satClose": "1800", "sunOpen": "1200", "sunClose": "1800", "amenities": "WRT_FNT:ACCESS", "notes": "None", "eligibility": "None" }, "geometry": { "type": "MultiPoint", "coordinates": [ [ -79.374479, 43.667797 ] ] } },
{ "type": "Feature", "properties": { "_id": 29, "locationId": 436, "locationTypeCode": "COOL_LOCN", "locationTypeDesc": "Cooling Location", "locationCode": "LIBRARY", "locationDesc": "Library", "locationName": "Main Street Public Library", "address": "137 Main St", "phone": "416-393-7700", "url": "https://www.torontopubliclibrary.ca/detail.jsp?R=LIB062", "imageUrl": "None", "monOpen": "0900", "monClose": "2030", "tueOpen": "0900", "tueClose": "2030", "wedOpen": "0900", "wedClose": "2030", "thuOpen": "0900", "thuClose": "2030", "friOpen": "0900", "friClose": "1700", "satOpen": "0900", "satClose": "1700", "sunOpen": "1200", "sunClose": "1700", "amenities": "WASHROOMS:WI_FI:ACCESS", "notes": "None", "eligibility": "None" }, "geometry": { "type": "MultiPoint", "coordinates": [ [ -79.29947, 43.683372 ] ] } },
{ "type": "Feature", "properties": { "_id": 30, "locationId": 556, "locationTypeCode": "COOL_LOCN", "locationTypeDesc": "Cooling Location", "locationCode": "COMM_CNTR", "locationDesc": "Community Centre", "locationName": "Warden Hilltop Community Centre", "address": "25 Mendelssohn St", "phone": "416-392-7640", "url": "https://www.toronto.ca/data/parks/prd/facilities/complex/1865/index.html", "imageUrl": "None", "monOpen": "0900", "monClose": "1700", "tueOpen": "0900", "tueClose": "1700", "wedOpen": "0900", "wedClose": "1700", "thuOpen": "0900", "thuClose": "1700", "friOpen": "0900", "friClose": "1700", "satOpen": "CLOSED", "satClose": "CLOSED", "sunOpen": "CLOSED", "sunClose": "CLOSED", "amenities": "WRT_FNT:ACCESS", "notes": "None", "eligibility": "None" }, "geometry": { "type": "MultiPoint", "coordinates": [ [ -79.280489, 43.714903 ] ] } },
{ "type": "Feature", "properties": { "_id": 31, "locationId": 435, "locationTypeCode": "COOL_LOCN", "locationTypeDesc": "Cooling Location", "locationCode": "LIBRARY", "locationDesc": "Library", "locationName": "Long Branch Public Library", "address": "3500 Lake Shore Blvd W", "phone": "416-394-5320", "url": "https://www.torontopubliclibrary.ca/detail.jsp?R=LIB061", "imageUrl": "None", "monOpen": "Closed", "monClose": "Closed", "tueOpen": "1230", "tueClose": "2030", "wedOpen": "1000", "wedClose": "1800", "thuOpen": "1230", "thuClose": "2030", "friOpen": "1000", "friClose": "1800", "satOpen": "0900", "satClose": "1700", "sunOpen": "1200", "sunClose": "1700", "amenities": "WASHROOMS:WI_FI:ACCESS", "notes": "None", "eligibility": "None" }, "geometry": { "type": "MultiPoint", "coordinates": [ [ -79.531325, 43.595314 ] ] } },
{ "type": "Feature", "properties": { "_id": 32, "locationId": 562, "locationTypeCode": "COOL_CNTR", "locationTypeDesc": "Cooling Centre", "locationCode": "CVC_CNTR", "locationDesc": "Civic Centre", "locationName": "Metro Hall", "address": "55 John Street", "phone": "311", "url": "https://www.toronto.ca/services-payments/venues-facilities-bookings/booking-city-facilities/civic-centres/", "imageUrl": "None", "monOpen": "0800", "monClose": "1800", "tueOpen": "0800", "tueClose": "1800", "wedOpen": "0800", "wedClose": "1800", "thuOpen": "0800", "thuClose": "1800", "friOpen": "0800", "friClose": "1800", "satOpen": "CLOSED", "satClose": "CLOSED", "sunOpen": "CLOSED", "sunClose": "CLOSED", "amenities": "WASHROOMS", "notes": "None", "eligibility": "None" }, "geometry": { "type": "MultiPoint", "coordinates": [ [ -79.389133, 43.646029 ] ] } },
{ "type": "Feature", "properties": { "_id": 33, "locationId": 441, "locationTypeCode": "COOL_LOCN", "locationTypeDesc": "Cooling Location", "locationCode": "LIBRARY", "locationDesc": "Library", "locationName": "Mimico Centennial Public Library", "address": "47 Station Rd", "phone": "416-394-5330", "url": "https://www.torontopubliclibrary.ca/detail.jsp?R=LIB065", "imageUrl": "None", "monOpen": "1000", "monClose": "2030", "tueOpen": "1230", "tueClose": "2030", "wedOpen": "1000", "wedClose": "1800", "thuOpen": "1230", "thuClose": "2030", "friOpen": "1000", "friClose": "1800", "satOpen": "0900", "satClose": "1700", "sunOpen": "1200", "sunClose": "1700", "amenities": "WASHROOMS:WI_FI:ACCESS", "notes": "None", "eligibility": "None" }, "geometry": { "type": "MultiPoint", "coordinates": [ [ -79.493745, 43.614802 ] ] } },
{ "type": "Feature", "properties": { "_id": 34, "locationId": 440, "locationTypeCode": "COOL_LOCN", "locationTypeDesc": "Cooling Location", "locationCode": "LIBRARY", "locationDesc": "Library", "locationName": "McGregor Park Public Library", "address": "2219 Lawrence Ave E", "phone": "416-396-8935", "url": "https://www.torontopubliclibrary.ca/detail.jsp?R=LIB064", "imageUrl": "None", "monOpen": "0900", "monClose": "2030", "tueOpen": "0900", "tueClose": "2030", "wedOpen": "0900", "wedClose": "2030", "thuOpen": "0900", "thuClose": "2030", "friOpen": "0900", "friClose": "1700", "satOpen": "0900", "satClose": "1700", "sunOpen": "1200", "sunClose": "1700", "amenities": "WASHROOMS:WI_FI:ACCESS", "notes": "None", "eligibility": "None" }, "geometry": { "type": "MultiPoint", "coordinates": [ [ -79.281091, 43.747911 ] ] } },
{ "type": "Feature", "properties": { "_id": 35, "locationId": 561, "locationTypeCode": "COOL_CNTR", "locationTypeDesc": "Cooling Centre", "locationCode": "CVC_CNTR", "locationDesc": "Civic Centre", "locationName": "Etobicoke Civic Centre ", "address": "399 The West Mall", "phone": "311", "url": "https://www.toronto.ca/services-payments/venues-facilities-bookings/booking-city-facilities/civic-centres/", "imageUrl": "None", "monOpen": "0800", "monClose": "1800", "tueOpen": "0800", "tueClose": "1800", "wedOpen": "0800", "wedClose": "1800", "thuOpen": "0800", "thuClose": "1800", "friOpen": "0800", "friClose": "1800", "satOpen": "1000", "satClose": "1800", "sunOpen": "CLOSED", "sunClose": "CLOSED", "amenities": "WASHROOMS:WRT_FNT:ACCESS", "notes": "None", "eligibility": "None" }, "geometry": { "type": "MultiPoint", "coordinates": [ [ -79.566094, 43.643502 ] ] } },
{ "type": "Feature", "properties": { "_id": 36, "locationId": 560, "locationTypeCode": "COOL_CNTR", "locationTypeDesc": "Cooling Centre", "locationCode": "CVC_CNTR", "locationDesc": "Civic Centre", "locationName": "East York Civic Centre", "address": "850 Coxwell Avenue", "phone": "311", "url": "https://www.toronto.ca/services-payments/venues-facilities-bookings/booking-city-facilities/civic-centres/", "imageUrl": "None", "monOpen": "0800", "monClose": "1800", "tueOpen": "0800", "tueClose": "1800", "wedOpen": "0800", "wedClose": "1800", "thuOpen": "0800", "thuClose": "1800", "friOpen": "0800", "friClose": "1800", "satOpen": "1000", "satClose": "1800", "sunOpen": "CLOSED", "sunClose": "CLOSED", "amenities": "WASHROOMS", "notes": "None", "eligibility": "None" }, "geometry": { "type": "MultiPoint", "coordinates": [ [ -79.328354, 43.691227 ] ] } },
{ "type": "Feature", "properties": { "_id": 37, "locationId": 680, "locationTypeCode": "COOL_LOCN", "locationTypeDesc": "Cooling Location", "locationCode": "INDOOR_POOL", "locationDesc": "Indoor Pool", "locationName": "Parkdale Community Recreation Centre", "address": "75 Lansdowne Ave", "phone": "416-392-6696", "url": "https://www.toronto.ca/data/parks/prd/facilities/complex/243/index.html", "imageUrl": "None", "monOpen": "1500", "monClose": "2100", "tueOpen": "1500", "tueClose": "2100", "wedOpen": "1500", "wedClose": "2100", "thuOpen": "1500", "thuClose": "2100", "friOpen": "1500", "friClose": "2100", "satOpen": "0900", "satClose": "1730", "sunOpen": "0900", "sunClose": "1730", "amenities": "WASHROOMS:SHOWERS:POOL", "notes": "None", "eligibility": "None" }, "geometry": { "type": "MultiPoint", "coordinates": [ [ -79.437478, 43.643443 ] ] } },
{ "type": "Feature", "properties": { "_id": 38, "locationId": 439, "locationTypeCode": "COOL_LOCN", "locationTypeDesc": "Cooling Location", "locationCode": "LIBRARY", "locationDesc": "Library", "locationName": "Maryvale Public Library", "address": "Parkway Mall, 85 Ellesmere Rd", "phone": "416-396-8931", "url": "https://www.torontopubliclibrary.ca/detail.jsp?R=LIB063", "imageUrl": "None", "monOpen": "1000", "monClose": "2030", "tueOpen": "1230", "tueClose": "2030", "wedOpen": "1000", "wedClose": "1800", "thuOpen": "1230", "thuClose": "2030", "friOpen": "1000", "friClose": "1800", "satOpen": "0900", "satClose": "1700", "sunOpen": "1200", "sunClose": "1700", "amenities": "WASHROOMS:WI_FI:ACCESS", "notes": "None", "eligibility": "None" }, "geometry": { "type": "MultiPoint", "coordinates": [ [ -79.312411, 43.757096 ] ] } },
{ "type": "Feature", "properties": { "_id": 39, "locationId": 559, "locationTypeCode": "COOL_LOCN", "locationTypeDesc": "Cooling Location", "locationCode": "INDOOR_POOL", "locationDesc": "Indoor Pool", "locationName": "York Recreation Centre", "address": "115 Black Creek Dr", "phone": "416-392-9675", "url": "https://www.toronto.ca/data/parks/prd/facilities/complex/3501/index.html", "imageUrl": "None", "monOpen": "0700", "monClose": "2200", "tueOpen": "0700", "tueClose": "2200", "wedOpen": "0700", "wedClose": "2200", "thuOpen": "0700", "thuClose": "2200", "friOpen": "0700", "friClose": "2200", "satOpen": "0700", "satClose": "2000", "sunOpen": "0700", "sunClose": "2000", "amenities": "WASHROOMS:SHOWERS:WRT_FNT:WI_FI:ACCESS:POOL", "notes": "None", "eligibility": "None" }, "geometry": { "type": "MultiPoint", "coordinates": [ [ -79.482014, 43.687837 ] ] } },
{ "type": "Feature", "properties": { "_id": 40, "locationId": 445, "locationTypeCode": "COOL_LOCN", "locationTypeDesc": "Cooling Location", "locationCode": "LIBRARY", "locationDesc": "Library", "locationName": "New Toronto Public Library", "address": "110 Eleventh St", "phone": "416-394-5350", "url": "https://www.torontopubliclibrary.ca/detail.jsp?R=LIB069", "imageUrl": "None", "monOpen": "Closed", "monClose": "Closed", "tueOpen": "1000", "tueClose": "1800", "wedOpen": "1230", "wedClose": "2030", "thuOpen": "1230", "thuClose": "2030", "friOpen": "1000", "friClose": "1800", "satOpen": "0900", "satClose": "1700", "sunOpen": "1200", "sunClose": "1700", "amenities": "WASHROOMS:WI_FI:ACCESS", "notes": "None", "eligibility": "None" }, "geometry": { "type": "MultiPoint", "coordinates": [ [ -79.509733, 43.599245 ] ] } },
{ "type": "Feature", "properties": { "_id": 41, "locationId": 444, "locationTypeCode": "COOL_LOCN", "locationTypeDesc": "Cooling Location", "locationCode": "LIBRARY", "locationDesc": "Library", "locationName": "Mount Pleasant Public Library", "address": "599 Mt. Pleasant Rd", "phone": "416-393-7737", "url": "https://www.torontopubliclibrary.ca/detail.jsp?R=LIB068", "imageUrl": "None", "monOpen": "CLOSED", "monClose": "CLOSED", "tueOpen": "1230", "tueClose": "2030", "wedOpen": "1000", "wedClose": "1800", "thuOpen": "1230", "thuClose": "2030", "friOpen": "1000", "friClose": "1800", "satOpen": "0900", "satClose": "1700", "sunOpen": "1200", "sunClose": "1700", "amenities": "WASHROOMS:WI_FI:ACCESS", "notes": "None", "eligibility": "None" }, "geometry": { "type": "MultiPoint", "coordinates": [ [ -79.388045, 43.703967 ] ] } },
{ "type": "Feature", "properties": { "_id": 42, "locationId": 564, "locationTypeCode": "COOL_CNTR", "locationTypeDesc": "Cooling Centre", "locationCode": "CVC_CNTR", "locationDesc": "Civic Centre", "locationName": "Scarborough Civic Centre ", "address": "150 Borough Dr", "phone": "311", "url": "https://www.toronto.ca/data/parks/prd/facilities/complex/1099/index.html", "imageUrl": "None", "monOpen": "0800", "monClose": "1800", "tueOpen": "0800", "tueClose": "1800", "wedOpen": "0800", "wedClose": "1800", "thuOpen": "0800", "thuClose": "1800", "friOpen": "0800", "friClose": "1800", "satOpen": "1000", "satClose": "1800", "sunOpen": "CLOSED", "sunClose": "CLOSED", "amenities": "WASHROOMS:WRT_FNT:WI_FI:ACCESS", "notes": "None", "eligibility": "None" }, "geometry": { "type": "MultiPoint", "coordinates": [ [ -79.2577, 43.7729 ] ] } },
{ "type": "Feature", "properties": { "_id": 43, "locationId": 443, "locationTypeCode": "COOL_LOCN", "locationTypeDesc": "Cooling Location", "locationCode": "LIBRARY", "locationDesc": "Library", "locationName": "Mount Dennis Public Library", "address": "1123 Won Rd", "phone": "416-394-1008", "url": "https://www.torontopubliclibrary.ca/detail.jsp?R=LIB067", "imageUrl": "None", "monOpen": "0900", "monClose": "2030", "tueOpen": "0900", "tueClose": "2030", "wedOpen": "0900", "wedClose": "2030", "thuOpen": "0900", "thuClose": "2030", "friOpen": "0900", "friClose": "2030", "satOpen": "0900", "satClose": "1700", "sunOpen": "1200", "sunClose": "1700", "amenities": "WASHROOMS:WI_FI:ACCESS", "notes": "None", "eligibility": "None" }, "geometry": { "type": "MultiPoint", "coordinates": [ [ -79.488225, 43.68664 ] ] } },
{ "type": "Feature", "properties": { "_id": 44, "locationId": 563, "locationTypeCode": "COOL_CNTR", "locationTypeDesc": "Cooling Centre", "locationCode": "CVC_CNTR", "locationDesc": "Civic Centre", "locationName": "North York Civic Centre", "address": "5100 Yonge Street", "phone": "311", "url": "https://www.toronto.ca/services-payments/venues-facilities-bookings/booking-city-facilities/civic-centres/", "imageUrl": "None", "monOpen": "0800", "monClose": "1700", "tueOpen": "0800", "tueClose": "1700", "wedOpen": "0800", "wedClose": "1700", "thuOpen": "0800", "thuClose": "1700", "friOpen": "0800", "friClose": "1700", "satOpen": "CLOSED", "satClose": "CLOSED", "sunOpen": "CLOSED", "sunClose": "CLOSED", "amenities": "WASHROOMS:WRT_FNT:WI_FI:ACCESS", "notes": "None", "eligibility": "None" }, "geometry": { "type": "MultiPoint", "coordinates": [ [ -79.414759, 43.767328 ] ] } },
{ "type": "Feature", "properties": { "_id": 45, "locationId": 442, "locationTypeCode": "COOL_LOCN", "locationTypeDesc": "Cooling Location", "locationCode": "LIBRARY", "locationDesc": "Library", "locationName": "Morningside Public Library", "address": "4279 Lawrence Ave E", "phone": "416-396-8881", "url": "https://www.torontopubliclibrary.ca/detail.jsp?R=LIB066", "imageUrl": "None", "monOpen": "0900", "monClose": "2030", "tueOpen": "0900", "tueClose": "2030", "wedOpen": "0900", "wedClose": "2030", "thuOpen": "0900", "thuClose": "2030", "friOpen": "0900", "friClose": "1700", "satOpen": "0900", "satClose": "1700", "sunOpen": "1200", "sunClose": "1700", "amenities": "WASHROOMS:WI_FI:ACCESS", "notes": "None", "eligibility": "None" }, "geometry": { "type": "MultiPoint", "coordinates": [ [ -79.178447, 43.769862 ] ] } },
{ "type": "Feature", "properties": { "_id": 46, "locationId": 449, "locationTypeCode": "COOL_LOCN", "locationTypeDesc": "Cooling Location", "locationCode": "LIBRARY", "locationDesc": "Library", "locationName": "Oakwood Village Library and Arts Centre", "address": "341 Oakwood Ave", "phone": "416-394-1040", "url": "https://www.torontopubliclibrary.ca/detail.jsp?R=LIB071", "imageUrl": "None", "monOpen": "1000", "monClose": "2030", "tueOpen": "1230", "tueClose": "2030", "wedOpen": "1000", "wedClose": "1800", "thuOpen": "1230", "thuClose": "2030", "friOpen": "1000", "friClose": "1800", "satOpen": "0900", "satClose": "1700", "sunOpen": "1200", "sunClose": "1700", "amenities": "WASHROOMS:WI_FI:ACCESS", "notes": "None", "eligibility": "None" }, "geometry": { "type": "MultiPoint", "coordinates": [ [ -79.438155, 43.686584 ] ] } },
{ "type": "Feature", "properties": { "_id": 47, "locationId": 448, "locationTypeCode": "COOL_LOCN", "locationTypeDesc": "Cooling Location", "locationCode": "LIBRARY", "locationDesc": "Library", "locationName": "Northern Elms Public Library", "address": "123B Rexdale Blvd", "phone": "416-394-5230", "url": "https://www.torontopubliclibrary.ca/detail.jsp?R=LIB070", "imageUrl": "None", "monOpen": "1000", "monClose": "2030", "tueOpen": "1230", "tueClose": "2030", "wedOpen": "1000", "wedClose": "1800", "thuOpen": "1230", "thuClose": "2030", "friOpen": "1000", "friClose": "1800", "satOpen": "0900", "satClose": "1700", "sunOpen": "1200", "sunClose": "1700", "amenities": "WASHROOMS:WI_FI:ACCESS", "notes": "None", "eligibility": "None" }, "geometry": { "type": "MultiPoint", "coordinates": [ [ -79.565244, 43.711384 ] ] } },
{ "type": "Feature", "properties": { "_id": 48, "locationId": 569, "locationTypeCode": "COOL_LOCN", "locationTypeDesc": "Cooling Location", "locationCode": "OUTDOOR_POOL", "locationDesc": "Outdoor Pool", "locationName": "Monarch Park Outdoor Pool ", "address": "115 Felstead Ave", "phone": "416-338-0889", "url": "https://www.toronto.ca/data/parks/prd/facilities/complex/145/index.html#tab=dropin", "imageUrl": "None", "monOpen": "1200", "monClose": "2000", "tueOpen": "1200", "tueClose": "2000", "wedOpen": "1200", "wedClose": "2000", "thuOpen": "1200", "thuClose": "2000", "friOpen": "1200", "friClose": "2000", "satOpen": "1200", "satClose": "2000", "sunOpen": "1200", "sunClose": "2000", "amenities": "WASHROOMS:SHOWERS:WRT_FNT:ACCESS:POOL", "notes": "None", "eligibility": "None" }, "geometry": { "type": "MultiPoint", "coordinates": [ [ -79.326098, 43.67881 ] ] } },
{ "type": "Feature", "properties": { "_id": 49, "locationId": 447, "locationTypeCode": "COOL_LOCN", "locationTypeDesc": "Cooling Location", "locationCode": "LIBRARY", "locationDesc": "Library", "locationName": "Northern District Public Library", "address": "40 Orchard View Blvd", "phone": "416-393-7610", "url": "https://www.torontopubliclibrary.ca/detail.jsp?R=LIB014", "imageUrl": "None", "monOpen": "0900", "monClose": "2030", "tueOpen": "0900", "tueClose": "2030", "wedOpen": "0900", "wedClose": "2030", "thuOpen": "0900", "thuClose": "2030", "friOpen": "0900", "friClose": "2030", "satOpen": "0900", "satClose": "1700", "sunOpen": "1200", "sunClose": "1700", "amenities": "WASHROOMS:WI_FI:ACCESS", "notes": "None", "eligibility": "None" }, "geometry": { "type": "MultiPoint", "coordinates": [ [ -79.400067, 43.708278 ] ] } },
{ "type": "Feature", "properties": { "_id": 50, "locationId": 568, "locationTypeCode": "COOL_LOCN", "locationTypeDesc": "Cooling Location", "locationCode": "OUTDOOR_POOL", "locationDesc": "Outdoor Pool", "locationName": "McGregor Park Community Centre Pool", "address": "2231 Lawrence Ave E", "phone": "416-396-4023", "url": "https://www.toronto.ca/data/parks/prd/facilities/complex/506/index.html#tab=dropin", "imageUrl": "None", "monOpen": "1200", "monClose": "2000", "tueOpen": "1200", "tueClose": "2000", "wedOpen": "1200", "wedClose": "2000", "thuOpen": "1200", "thuClose": "2000", "friOpen": "1200", "friClose": "2000", "satOpen": "1200", "satClose": "2000", "sunOpen": "1200", "sunClose": "2000", "amenities": "WASHROOMS:SHOWERS:POOL", "notes": "None", "eligibility": "None" }, "geometry": { "type": "MultiPoint", "coordinates": [ [ -79.280149, 43.747629 ] ] } },
{ "type": "Feature", "properties": { "_id": 51, "locationId": 446, "locationTypeCode": "COOL_LOCN", "locationTypeDesc": "Cooling Location", "locationCode": "LIBRARY", "locationDesc": "Library", "locationName": "North York Central Library Public Library", "address": "5120 Yonge St", "phone": "416-395-5535", "url": "https://www.torontopubliclibrary.ca/detail.jsp?R=LIB01", "imageUrl": "None", "monOpen": "0900", "monClose": "2030", "tueOpen": "0900", "tueClose": "2030", "wedOpen": "0900", "wedClose": "2030", "thuOpen": "0900", "thuClose": "2030", "friOpen": "0900", "friClose": "2030", "satOpen": "0900", "satClose": "1700", "sunOpen": "1200", "sunClose": "1700", "amenities": "WASHROOMS:WI_FI:ACCESS", "notes": "None", "eligibility": "None" }, "geometry": { "type": "MultiPoint", "coordinates": [ [ -79.4141, 43.768204 ] ] } },
{ "type": "Feature", "properties": { "_id": 52, "locationId": 567, "locationTypeCode": "COOL_LOCN", "locationTypeDesc": "Cooling Location", "locationCode": "OUTDOOR_POOL", "locationDesc": "Outdoor Pool", "locationName": "Giovanni Caboto Park Pool ", "address": "1369 St Clair Ave W", "phone": "416-392-7762", "url": "https://www.toronto.ca/data/parks/prd/facilities/complex/1068/index.html", "imageUrl": "None", "monOpen": "1200", "monClose": "2000", "tueOpen": "1200", "tueClose": "2000", "wedOpen": "1200", "wedClose": "2000", "thuOpen": "1200", "thuClose": "2000", "friOpen": "1200", "friClose": "2000", "satOpen": "1200", "satClose": "2000", "sunOpen": "1200", "sunClose": "2000", "amenities": "WASHROOMS:SHOWERS:WRT_FNT:ACCESS:POOL", "notes": "None", "eligibility": "None" }, "geometry": { "type": "MultiPoint", "coordinates": [ [ -79.451657, 43.675653 ] ] } },
{ "type": "Feature", "properties": { "_id": 53, "locationId": 452, "locationTypeCode": "COOL_LOCN", "locationTypeDesc": "Cooling Location", "locationCode": "LIBRARY", "locationDesc": "Library", "locationName": "Parkdale Public Library", "address": "1303 Queen St W", "phone": "416-393-7686", "url": "https://www.torontopubliclibrary.ca/detail.jsp?R=LIB073", "imageUrl": "None", "monOpen": "0900", "monClose": "2030", "tueOpen": "0900", "tueClose": "2030", "wedOpen": "0900", "wedClose": "2030", "thuOpen": "0900", "thuClose": "2030", "friOpen": "0900", "friClose": "2030", "satOpen": "0900", "satClose": "1700", "sunOpen": "1200", "sunClose": "1700", "amenities": "WASHROOMS:WI_FI:ACCESS", "notes": "None", "eligibility": "None" }, "geometry": { "type": "MultiPoint", "coordinates": [ [ -79.432651, 43.641151 ] ] } },
{ "type": "Feature", "properties": { "_id": 54, "locationId": 573, "locationTypeCode": "COOL_LOCN", "locationTypeDesc": "Cooling Location", "locationCode": "MALL", "locationDesc": "Mall", "locationName": "Eaton Centre ", "address": "220 Yonge Street", "phone": "416-598-8560", "url": "https://www.cfshops.com/toronto-eaton-centre.html", "imageUrl": "None", "monOpen": "1000", "monClose": "2100", "tueOpen": "1000", "tueClose": "2100", "wedOpen": "1000", "wedClose": "2100", "thuOpen": "1000", "thuClose": "2100", "friOpen": "1000", "friClose": "2100", "satOpen": "0930", "satClose": "2100", "sunOpen": "1100", "sunClose": "1900", "amenities": "WASHROOMS:WRT_FNT:WI_FI:ACCESS", "notes": "None", "eligibility": "None" }, "geometry": { "type": "MultiPoint", "coordinates": [ [ -79.3807, 43.6544 ] ] } },
{ "type": "Feature", "properties": { "_id": 55, "locationId": 572, "locationTypeCode": "COOL_LOCN", "locationTypeDesc": "Cooling Location", "locationCode": "OUTDOOR_POOL", "locationDesc": "Outdoor Pool", "locationName": "Sunnyside Gus Ryder Outdoor Pool  ", "address": "1755 Lakeshore Blvd W", "phone": "416-392-7915", "url": "https://www.toronto.ca/data/parks/prd/facilities/complex/433/index.html#tab=dropin", "imageUrl": "None", "monOpen": "1200", "monClose": "2000", "tueOpen": "1200", "tueClose": "2000", "wedOpen": "1200", "wedClose": "2000", "thuOpen": "1200", "thuClose": "2000", "friOpen": "1200", "friClose": "2000", "satOpen": "1200", "satClose": "2000", "sunOpen": "1200", "sunClose": "2000", "amenities": "WASHROOMS:SHOWERS:WRT_FNT:ACCESS:POOL", "notes": "None", "eligibility": "None" }, "geometry": { "type": "MultiPoint", "coordinates": [ [ -79.457433, 43.637709 ] ] } },
{ "type": "Feature", "properties": { "_id": 56, "locationId": 693, "locationTypeCode": "COOL_LOCN", "locationTypeDesc": "Cooling Location", "locationCode": "COMM_CNTR", "locationDesc": "Community Centre", "locationName": "Trinity Community Recreation Centre", "address": "155 CRAWFORD ST", "phone": "416-392-0743", "url": "https://www.toronto.ca/data/parks/prd/facilities/complex/287/index.html", "imageUrl": "None", "monOpen": "0800", "monClose": "2100", "tueOpen": "0800", "tueClose": "2100", "wedOpen": "0800", "wedClose": "2100", "thuOpen": "0800", "thuClose": "2100", "friOpen": "0800", "friClose": "2100", "satOpen": "0900", "satClose": "2000", "sunOpen": "0900", "sunClose": "1700", "amenities": "None", "notes": "None", "eligibility": "None" }, "geometry": { "type": "MultiPoint", "coordinates": [ [ -79.414973, 43.646444 ] ] } },
{ "type": "Feature", "properties": { "_id": 57, "locationId": 451, "locationTypeCode": "COOL_LOCN", "locationTypeDesc": "Cooling Location", "locationCode": "LIBRARY", "locationDesc": "Library", "locationName": "Pape/Danforth Public Library", "address": "701 Pape Ave", "phone": "416-393-7727", "url": "https://www.torontopubliclibrary.ca/detail.jsp?R=LIB015", "imageUrl": "None", "monOpen": "0900", "monClose": "2030", "tueOpen": "0900", "tueClose": "2030", "wedOpen": "0900", "wedClose": "2030", "thuOpen": "0900", "thuClose": "2030", "friOpen": "0900", "friClose": "2030", "satOpen": "0900", "satClose": "1700", "sunOpen": "1200", "sunClose": "1700", "amenities": "WASHROOMS:WI_FI:ACCESS", "notes": "None", "eligibility": "None" }, "geometry": { "type": "MultiPoint", "coordinates": [ [ -79.344443, 43.678641 ] ] } },
{ "type": "Feature", "properties": { "_id": 58, "locationId": 692, "locationTypeCode": "COOL_LOCN", "locationTypeDesc": "Cooling Location", "locationCode": "INDOOR_POOL", "locationDesc": "Indoor Pool", "locationName": "Swansea Community Recreation Centre", "address": "15 Waller Ave", "phone": "416-392-6796", "url": "https://www.toronto.ca/data/parks/prd/facilities/complex/282/index.html", "imageUrl": "None", "monOpen": "0830", "monClose": "2200", "tueOpen": "0830", "tueClose": "2200", "wedOpen": "0830", "wedClose": "2200", "thuOpen": "0830", "thuClose": "2200", "friOpen": "0830", "friClose": "2200", "satOpen": "0830", "satClose": "1700", "sunOpen": "0900", "sunClose": "1730", "amenities": "WASHROOMS:SHOWERS:POOL:GYM", "notes": "None", "eligibility": "None" }, "geometry": { "type": "MultiPoint", "coordinates": [ [ -79.477022, 43.643866 ] ] } },
{ "type": "Feature", "properties": { "_id": 59, "locationId": 450, "locationTypeCode": "COOL_LOCN", "locationTypeDesc": "Cooling Location", "locationCode": "LIBRARY", "locationDesc": "Library", "locationName": "Palmerston Public Library", "address": "560 Palmerston Ave", "phone": "416-393-7680", "url": "https://www.torontopubliclibrary.ca/detail.jsp?R=LIB072", "imageUrl": "None", "monOpen": "1000", "monClose": "2030", "tueOpen": "1230", "tueClose": "2030", "wedOpen": "1000", "wedClose": "1800", "thuOpen": "1230", "thuClose": "2030", "friOpen": "1000", "friClose": "1800", "satOpen": "0900", "satClose": "1700", "sunOpen": "1200", "sunClose": "1700", "amenities": "WASHROOMS:WI_FI:ACCESS", "notes": "None", "eligibility": "None" }, "geometry": { "type": "MultiPoint", "coordinates": [ [ -79.414188, 43.665102 ] ] } },
{ "type": "Feature", "properties": { "_id": 60, "locationId": 571, "locationTypeCode": "COOL_LOCN", "locationTypeDesc": "Cooling Location", "locationCode": "OUTDOOR_POOL", "locationDesc": "Outdoor Pool", "locationName": "Smithfield Park Outdoor Pool ", "address": "175 Mount Olive Drive", "phone": "416-394-8495", "url": "https://www.toronto.ca/data/parks/prd/facilities/complex/895/index.html#tab=dropin", "imageUrl": "None", "monOpen": "1200", "monClose": "2000", "tueOpen": "1200", "tueClose": "2000", "wedOpen": "1200", "wedClose": "2000", "thuOpen": "1200", "thuClose": "2000", "friOpen": "1200", "friClose": "2000", "satOpen": "1200", "satClose": "2000", "sunOpen": "1200", "sunClose": "2000", "amenities": "WASHROOMS:SHOWERS:WRT_FNT:ACCESS:POOL", "notes": "None", "eligibility": "None" }, "geometry": { "type": "MultiPoint", "coordinates": [ [ -79.595446, 43.747769 ] ] } },
{ "type": "Feature", "properties": { "_id": 61, "locationId": 570, "locationTypeCode": "COOL_LOCN", "locationTypeDesc": "Cooling Location", "locationCode": "OUTDOOR_POOL", "locationDesc": "Outdoor Pool", "locationName": "Parkway Forest Outdoor Pool ", "address": "59 Forest Manor Rd", "phone": "416-392-0945", "url": "https://www.toronto.ca/data/parks/prd/facilities/complex/3559/index.html#tab=dropin", "imageUrl": "None", "monOpen": "1200", "monClose": "2000", "tueOpen": "1200", "tueClose": "2000", "wedOpen": "1200", "wedClose": "2000", "thuOpen": "1200", "thuClose": "2000", "friOpen": "1200", "friClose": "2000", "satOpen": "1200", "satClose": "2000", "sunOpen": "1200", "sunClose": "2000", "amenities": "WASHROOMS:SHOWERS:ACCESS:POOL", "notes": "None", "eligibility": "None" }, "geometry": { "type": "MultiPoint", "coordinates": [ [ -79.341341, 43.771704 ] ] } },
{ "type": "Feature", "properties": { "_id": 62, "locationId": 456, "locationTypeCode": "COOL_LOCN", "locationTypeDesc": "Cooling Location", "locationCode": "LIBRARY", "locationDesc": "Library", "locationName": "Port Union Public Library", "address": "5450 Lawrence Ave E", "phone": "416-396-8885", "url": "https://www.torontopubliclibrary.ca/detail.jsp?R=LIB077", "imageUrl": "None", "monOpen": "1000", "monClose": "2030", "tueOpen": "1230", "tueClose": "2030", "wedOpen": "1000", "wedClose": "1800", "thuOpen": "1230", "thuClose": "2030", "friOpen": "1000", "friClose": "1800", "satOpen": "0900", "satClose": "1700", "sunOpen": "1200", "sunClose": "1700", "amenities": "WASHROOMS:WI_FI:ACCESS", "notes": "None", "eligibility": "None" }, "geometry": { "type": "MultiPoint", "coordinates": [ [ -79.140291, 43.779665 ] ] } },
{ "type": "Feature", "properties": { "_id": 63, "locationId": 697, "locationTypeCode": "COOL_LOCN", "locationTypeDesc": "Cooling Location", "locationCode": "INDOOR_POOL", "locationDesc": "Indoor Pool", "locationName": "Wallace Emerson Community Centre", "address": "1260 DUFFERIN ST", "phone": "416-392-0039", "url": "https://www.toronto.ca/data/parks/prd/facilities/complex/294/index.html", "imageUrl": "None", "monOpen": "0700", "monClose": "2100", "tueOpen": "0700", "tueClose": "2100", "wedOpen": "0700", "wedClose": "2100", "thuOpen": "0700", "thuClose": "2100", "friOpen": "0700", "friClose": "2100", "satOpen": "0900", "satClose": "1700", "sunOpen": "0900", "sunClose": "1700", "amenities": "WASHROOMS:SHOWERS:POOL", "notes": "None", "eligibility": "None" }, "geometry": { "type": "MultiPoint", "coordinates": [ [ -79.439097, 43.667441 ] ] } },
{ "type": "Feature", "properties": { "_id": 64, "locationId": 453, "locationTypeCode": "COOL_LOCN", "locationTypeDesc": "Cooling Location", "locationCode": "LIBRARY", "locationDesc": "Library", "locationName": "Parliament Street Public Library", "address": "269 Gerrard St E", "phone": "416-393-7663", "url": "https://www.torontopubliclibrary.ca/detail.jsp?R=LIB074", "imageUrl": "None", "monOpen": "0900", "monClose": "2030", "tueOpen": "0900", "tueClose": "2030", "wedOpen": "0900", "wedClose": "2030", "thuOpen": "0900", "thuClose": "2030", "friOpen": "0900", "friClose": "2030", "satOpen": "0900", "satClose": "1700", "sunOpen": "1200", "sunClose": "1700", "amenities": "WASHROOMS:WI_FI:ACCESS", "notes": "None", "eligibility": "None" }, "geometry": { "type": "MultiPoint", "coordinates": [ [ -79.367958, 43.661838 ] ] } },
{ "type": "Feature", "properties": { "_id": 65, "locationId": 574, "locationTypeCode": "COOL_LOCN", "locationTypeDesc": "Cooling Location", "locationCode": "MALL", "locationDesc": "Mall", "locationName": "Fairview Mall", "address": "1800 Sheppard Ave. East", "phone": "416-491-0151", "url": "https://www.cfshops.com/fairview-mall.html", "imageUrl": "None", "monOpen": "1000", "monClose": "2100", "tueOpen": "1000", "tueClose": "2100", "wedOpen": "1000", "wedClose": "2100", "thuOpen": "1000", "thuClose": "2100", "friOpen": "1000", "friClose": "2100", "satOpen": "1000", "satClose": "2100", "sunOpen": "1100", "sunClose": "1900", "amenities": "WASHROOMS:WRT_FNT:WI_FI:ACCESS", "notes": "None", "eligibility": "None" }, "geometry": { "type": "MultiPoint", "coordinates": [ [ -79.3442, 43.778 ] ] } },
{ "type": "Feature", "properties": { "_id": 66, "locationId": 582, "locationTypeCode": "COOL_LOCN", "locationTypeDesc": "Cooling Location", "locationCode": "YMCA", "locationDesc": "YMCA location", "locationName": "North York YMCA Centre", "address": "567 Sheppard Avenue East", "phone": "416-225-7773", "url": "https://ymcagta.org/find-a-y/toronto-sheppard-ave-ymca-centre", "imageUrl": "None", "monOpen": "1200", "monClose": "2200", "tueOpen": "1200", "tueClose": "2200", "wedOpen": "1200", "wedClose": "2200", "thuOpen": "1200", "thuClose": "2200", "friOpen": "1200", "friClose": "2200", "satOpen": "1200", "satClose": "2200", "sunOpen": "1200", "sunClose": "2200", "amenities": "WASHROOMS:WRT_FNT:ACCESS:POOL", "notes": "None", "eligibility": "None" }, "geometry": { "type": "MultiPoint", "coordinates": [ [ -79.389, 43.7656 ] ] } },
{ "type": "Feature", "properties": { "_id": 67, "locationId": 460, "locationTypeCode": "COOL_LOCN", "locationTypeDesc": "Cooling Location", "locationCode": "LIBRARY", "locationDesc": "Library", "locationName": "Riverdale Public Library", "address": "370 Broadview Ave", "phone": "416-393-7720", "url": "https://www.torontopubliclibrary.ca/detail.jsp?R=LIB080", "imageUrl": "None", "monOpen": "0900", "monClose": "2030", "tueOpen": "0900", "tueClose": "2030", "wedOpen": "0900", "wedClose": "2030", "thuOpen": "0900", "thuClose": "2030", "friOpen": "0900", "friClose": "1700", "satOpen": "0900", "satClose": "1700", "sunOpen": "1200", "sunClose": "1700", "amenities": "WASHROOMS:WI_FI:ACCESS", "notes": "None", "eligibility": "None" }, "geometry": { "type": "MultiPoint", "coordinates": [ [ -79.35318, 43.665815 ] ] } },
{ "type": "Feature", "properties": { "_id": 68, "locationId": 580, "locationTypeCode": "COOL_LOCN", "locationTypeDesc": "Cooling Location", "locationCode": "YMCA", "locationDesc": "YMCA location", "locationName": "Central YMCA ", "address": "20 Grosvenor Street", "phone": "416-975-9622", "url": "https://ymcagta.org/find-a-y/toronto-central-grosvenor-street-ymca-centre#", "imageUrl": "None", "monOpen": "0600", "monClose": "2200", "tueOpen": "0600", "tueClose": "2200", "wedOpen": "0600", "wedClose": "2200", "thuOpen": "0600", "thuClose": "2200", "friOpen": "0600", "friClose": "2200", "satOpen": "0700", "satClose": "2200", "sunOpen": "0700", "sunClose": "2200", "amenities": "SHOWERS:WATER:WRT_FNT:WI_FI:ACCESS:POOL", "notes": "None", "eligibility": "None" }, "geometry": { "type": "MultiPoint", "coordinates": [ [ -79.3872, 43.6633 ] ] } },
{ "type": "Feature", "properties": { "_id": 69, "locationId": 459, "locationTypeCode": "COOL_LOCN", "locationTypeDesc": "Cooling Location", "locationCode": "LIBRARY", "locationDesc": "Library", "locationName": "Richview Public Library", "address": "1806 Islington Ave", "phone": "416-394-5120", "url": "https://www.torontopubliclibrary.ca/detail.jsp?R=LIB016", "imageUrl": "None", "monOpen": "0900", "monClose": "2030", "tueOpen": "0900", "tueClose": "2030", "wedOpen": "0900", "wedClose": "2030", "thuOpen": "0900", "thuClose": "2030", "friOpen": "0900", "friClose": "2030", "satOpen": "0900", "satClose": "1700", "sunOpen": "1200", "sunClose": "1700", "amenities": "WASHROOMS:WI_FI:ACCESS", "notes": "None", "eligibility": "None" }, "geometry": { "type": "MultiPoint", "coordinates": [ [ -79.541125, 43.683433 ] ] } },
{ "type": "Feature", "properties": { "_id": 70, "locationId": 458, "locationTypeCode": "COOL_LOCN", "locationTypeDesc": "Cooling Location", "locationCode": "LIBRARY", "locationDesc": "Library", "locationName": "Rexdale Public Library", "address": "2243 Kipling Ave", "phone": "416-394-5200", "url": "https://www.torontopubliclibrary.ca/detail.jsp?R=LIB079", "imageUrl": "None", "monOpen": "1000", "monClose": "2030", "tueOpen": "1230", "tueClose": "2030", "wedOpen": "1000", "wedClose": "1800", "thuOpen": "1230", "thuClose": "2030", "friOpen": "1000", "friClose": "1800", "satOpen": "0900", "satClose": "1700", "sunOpen": "1200", "sunClose": "1700", "amenities": "WASHROOMS:WI_FI:ACCESS", "notes": "None", "eligibility": "None" }, "geometry": { "type": "MultiPoint", "coordinates": [ [ -79.5732, 43.726161 ] ] } },
{ "type": "Feature", "properties": { "_id": 71, "locationId": 457, "locationTypeCode": "COOL_LOCN", "locationTypeDesc": "Cooling Location", "locationCode": "LIBRARY", "locationDesc": "Library", "locationName": "Queen/Saulter Public Library", "address": "765 Queen St E", "phone": "416-393-7723", "url": "https://www.torontopubliclibrary.ca/detail.jsp?R=LIB078", "imageUrl": "None", "monOpen": "1000", "monClose": "2030", "tueOpen": "1230", "tueClose": "2030", "wedOpen": "1000", "wedClose": "1800", "thuOpen": "1230", "thuClose": "2030", "friOpen": "1000", "friClose": "1800", "satOpen": "0900", "satClose": "1700", "sunOpen": "1200", "sunClose": "1700", "amenities": "WASHROOMS:WI_FI", "notes": "None", "eligibility": "None" }, "geometry": { "type": "MultiPoint", "coordinates": [ [ -79.34758, 43.659196 ] ] } },
{ "type": "Feature", "properties": { "_id": 72, "locationId": 577, "locationTypeCode": "COOL_LOCN", "locationTypeDesc": "Cooling Location", "locationCode": "MALL", "locationDesc": "Mall", "locationName": "Yonge Eglinton Centre ", "address": "2300 Yonge Street", "phone": "416-489-2300", "url": "https://www.yongeeglintoncentre.com/", "imageUrl": "None", "monOpen": "1000", "monClose": "2100", "tueOpen": "1000", "tueClose": "2100", "wedOpen": "1000", "wedClose": "2100", "thuOpen": "1000", "thuClose": "2100", "friOpen": "1000", "friClose": "2100", "satOpen": "0930", "satClose": "1800", "sunOpen": "1200", "sunClose": "1700", "amenities": "WASHROOMS:ACCESS", "notes": "None", "eligibility": "None" }, "geometry": { "type": "MultiPoint", "coordinates": [ [ -79.3995, 43.7072 ] ] } },
{ "type": "Feature", "properties": { "_id": 73, "locationId": 583, "locationTypeCode": "COOL_LOCN", "locationTypeDesc": "Cooling Location", "locationCode": "YMCA", "locationDesc": "YMCA location", "locationName": "Scarborough YMCA ", "address": "230 Town Centre Court", "phone": "416-296-9622", "url": "https://ymcagta.org/find-a-y/toronto-scarborough-town-centre-ct-ymca-centre", "imageUrl": "None", "monOpen": "0600", "monClose": "2200", "tueOpen": "0600", "tueClose": "2200", "wedOpen": "0600", "wedClose": "2200", "thuOpen": "0600", "thuClose": "2200", "friOpen": "0600", "friClose": "2200", "satOpen": "0800", "satClose": "1800", "sunOpen": "0800", "sunClose": "1800", "amenities": "SHOWERS:WATER:WRT_FNT:WI_FI:ACCESS:POOL", "notes": "None", "eligibility": "None" }, "geometry": { "type": "MultiPoint", "coordinates": [ [ -79.2565, 43.7746 ] ] } },
{ "type": "Feature", "properties": { "_id": 74, "locationId": 466, "locationTypeCode": "COOL_LOCN", "locationTypeDesc": "Cooling Location", "locationCode": "LIBRARY", "locationDesc": "Library", "locationName": "St. Clair/Silverthorn Public Library", "address": "1748 St. Clair Ave W", "phone": "416-393-7709", "url": "https://www.torontopubliclibrary.ca/detail.jsp?R=LIB082", "imageUrl": "None", "monOpen": "1000", "monClose": "2030", "tueOpen": "1230", "tueClose": "2030", "wedOpen": "1000", "wedClose": "1800", "thuOpen": "1230", "thuClose": "2030", "friOpen": "1000", "friClose": "1800", "satOpen": "0900", "satClose": "1700", "sunOpen": "1200", "sunClose": "1700", "amenities": "WASHROOMS:WI_FI", "notes": "None", "eligibility": "None" }, "geometry": { "type": "MultiPoint", "coordinates": [ [ -79.460672, 43.674347 ] ] } },
{ "type": "Feature", "properties": { "_id": 75, "locationId": 465, "locationTypeCode": "COOL_LOCN", "locationTypeDesc": "Cooling Location", "locationCode": "LIBRARY", "locationDesc": "Library", "locationName": "Spadina Road Public Library", "address": "10 Spadina Rd", "phone": "416-393-7666", "url": "https://www.torontopubliclibrary.ca/detail.jsp?R=LIB086", "imageUrl": "None", "monOpen": "1000", "monClose": "2030", "tueOpen": "1230", "tueClose": "2030", "wedOpen": "1000", "wedClose": "1800", "thuOpen": "1230", "thuClose": "2030", "friOpen": "1000", "friClose": "1800", "satOpen": "0900", "satClose": "1700", "sunOpen": "1200", "sunClose": "1700", "amenities": "WASHROOMS:WI_FI:ACCESS", "notes": "None", "eligibility": "None" }, "geometry": { "type": "MultiPoint", "coordinates": [ [ -79.404669, 43.667678 ] ] } },
{ "type": "Feature", "properties": { "_id": 76, "locationId": 464, "locationTypeCode": "COOL_LOCN", "locationTypeDesc": "Cooling Location", "locationCode": "LIBRARY", "locationDesc": "Library", "locationName": "Scarborough Civic Centre Public Library", "address": "156 Borough Dr", "phone": "416-396-3599", "url": "https://www.torontopubliclibrary.ca/detail.jsp?R=LIB144", "imageUrl": "None", "monOpen": "0900", "monClose": "2030", "tueOpen": "0900", "tueClose": "2030", "wedOpen": "0900", "wedClose": "2030", "thuOpen": "0900", "thuClose": "2030", "friOpen": "0900", "friClose": "1700", "satOpen": "0900", "satClose": "1700", "sunOpen": "1200", "sunClose": "1700", "amenities": "WASHROOMS:WI_FI:ACCESS", "notes": "None", "eligibility": "None" }, "geometry": { "type": "MultiPoint", "coordinates": [ [ -79.256916, 43.772485 ] ] } },
{ "type": "Feature", "properties": { "_id": 77, "locationId": 584, "locationTypeCode": "COOL_LOCN", "locationTypeDesc": "Cooling Location", "locationCode": "YMCA", "locationDesc": "YMCA location", "locationName": "West End YMCA ", "address": "931 College Street", "phone": "416-536-9622", "url": "https://ymcagta.org/find-a-y/toronto-west-end-college-st-ymca-centre", "imageUrl": "None", "monOpen": "0600", "monClose": "2200", "tueOpen": "0600", "tueClose": "2200", "wedOpen": "0600", "wedClose": "2200", "thuOpen": "0600", "thuClose": "2200", "friOpen": "0600", "friClose": "2200", "satOpen": "0700", "satClose": "2200", "sunOpen": "0700", "sunClose": "2200", "amenities": "WASHROOMS:WRT_FNT:ACCESS:POOL", "notes": "None", "eligibility": "None" }, "geometry": { "type": "MultiPoint", "coordinates": [ [ -79.4281, 43.6534 ] ] } },
{ "type": "Feature", "properties": { "_id": 78, "locationId": 463, "locationTypeCode": "COOL_LOCN", "locationTypeDesc": "Cooling Location", "locationCode": "LIBRARY", "locationDesc": "Library", "locationName": "Sanderson Public Library", "address": "327 Bathurst St", "phone": "416-393-7653", "url": "https://www.torontopubliclibrary.ca/detail.jsp?R=LIB085", "imageUrl": "None", "monOpen": "0900", "monClose": "2030", "tueOpen": "0900", "tueClose": "2030", "wedOpen": "0900", "wedClose": "2030", "thuOpen": "0900", "thuClose": "2030", "friOpen": "0900", "friClose": "2030", "satOpen": "0900", "satClose": "1700", "sunOpen": "1200", "sunClose": "1700", "amenities": "WASHROOMS:WI_FI:ACCESS", "notes": "None", "eligibility": "None" }, "geometry": { "type": "MultiPoint", "coordinates": [ [ -79.405562, 43.651904 ] ] } },
{ "type": "Feature", "properties": { "_id": 79, "locationId": 462, "locationTypeCode": "COOL_LOCN", "locationTypeDesc": "Cooling Location", "locationCode": "LIBRARY", "locationDesc": "Library", "locationName": "S. Walter Stewart Public Library", "address": "170 Memorial Park Ave", "phone": "416-396-3975", "url": "https://www.torontopubliclibrary.ca/detail.jsp?R=LIB017", "imageUrl": "None", "monOpen": "0900", "monClose": "2030", "tueOpen": "0900", "tueClose": "2030", "wedOpen": "0900", "wedClose": "2030", "thuOpen": "0900", "thuClose": "2030", "friOpen": "0900", "friClose": "2030", "satOpen": "0900", "satClose": "1700", "sunOpen": "1200", "sunClose": "1700", "amenities": "WASHROOMS:WI_FI:ACCESS", "notes": "None", "eligibility": "None" }, "geometry": { "type": "MultiPoint", "coordinates": [ [ -79.329713, 43.692138 ] ] } },
{ "type": "Feature", "properties": { "_id": 80, "locationId": 461, "locationTypeCode": "COOL_LOCN", "locationTypeDesc": "Cooling Location", "locationCode": "LIBRARY", "locationDesc": "Library", "locationName": "Runnymede Public Library", "address": "2178 Bloor St W", "phone": "416-393-7697", "url": "https://www.torontopubliclibrary.ca/detail.jsp?R=LIB081", "imageUrl": "None", "monOpen": "0900", "monClose": "2030", "tueOpen": "0900", "tueClose": "2030", "wedOpen": "0900", "wedClose": "2030", "thuOpen": "0900", "thuClose": "2030", "friOpen": "0900", "friClose": "1700", "satOpen": "0900", "satClose": "1700", "sunOpen": "1200", "sunClose": "1700", "amenities": "WASHROOMS:WI_FI:ACCESS", "notes": "None", "eligibility": "None" }, "geometry": { "type": "MultiPoint", "coordinates": [ [ -79.473912, 43.65191 ] ] } },
{ "type": "Feature", "properties": { "_id": 81, "locationId": 467, "locationTypeCode": "COOL_LOCN", "locationTypeDesc": "Cooling Location", "locationCode": "LIBRARY", "locationDesc": "Library", "locationName": "St. James Town Public Library", "address": "495 Sherbourne St", "phone": "416-393-7744", "url": "https://www.torontopubliclibrary.ca/detail.jsp?R=LIB083", "imageUrl": "None", "monOpen": "0900", "monClose": "2030", "tueOpen": "0900", "tueClose": "2030", "wedOpen": "0900", "wedClose": "2030", "thuOpen": "0900", "thuClose": "2030", "friOpen": "0900", "friClose": "2030", "satOpen": "0900", "satClose": "1700", "sunOpen": "1200", "sunClose": "1700", "amenities": "WASHROOMS:WI_FI:ACCESS", "notes": "None", "eligibility": "None" }, "geometry": { "type": "MultiPoint", "coordinates": [ [ -79.374479, 43.667797 ] ] } },
{ "type": "Feature", "properties": { "_id": 82, "locationId": 471, "locationTypeCode": "COOL_LOCN", "locationTypeDesc": "Cooling Location", "locationCode": "LIBRARY", "locationDesc": "Library", "locationName": "Taylor Memorial Public Library", "address": "1440 Kingston Rd", "phone": "416-396-8939", "url": "https://www.torontopubliclibrary.ca/detail.jsp?R=LIB089", "imageUrl": "None", "monOpen": "Closed", "monClose": "Closed", "tueOpen": "1230", "tueClose": "2030", "wedOpen": "1000", "wedClose": "1800", "thuOpen": "1230", "thuClose": "2030", "friOpen": "1000", "friClose": "1800", "satOpen": "0900", "satClose": "1700", "sunOpen": "1200", "sunClose": "1700", "amenities": "WASHROOMS:WI_FI:ACCESS", "notes": "None", "eligibility": "None" }, "geometry": { "type": "MultiPoint", "coordinates": [ [ -79.271306, 43.687839 ] ] } },
{ "type": "Feature", "properties": { "_id": 83, "locationId": 470, "locationTypeCode": "COOL_LOCN", "locationTypeDesc": "Cooling Location", "locationCode": "LIBRARY", "locationDesc": "Library", "locationName": "Swansea Memorial Public Library", "address": "95 Lavinia Ave", "phone": "416-393-7695", "url": "https://www.torontopubliclibrary.ca/detail.jsp?R=LIB088", "imageUrl": "None", "monOpen": "1330", "monClose": "1800", "tueOpen": "1330", "tueClose": "1800", "wedOpen": "1330", "wedClose": "1800", "thuOpen": "1330", "thuClose": "1800", "friOpen": "1330", "friClose": "1800", "satOpen": "0930", "satClose": "1700", "sunOpen": "1200", "sunClose": "1700", "amenities": "WASHROOMS:WI_FI:ACCESS", "notes": "None", "eligibility": "None" }, "geometry": { "type": "MultiPoint", "coordinates": [ [ -79.477882, 43.647658 ] ] } },
{ "type": "Feature", "properties": { "_id": 84, "locationId": 469, "locationTypeCode": "COOL_LOCN", "locationTypeDesc": "Cooling Location", "locationCode": "LIBRARY", "locationDesc": "Library", "locationName": "Steeles Public Library", "address": "Bamburgh Gardens Shopping Plaza, 375 Bamburgh Circle", "phone": "416-396-8975", "url": "https://www.torontopubliclibrary.ca/detail.jsp?R=LIB087", "imageUrl": "None", "monOpen": "0900", "monClose": "2030", "tueOpen": "0900", "tueClose": "2030", "wedOpen": "0900", "wedClose": "2030", "thuOpen": "0900", "thuClose": "2030", "friOpen": "0900", "friClose": "2030", "satOpen": "0900", "satClose": "1700", "sunOpen": "1200", "sunClose": "1700", "amenities": "WASHROOMS:WI_FI:ACCESS", "notes": "None", "eligibility": "None" }, "geometry": { "type": "MultiPoint", "coordinates": [ [ -79.322286, 43.815762 ] ] } },
{ "type": "Feature", "properties": { "_id": 85, "locationId": 468, "locationTypeCode": "COOL_LOCN", "locationTypeDesc": "Cooling Location", "locationCode": "LIBRARY", "locationDesc": "Library", "locationName": "St. Lawrence Public Library", "address": "171 Front St E", "phone": "416-393-7655", "url": "https://www.torontopubliclibrary.ca/detail.jsp?R=LIB084", "imageUrl": "None", "monOpen": "1000", "monClose": "2030", "tueOpen": "1230", "tueClose": "2030", "wedOpen": "1000", "wedClose": "1800", "thuOpen": "1230", "thuClose": "2030", "friOpen": "1000", "friClose": "1800", "satOpen": "0900", "satClose": "1700", "sunOpen": "1200", "sunClose": "1700", "amenities": "WASHROOMS:WI_FI:ACCESS", "notes": "None", "eligibility": "None" }, "geometry": { "type": "MultiPoint", "coordinates": [ [ -79.36847, 43.649975 ] ] } },
{ "type": "Feature", "properties": { "_id": 86, "locationId": 880, "locationTypeCode": "COOL_LOCN", "locationTypeDesc": "Cooling Location", "locationCode": "SPLASHPAD", "locationDesc": "Splashpad", "locationName": "East Mall Park", "address": "355 The East Mall", "phone": "311", "url": "https://www.toronto.ca/data/parks/prd/facilities/complex/948/index.html", "imageUrl": "None", "monOpen": "0900", "monClose": "2030", "tueOpen": "0900", "tueClose": "2030", "wedOpen": "0900", "wedClose": "2030", "thuOpen": "0900", "thuClose": "2030", "friOpen": "0900", "friClose": "2030", "satOpen": "0900", "satClose": "2030", "sunOpen": "0900", "sunClose": "2030", "amenities": "None", "notes": "None", "eligibility": "None" }, "geometry": { "type": "MultiPoint", "coordinates": [ [ -79.557183, 43.641971 ] ] } },
{ "type": "Feature", "properties": { "_id": 87, "locationId": 1071, "locationTypeCode": "COOL_CNTR", "locationTypeDesc": "Cooling Centre", "locationCode": "COMM_CNTR", "locationDesc": "Community Centre", "locationName": "Wallace Emerson Community Centre", "address": "1260 Dufferin Street", "phone": "None", "url": "https://www.toronto.ca/data/parks/prd/facilities/complex/294/index.html", "imageUrl": "None", "monOpen": "0700", "monClose": "2100", "tueOpen": "0700", "tueClose": "2100", "wedOpen": "0700", "wedClose": "2100", "thuOpen": "0700", "thuClose": "2100", "friOpen": "0700", "friClose": "2100", "satOpen": "0900", "satClose": "1700", "sunOpen": "1200", "sunClose": "1700", "amenities": "None", "notes": "Emergency Cooling Centre - Only open during Heat Warnings called by Environment and Climate Change Canada\n\nChanged to Cooling location only 5/2/22", "eligibility": "None" }, "geometry": { "type": "MultiPoint", "coordinates": [ [ -79.438833, 43.667556 ] ] } },
{ "type": "Feature", "properties": { "_id": 88, "locationId": 1077, "locationTypeCode": "COOL_CNTR", "locationTypeDesc": "Cooling Centre", "locationCode": "COMM_CNTR", "locationDesc": "Community Centre", "locationName": "Jenner Jean-Marie Community Centre", "address": "48 Thorncliffe Park Dr", "phone": "None", "url": "https://www.toronto.ca/data/parks/prd/facilities/complex/1076/index.html", "imageUrl": "None", "monOpen": "0900", "monClose": "2100", "tueOpen": "0900", "tueClose": "2100", "wedOpen": "0900", "wedClose": "2100", "thuOpen": "0900", "thuClose": "2100", "friOpen": "0900", "friClose": "2100", "satOpen": "0900", "satClose": "1700", "sunOpen": "1200", "sunClose": "1700", "amenities": "None", "notes": "None", "eligibility": "None" }, "geometry": { "type": "MultiPoint", "coordinates": [ [ -79.34258, 43.702902 ] ] } },
{ "type": "Feature", "properties": { "_id": 89, "locationId": 760, "locationTypeCode": "COOL_LOCN", "locationTypeDesc": "Cooling Location", "locationCode": "OUTDOOR_POOL", "locationDesc": "Outdoor Pool", "locationName": "Maryvale Park Outdoor Pool", "address": "5 TRESTLESIDE GRV", "phone": "416-396-4127", "url": "https://www.toronto.ca/data/parks/prd/facilities/complex/790/index.html", "imageUrl": "None", "monOpen": "CALL", "monClose": "CALL", "tueOpen": "CALL", "tueClose": "CALL", "wedOpen": "CALL", "wedClose": "CALL", "thuOpen": "CALL", "thuClose": "CALL", "friOpen": "CALL", "friClose": "CALL", "satOpen": "CALL", "satClose": "CALL", "sunOpen": "CALL", "sunClose": "CALL", "amenities": "WASHROOMS:SHOWERS:POOL", "notes": "None", "eligibility": "None" }, "geometry": { "type": "MultiPoint", "coordinates": [ [ -79.30673, 43.753026 ] ] } },
{ "type": "Feature", "properties": { "_id": 90, "locationId": 520, "locationTypeCode": "COOL_LOCN", "locationTypeDesc": "Cooling Location", "locationCode": "COMM_CNTR", "locationDesc": "Community Centre", "locationName": "Grandravine Community Recreation Centre", "address": "23 Grandravine Dr", "phone": "416-395-6171", "url": "https://www.toronto.ca/data/parks/prd/facilities/complex/647/index.html", "imageUrl": "None", "monOpen": "CALL", "monClose": "CALL", "tueOpen": "CALL", "tueClose": "CALL", "wedOpen": "CALL", "wedClose": "CALL", "thuOpen": "CALL", "thuClose": "CALL", "friOpen": "CALL", "friClose": "CALL", "satOpen": "CALL", "satClose": "CALL", "sunOpen": "CALL", "sunClose": "CALL", "amenities": "ACCESS:POOL", "notes": "None", "eligibility": "None" }, "geometry": { "type": "MultiPoint", "coordinates": [ [ -79.489716, 43.751753 ] ] } },
{ "type": "Feature", "properties": { "_id": 91, "locationId": 883, "locationTypeCode": "COOL_LOCN", "locationTypeDesc": "Cooling Location", "locationCode": "SPLASHPAD", "locationDesc": "Splashpad", "locationName": "Chalkfarm Park", "address": "2230 JANE ST", "phone": "311", "url": "https://www.toronto.ca/data/parks/prd/facilities/complex/632/index.html", "imageUrl": "None", "monOpen": "0900", "monClose": "2030", "tueOpen": "0900", "tueClose": "2030", "wedOpen": "0900", "wedClose": "2030", "thuOpen": "0900", "thuClose": "2030", "friOpen": "0900", "friClose": "2030", "satOpen": "0900", "satClose": "2030", "sunOpen": "0900", "sunClose": "2030", "amenities": "None", "notes": "None", "eligibility": "None" }, "geometry": { "type": "MultiPoint", "coordinates": [ [ -79.515825, 43.723711 ] ] } },
{ "type": "Feature", "properties": { "_id": 92, "locationId": 761, "locationTypeCode": "COOL_LOCN", "locationTypeDesc": "Cooling Location", "locationCode": "INDOOR_POOL", "locationDesc": "Indoor Pool", "locationName": "The Elms Pool and Community School", "address": "45 Golfdown Rd", "phone": "416-394-8722", "url": "https://www.toronto.ca/data/parks/prd/facilities/complex/795/index.html", "imageUrl": "None", "monOpen": "0900", "monClose": "2100", "tueOpen": "0900", "tueClose": "2100", "wedOpen": "0900", "wedClose": "2100", "thuOpen": "0900", "thuClose": "2100", "friOpen": "0900", "friClose": "1700", "satOpen": "0900", "satClose": "1300", "sunOpen": "CLOSED", "sunClose": "CLOSED", "amenities": "WASHROOMS:SHOWERS:POOL", "notes": "None", "eligibility": "None" }, "geometry": { "type": "MultiPoint", "coordinates": [ [ -79.551852, 43.722739 ] ] } },
{ "type": "Feature", "properties": { "_id": 93, "locationId": 640, "locationTypeCode": "COOL_LOCN", "locationTypeDesc": "Cooling Location", "locationCode": "INDOOR_POOL", "locationDesc": "Indoor Pool", "locationName": "Mary McCormick Recreation Centre", "address": "66 Sheridan Ave", "phone": "416-392-0742", "url": "https://www.toronto.ca/data/parks/prd/facilities/complex/100/index.html", "imageUrl": "None", "monOpen": "0700", "monClose": "2100", "tueOpen": "0700", "tueClose": "2100", "wedOpen": "0700", "wedClose": "2100", "thuOpen": "0700", "thuClose": "2100", "friOpen": "0700", "friClose": "2100", "satOpen": "1030", "satClose": "1630", "sunOpen": "1200", "sunClose": "1600", "amenities": "WASHROOMS:SHOWERS:ACCESS:POOL", "notes": "None", "eligibility": "None" }, "geometry": { "type": "MultiPoint", "coordinates": [ [ -79.432802, 43.647477 ] ] } },
{ "type": "Feature", "properties": { "_id": 94, "locationId": 881, "locationTypeCode": "COOL_LOCN", "locationTypeDesc": "Cooling Location", "locationCode": "SPLASHPAD", "locationDesc": "Splashpad", "locationName": "Terraview Park", "address": "1625 PHARMACY AVE", "phone": "311", "url": "https://www.toronto.ca/data/parks/prd/facilities/complex/626/index.html", "imageUrl": "None", "monOpen": "0900", "monClose": "2030", "tueOpen": "0900", "tueClose": "2030", "wedOpen": "0900", "wedClose": "2030", "thuOpen": "0900", "thuClose": "2030", "friOpen": "0900", "friClose": "2030", "satOpen": "0900", "satClose": "2030", "sunOpen": "0900", "sunClose": "2030", "amenities": "None", "notes": "None", "eligibility": "None" }, "geometry": { "type": "MultiPoint", "coordinates": [ [ -79.311785, 43.766218 ] ] } },
{ "type": "Feature", "properties": { "_id": 95, "locationId": 521, "locationTypeCode": "COOL_LOCN", "locationTypeDesc": "Cooling Location", "locationCode": "COMM_CNTR", "locationDesc": "Community Centre", "locationName": "Heron Park Community Centre", "address": "292 Manse Rd", "phone": "416-396-4035", "url": "https://www.toronto.ca/data/parks/prd/facilities/complex/633/index.html", "imageUrl": "None", "monOpen": "0900", "monClose": "2200", "tueOpen": "0900", "tueClose": "2200", "wedOpen": "0900", "wedClose": "2200", "thuOpen": "0900", "thuClose": "2200", "friOpen": "0900", "friClose": "2200", "satOpen": "0900", "satClose": "2200", "sunOpen": "0900", "sunClose": "2200", "amenities": "WRT_FNT:ACCESS:POOL", "notes": "None", "eligibility": "None" }, "geometry": { "type": "MultiPoint", "coordinates": [ [ -79.176938, 43.768856 ] ] } },
{ "type": "Feature", "properties": { "_id": 96, "locationId": 522, "locationTypeCode": "COOL_LOCN", "locationTypeDesc": "Cooling Location", "locationCode": "COMM_CNTR", "locationDesc": "Community Centre", "locationName": "Humberwood Community Centre", "address": "850 Humberwood Blvd", "phone": "416-394-5700", "url": "https://www.toronto.ca/data/parks/prd/facilities/complex/755/index.html", "imageUrl": "None", "monOpen": "0900", "monClose": "1700", "tueOpen": "0900", "tueClose": "1700", "wedOpen": "0900", "wedClose": "1700", "thuOpen": "0900", "thuClose": "1700", "friOpen": "0900", "friClose": "1700", "satOpen": "CLOSED", "satClose": "CLOSED", "sunOpen": "CLOSED", "sunClose": "CLOSED", "amenities": "ACCESS", "notes": "None", "eligibility": "None" }, "geometry": { "type": "MultiPoint", "coordinates": [ [ -79.619182, 43.728886 ] ] } },
{ "type": "Feature", "properties": { "_id": 97, "locationId": 885, "locationTypeCode": "COOL_LOCN", "locationTypeDesc": "Cooling Location", "locationCode": "SPLASHPAD", "locationDesc": "Splashpad", "locationName": "Gracedale Park", "address": "176 GRACEDALE BLVD", "phone": "311", "url": "https://www.toronto.ca/data/parks/prd/facilities/complex/645/index.html", "imageUrl": "None", "monOpen": "0900", "monClose": "2030", "tueOpen": "0900", "tueClose": "2030", "wedOpen": "0900", "wedClose": "2030", "thuOpen": "0900", "thuClose": "2030", "friOpen": "0900", "friClose": "2030", "satOpen": "0900", "satClose": "2030", "sunOpen": "0900", "sunClose": "2030", "amenities": "None", "notes": "None", "eligibility": "None" }, "geometry": { "type": "MultiPoint", "coordinates": [ [ -79.56237, 43.751888 ] ] } },
{ "type": "Feature", "properties": { "_id": 98, "locationId": 401, "locationTypeCode": "COOL_LOCN", "locationTypeDesc": "Cooling Location", "locationCode": "LIBRARY", "locationDesc": "Library", "locationName": "City Hall Public Library", "address": "Nathan Phillips Square, 100 Queen St W", "phone": "416-393-7650", "url": "https://www.torontopubliclibrary.ca/detail.jsp?R=LIB032", "imageUrl": "None", "monOpen": "1000", "monClose": "2030", "tueOpen": "1000", "tueClose": "2030", "wedOpen": "1000", "wedClose": "2030", "thuOpen": "1000", "thuClose": "2030", "friOpen": "1000", "friClose": "1700", "satOpen": "0900", "satClose": "1700", "sunOpen": "1200", "sunClose": "1700", "amenities": "WASHROOMS:WI_FI:ACCESS", "notes": "None", "eligibility": "None" }, "geometry": { "type": "MultiPoint", "coordinates": [ [ -79.383625, 43.652822 ] ] } },
{ "type": "Feature", "properties": { "_id": 99, "locationId": 884, "locationTypeCode": "COOL_LOCN", "locationTypeDesc": "Cooling Location", "locationCode": "SPLASHPAD", "locationDesc": "Splashpad", "locationName": "Glendora Park", "address": "201 GLENDORA AVE", "phone": "311", "url": "https://www.toronto.ca/data/parks/prd/facilities/complex/640/index.html", "imageUrl": "None", "monOpen": "0900", "monClose": "2030", "tueOpen": "0900", "tueClose": "2030", "wedOpen": "0900", "wedClose": "2030", "thuOpen": "0900", "thuClose": "2030", "friOpen": "0900", "friClose": "2030", "satOpen": "0900", "satClose": "2030", "sunOpen": "0900", "sunClose": "2030", "amenities": "None", "notes": "None", "eligibility": "None" }, "geometry": { "type": "MultiPoint", "coordinates": [ [ -79.400122, 43.761473 ] ] } },
{ "type": "Feature", "properties": { "_id": 100, "locationId": 402, "locationTypeCode": "COOL_LOCN", "locationTypeDesc": "Cooling Location", "locationCode": "LIBRARY", "locationDesc": "Library", "locationName": "Cliffcrest Public Library", "address": "3017 Kingston Rd", "phone": "416-396-8916", "url": "https://www.torontopubliclibrary.ca/detail.jsp?R=LIB033", "imageUrl": "None", "monOpen": "0900", "monClose": "2030", "tueOpen": "1230", "tueClose": "2030", "wedOpen": "1000", "wedClose": "1800", "thuOpen": "1230", "thuClose": "2030", "friOpen": "1000", "friClose": "1800", "satOpen": "0900", "satClose": "1700", "sunOpen": "1200", "sunClose": "1700", "amenities": "WASHROOMS:WI_FI:ACCESS", "notes": "None", "eligibility": "None" }, "geometry": { "type": "MultiPoint", "coordinates": [ [ -79.23078, 43.725273 ] ] } },
{ "type": "Feature", "properties": { "_id": 101, "locationId": 524, "locationTypeCode": "COOL_LOCN", "locationTypeDesc": "Cooling Location", "locationCode": "COMM_CNTR", "locationDesc": "Community Centre", "locationName": "Joseph J. Piccininni Community Centre", "address": "1369 St Clair Ave W", "phone": "416-392-0036", "url": "https://www.toronto.ca/data/parks/prd/facilities/complex/509/index.html", "imageUrl": "None", "monOpen": "0700", "monClose": "2200", "tueOpen": "0700", "tueClose": "2200", "wedOpen": "0700", "wedClose": "2200", "thuOpen": "0700", "thuClose": "2200", "friOpen": "0700", "friClose": "2200", "satOpen": "0900", "satClose": "1700", "sunOpen": "0900", "sunClose": "1700", "amenities": "WASHROOMS:SHOWERS:WRT_FNT:ACCESS:POOL", "notes": "None", "eligibility": "None" }, "geometry": { "type": "MultiPoint", "coordinates": [ [ -79.451397, 43.675331 ] ] } },
{ "type": "Feature", "properties": { "_id": 102, "locationId": 887, "locationTypeCode": "COOL_LOCN", "locationTypeDesc": "Cooling Location", "locationCode": "SPLASHPAD", "locationDesc": "Splashpad", "locationName": "Harryetta Gardens", "address": "170 TORRESDALE AVE", "phone": "311", "url": "https://www.toronto.ca/data/parks/prd/facilities/complex/653/index.html", "imageUrl": "None", "monOpen": "0900", "monClose": "2030", "tueOpen": "0900", "tueClose": "2030", "wedOpen": "0900", "wedClose": "2030", "thuOpen": "0900", "thuClose": "2030", "friOpen": "0900", "friClose": "2030", "satOpen": "0900", "satClose": "2030", "sunOpen": "0900", "sunClose": "2030", "amenities": "None", "notes": "None", "eligibility": "None" }, "geometry": { "type": "MultiPoint", "coordinates": [ [ -79.451678, 43.781586 ] ] } },
{ "type": "Feature", "properties": { "_id": 103, "locationId": 403, "locationTypeCode": "COOL_LOCN", "locationTypeDesc": "Cooling Location", "locationCode": "LIBRARY", "locationDesc": "Library", "locationName": "College/Shaw Public Library", "address": "766 College St", "phone": "416-393-7668", "url": "https://www.torontopubliclibrary.ca/detail.jsp?R=LIB034", "imageUrl": "None", "monOpen": "1000", "monClose": "2030", "tueOpen": "1230", "tueClose": "2030", "wedOpen": "1000", "wedClose": "1800", "thuOpen": "1230", "thuClose": "2030", "friOpen": "1000", "friClose": "1800", "satOpen": "0900", "satClose": "1700", "sunOpen": "1200", "sunClose": "1700", "amenities": "WASHROOMS:WI_FI:ACCESS", "notes": "None", "eligibility": "None" }, "geometry": { "type": "MultiPoint", "coordinates": [ [ -79.42016, 43.65521 ] ] } },
{ "type": "Feature", "properties": { "_id": 104, "locationId": 523, "locationTypeCode": "COOL_LOCN", "locationTypeDesc": "Cooling Location", "locationCode": "COMM_CNTR", "locationDesc": "Community Centre", "locationName": "Irving W. Chapley Community Centre", "address": "205 Wilmington Ave", "phone": "416-395-0453", "url": "https://www.toronto.ca/data/parks/prd/facilities/complex/664/index.html", "imageUrl": "None", "monOpen": "0700", "monClose": "2200", "tueOpen": "0700", "tueClose": "2200", "wedOpen": "0700", "wedClose": "2200", "thuOpen": "0700", "thuClose": "2200", "friOpen": "0700", "friClose": "2200", "satOpen": "0700", "satClose": "2200", "sunOpen": "0700", "sunClose": "2200", "amenities": "WRT_FNT:ACCESS:POOL", "notes": "None", "eligibility": "None" }, "geometry": { "type": "MultiPoint", "coordinates": [ [ -79.45575, 43.761351 ] ] } },
{ "type": "Feature", "properties": { "_id": 105, "locationId": 886, "locationTypeCode": "COOL_LOCN", "locationTypeDesc": "Cooling Location", "locationCode": "SPLASHPAD", "locationDesc": "Splashpad", "locationName": "Graydon Hall Park", "address": "215 GRAYDON HALL DR", "phone": "311", "url": "https://www.toronto.ca/data/parks/prd/facilities/complex/649/index.html", "imageUrl": "None", "monOpen": "0900", "monClose": "2030", "tueOpen": "0900", "tueClose": "2030", "wedOpen": "0900", "wedClose": "2030", "thuOpen": "0900", "thuClose": "2030", "friOpen": "0900", "friClose": "2030", "satOpen": "0900", "satClose": "2030", "sunOpen": "0900", "sunClose": "2030", "amenities": "None", "notes": "None", "eligibility": "None" }, "geometry": { "type": "MultiPoint", "coordinates": [ [ -79.34269, 43.762812 ] ] } },
{ "type": "Feature", "properties": { "_id": 106, "locationId": 888, "locationTypeCode": "COOL_LOCN", "locationTypeDesc": "Cooling Location", "locationCode": "SPLASHPAD", "locationDesc": "Splashpad", "locationName": "Heathrow Park", "address": "69 HEATHROW DR", "phone": "311", "url": "https://www.toronto.ca/data/parks/prd/facilities/complex/658/index.html", "imageUrl": "None", "monOpen": "CALL", "monClose": "CALL", "tueOpen": "CALL", "tueClose": "CALL", "wedOpen": "CALL", "wedClose": "CALL", "thuOpen": "CALL", "thuClose": "CALL", "friOpen": "CALL", "friClose": "CALL", "satOpen": "CALL", "satClose": "CALL", "sunOpen": "CALL", "sunClose": "CALL", "amenities": "None", "notes": "None", "eligibility": "None" }, "geometry": { "type": "MultiPoint", "coordinates": [ [ -79.508118, 43.724424 ] ] } },
{ "type": "Feature", "properties": { "_id": 107, "locationId": 835, "locationTypeCode": "COOL_LOCN", "locationTypeDesc": "Cooling Location", "locationCode": "SPLASHPAD", "locationDesc": "Splashpad", "locationName": "Ravina Gardens Park", "address": "290 CLENDENAN AVE", "phone": "311", "url": "https://www.toronto.ca/data/parks/prd/facilities/complex/170/index.html", "imageUrl": "None", "monOpen": "0900", "monClose": "2030", "tueOpen": "0900", "tueClose": "2030", "wedOpen": "0900", "wedClose": "2030", "thuOpen": "0900", "thuClose": "2030", "friOpen": "0900", "friClose": "2030", "satOpen": "0900", "satClose": "2030", "sunOpen": "0900", "sunClose": "2030", "amenities": "None", "notes": "None", "eligibility": "None" }, "geometry": { "type": "MultiPoint", "coordinates": [ [ -79.472322, 43.659196 ] ] } },
{ "type": "Feature", "properties": { "_id": 108, "locationId": 766, "locationTypeCode": "COOL_LOCN", "locationTypeDesc": "Cooling Location", "locationCode": "OUTDOOR_POOL", "locationDesc": "Outdoor Pool", "locationName": "Park Lawn Park", "address": "330 PARK LAWN RD", "phone": "416-394-8491", "url": "https://www.toronto.ca/data/parks/prd/facilities/complex/858/index.html", "imageUrl": "None", "monOpen": "CALL", "monClose": "CALL", "tueOpen": "CALL", "tueClose": "CALL", "wedOpen": "CALL", "wedClose": "CALL", "thuOpen": "CALL", "thuClose": "CALL", "friOpen": "CALL", "friClose": "CALL", "satOpen": "CALL", "satClose": "CALL", "sunOpen": "CALL", "sunClose": "CALL", "amenities": "WASHROOMS:SHOWERS:POOL", "notes": "None", "eligibility": "None" }, "geometry": { "type": "MultiPoint", "coordinates": [ [ -79.494819, 43.637009 ] ] } },
{ "type": "Feature", "properties": { "_id": 109, "locationId": 958, "locationTypeCode": "COOL_LOCN", "locationTypeDesc": "Cooling Location", "locationCode": "SPLASHPAD", "locationDesc": "Splashpad", "locationName": "Regent Park", "address": "600 DUNDAS ST", "phone": "311", "url": "https://www.toronto.ca/data/parks/prd/facilities/complex/2788/index.html", "imageUrl": "None", "monOpen": "0900", "monClose": "2030", "tueOpen": "0900", "tueClose": "2030", "wedOpen": "0900", "wedClose": "2030", "thuOpen": "0900", "thuClose": "2030", "friOpen": "0900", "friClose": "2030", "satOpen": "0900", "satClose": "2030", "sunOpen": "0900", "sunClose": "2030", "amenities": "None", "notes": "None", "eligibility": "None" }, "geometry": { "type": "MultiPoint", "coordinates": [ [ -79.362185, 43.661011 ] ] } },
{ "type": "Feature", "properties": { "_id": 110, "locationId": 837, "locationTypeCode": "COOL_LOCN", "locationTypeDesc": "Cooling Location", "locationCode": "SPLASHPAD", "locationDesc": "Splashpad", "locationName": "Coleman Park", "address": "19 COLEMAN AVE", "phone": "311", "url": "https://www.toronto.ca/data/parks/prd/facilities/complex/220/index.html", "imageUrl": "None", "monOpen": "0900", "monClose": "2030", "tueOpen": "0900", "tueClose": "2030", "wedOpen": "0900", "wedClose": "2030", "thuOpen": "0900", "thuClose": "2030", "friOpen": "0900", "friClose": "2030", "satOpen": "0900", "satClose": "2030", "sunOpen": "0900", "sunClose": "2030", "amenities": "WATER", "notes": "None", "eligibility": "None" }, "geometry": { "type": "MultiPoint", "coordinates": [ [ -79.300015, 43.689344 ] ] } },
{ "type": "Feature", "properties": { "_id": 111, "locationId": 526, "locationTypeCode": "COOL_LOCN", "locationTypeDesc": "Cooling Location", "locationCode": "COMM_CNTR", "locationDesc": "Community Centre", "locationName": "Lawrence Heights Community Centre", "address": "5 Replin Rd", "phone": "416-395-6118", "url": "https://www.toronto.ca/data/parks/prd/facilities/complex/675/index.html", "imageUrl": "None", "monOpen": "0900", "monClose": "2200", "tueOpen": "0900", "tueClose": "2200", "wedOpen": "0900", "wedClose": "2200", "thuOpen": "0900", "thuClose": "2200", "friOpen": "0900", "friClose": "2200", "satOpen": "0900", "satClose": "2200", "sunOpen": "0900", "sunClose": "2200", "amenities": "WRT_FNT:ACCESS:POOL", "notes": "None", "eligibility": "None" }, "geometry": { "type": "MultiPoint", "coordinates": [ [ -79.442363, 43.717997 ] ] } },
{ "type": "Feature", "properties": { "_id": 112, "locationId": 889, "locationTypeCode": "COOL_LOCN", "locationTypeDesc": "Cooling Location", "locationCode": "SPLASHPAD", "locationDesc": "Splashpad", "locationName": "Hendon Park", "address": "50 HENDON AVE", "phone": "311", "url": "https://www.toronto.ca/data/parks/prd/facilities/complex/659/index.html", "imageUrl": "None", "monOpen": "0900", "monClose": "2030", "tueOpen": "0900", "tueClose": "2030", "wedOpen": "0900", "wedClose": "2030", "thuOpen": "0900", "thuClose": "2030", "friOpen": "0900", "friClose": "2030", "satOpen": "0900", "satClose": "2030", "sunOpen": "0900", "sunClose": "2030", "amenities": "None", "notes": "None", "eligibility": "None" }, "geometry": { "type": "MultiPoint", "coordinates": [ [ -79.420948, 43.781421 ] ] } },
{ "type": "Feature", "properties": { "_id": 113, "locationId": 836, "locationTypeCode": "COOL_LOCN", "locationTypeDesc": "Cooling Location", "locationCode": "SPLASHPAD", "locationDesc": "Splashpad", "locationName": "Moss Park", "address": "150 SHERBOURNE ST", "phone": "311", "url": "https://www.toronto.ca/data/parks/prd/facilities/complex/177/index.html", "imageUrl": "None", "monOpen": "0900", "monClose": "2030", "tueOpen": "0900", "tueClose": "2030", "wedOpen": "0900", "wedClose": "2030", "thuOpen": "0900", "thuClose": "2030", "friOpen": "0900", "friClose": "2030", "satOpen": "0900", "satClose": "2030", "sunOpen": "0900", "sunClose": "2030", "amenities": "None", "notes": "None", "eligibility": "None" }, "geometry": { "type": "MultiPoint", "coordinates": [ [ -79.371275, 43.655012 ] ] } },
{ "type": "Feature", "properties": { "_id": 114, "locationId": 405, "locationTypeCode": "COOL_LOCN", "locationTypeDesc": "Cooling Location", "locationCode": "LIBRARY", "locationDesc": "Library", "locationName": "Davenport Public Library", "address": "1246 Shaw St", "phone": "416-393-7732", "url": "https://www.torontopubliclibrary.ca/detail.jsp?R=LIB036", "imageUrl": "None", "monOpen": "CLOSED", "monClose": "CLOSED", "tueOpen": "1230", "tueClose": "2030", "wedOpen": "1000", "wedClose": "1800", "thuOpen": "1230", "thuClose": "2030", "friOpen": "1000", "friClose": "1800", "satOpen": "0900", "satClose": "1700", "sunOpen": "1200", "sunClose": "1700", "amenities": "WASHROOMS:WI_FI:ACCESS", "notes": "None", "eligibility": "None" }, "geometry": { "type": "MultiPoint", "coordinates": [ [ -79.428421, 43.674579 ] ] } },
{ "type": "Feature", "properties": { "_id": 115, "locationId": 957, "locationTypeCode": "COOL_LOCN", "locationTypeDesc": "Cooling Location", "locationCode": "SPLASHPAD", "locationDesc": "Splashpad", "locationName": "Joseph Bannon Park", "address": "65 MARY CHAPMAN BLVD", "phone": "311", "url": "https://www.toronto.ca/data/parks/prd/facilities/complex/2715/index.html", "imageUrl": "None", "monOpen": "0900", "monClose": "2030", "tueOpen": "0900", "tueClose": "2030", "wedOpen": "0900", "wedClose": "2030", "thuOpen": "0900", "thuClose": "2030", "friOpen": "0900", "friClose": "2030", "satOpen": "0900", "satClose": "2030", "sunOpen": "0900", "sunClose": "2030", "amenities": "None", "notes": "None", "eligibility": "None" }, "geometry": { "type": "MultiPoint", "coordinates": [ [ -79.534973, 43.732359 ] ] } },
{ "type": "Feature", "properties": { "_id": 116, "locationId": 525, "locationTypeCode": "COOL_LOCN", "locationTypeDesc": "Cooling Location", "locationCode": "COMM_CNTR", "locationDesc": "Community Centre", "locationName": "L'Amoreaux Community Recreation Centre", "address": "2000 McNicoll Ave", "phone": "416-396-4510", "url": "https://www.toronto.ca/data/parks/prd/facilities/complex/788/index.html", "imageUrl": "None", "monOpen": "0630", "monClose": "2300", "tueOpen": "0630", "tueClose": "2300", "wedOpen": "0630", "wedClose": "2300", "thuOpen": "0630", "thuClose": "2300", "friOpen": "0630", "friClose": "2300", "satOpen": "0900", "satClose": "2300", "sunOpen": "0900", "sunClose": "2100", "amenities": "WRT_FNT:ACCESS", "notes": "None", "eligibility": "None" }, "geometry": { "type": "MultiPoint", "coordinates": [ [ -79.304895, 43.812656 ] ] } },
{ "type": "Feature", "properties": { "_id": 117, "locationId": 956, "locationTypeCode": "COOL_LOCN", "locationTypeDesc": "Cooling Location", "locationCode": "SPLASHPAD", "locationDesc": "Splashpad", "locationName": "Tall Pines Park", "address": "64 RYLANDER BLVD", "phone": "311", "url": "https://www.toronto.ca/data/parks/prd/facilities/complex/2714/index.html", "imageUrl": "None", "monOpen": "0900", "monClose": "2030", "tueOpen": "0900", "tueClose": "2030", "wedOpen": "0900", "wedClose": "2030", "thuOpen": "0900", "thuClose": "2030", "friOpen": "0900", "friClose": "2030", "satOpen": "0900", "satClose": "2030", "sunOpen": "0900", "sunClose": "2030", "amenities": "None", "notes": "None", "eligibility": "None" }, "geometry": { "type": "MultiPoint", "coordinates": [ [ -79.151494, 43.798496 ] ] } },
{ "type": "Feature", "properties": { "_id": 118, "locationId": 527, "locationTypeCode": "COOL_LOCN", "locationTypeDesc": "Cooling Location", "locationCode": "COMM_CNTR", "locationDesc": "Community Centre", "locationName": "Malvern Recreation Centre", "address": "30 Sewell's Rd", "phone": "416-396-4054", "url": "https://www.toronto.ca/data/parks/prd/facilities/complex/702/index.html", "imageUrl": "None", "monOpen": "0830", "monClose": "2230", "tueOpen": "0830", "tueClose": "2230", "wedOpen": "0830", "wedClose": "2230", "thuOpen": "0830", "thuClose": "2230", "friOpen": "0830", "friClose": "2230", "satOpen": "0830", "satClose": "2230", "sunOpen": "0900", "sunClose": "1700", "amenities": "WASHROOMS:WRT_FNT:WI_FI:ACCESS", "notes": "None", "eligibility": "None" }, "geometry": { "type": "MultiPoint", "coordinates": [ [ -79.216389, 43.808576 ] ] } },
{ "type": "Feature", "properties": { "_id": 119, "locationId": 838, "locationTypeCode": "COOL_LOCN", "locationTypeDesc": "Cooling Location", "locationCode": "SPLASHPAD", "locationDesc": "Splashpad", "locationName": "Lionel Conacher Park", "address": "80 COTTINGHAM ST", "phone": "311", "url": "https://www.toronto.ca/data/parks/prd/facilities/complex/229/index.html", "imageUrl": "None", "monOpen": "0900", "monClose": "2030", "tueOpen": "0900", "tueClose": "2030", "wedOpen": "0900", "wedClose": "2030", "thuOpen": "0900", "thuClose": "2030", "friOpen": "0900", "friClose": "2030", "satOpen": "0900", "satClose": "2030", "sunOpen": "0900", "sunClose": "2030", "amenities": "None", "notes": "None", "eligibility": "None" }, "geometry": { "type": "MultiPoint", "coordinates": [ [ -79.394607, 43.680429 ] ] } },
{ "type": "Feature", "properties": { "_id": 120, "locationId": 959, "locationTypeCode": "COOL_LOCN", "locationTypeDesc": "Cooling Location", "locationCode": "SPLASHPAD", "locationDesc": "Splashpad", "locationName": "Corktown Common", "address": "155 BAYVIEW AVE", "phone": "311", "url": "https://www.toronto.ca/data/parks/prd/facilities/complex/3499/index.html", "imageUrl": "None", "monOpen": "0900", "monClose": "2030", "tueOpen": "0900", "tueClose": "2030", "wedOpen": "0900", "wedClose": "2030", "thuOpen": "0900", "thuClose": "2030", "friOpen": "0900", "friClose": "2030", "satOpen": "0900", "satClose": "2030", "sunOpen": "0900", "sunClose": "2030", "amenities": "None", "notes": "None", "eligibility": "None" }, "geometry": { "type": "MultiPoint", "coordinates": [ [ -79.35261, 43.653973 ] ] } },
{ "type": "Feature", "properties": { "_id": 121, "locationId": 528, "locationTypeCode": "COOL_LOCN", "locationTypeDesc": "Cooling Location", "locationCode": "COMM_CNTR", "locationDesc": "Community Centre", "locationName": "Mary McCormick Recreation Centre", "address": "66 Sheridan AveÂ ", "phone": "416-392-0742", "url": "https://www.toronto.ca/data/parks/prd/facilities/complex/100/index.html", "imageUrl": "None", "monOpen": "0700", "monClose": "2100", "tueOpen": "0700", "tueClose": "2100", "wedOpen": "0700", "wedClose": "2100", "thuOpen": "0700", "thuClose": "2100", "friOpen": "0700", "friClose": "2100", "satOpen": "1030", "satClose": "1630", "sunOpen": "CLOSED", "sunClose": "CLOSED", "amenities": "WASHROOMS:SHOWERS:WRT_FNT:ACCESS:POOL", "notes": "None", "eligibility": "None" }, "geometry": { "type": "MultiPoint", "coordinates": [ [ -79.433044, 43.647504 ] ] } },
{ "type": "Feature", "properties": { "_id": 122, "locationId": 839, "locationTypeCode": "COOL_LOCN", "locationTypeDesc": "Cooling Location", "locationCode": "SPLASHPAD", "locationDesc": "Splashpad", "locationName": "Oriole Park - Toronto", "address": "201 ORIOLE PKWY", "phone": "311", "url": "https://www.toronto.ca/data/parks/prd/facilities/complex/245/index.html", "imageUrl": "None", "monOpen": "0900", "monClose": "2030", "tueOpen": "0900", "tueClose": "2030", "wedOpen": "0900", "wedClose": "2030", "thuOpen": "0900", "thuClose": "2030", "friOpen": "0900", "friClose": "2030", "satOpen": "0900", "satClose": "2030", "sunOpen": "0900", "sunClose": "2030", "amenities": "None", "notes": "None", "eligibility": "None" }, "geometry": { "type": "MultiPoint", "coordinates": [ [ -79.400436, 43.697191 ] ] } },
{ "type": "Feature", "properties": { "_id": 123, "locationId": 960, "locationTypeCode": "COOL_LOCN", "locationTypeDesc": "Cooling Location", "locationCode": "SPLASHPAD", "locationDesc": "Splashpad", "locationName": "Diamond Jubilee Promenade", "address": "475 FRONT ST", "phone": "311", "url": "https://www.toronto.ca/data/parks/prd/facilities/complex/3584/index.html", "imageUrl": "None", "monOpen": "0900", "monClose": "2030", "tueOpen": "0900", "tueClose": "2030", "wedOpen": "0900", "wedClose": "2030", "thuOpen": "0900", "thuClose": "2030", "friOpen": "0900", "friClose": "2030", "satOpen": "0900", "satClose": "2030", "sunOpen": "0900", "sunClose": "2030", "amenities": "None", "notes": "None", "eligibility": "None" }, "geometry": { "type": "MultiPoint", "coordinates": [ [ -79.355392, 43.653351 ] ] } },
{ "type": "Feature", "properties": { "_id": 124, "locationId": 1028, "locationTypeCode": "COOL_LOCN", "locationTypeDesc": "Cooling Location", "locationCode": "YMCA", "locationDesc": "YMCA location", "locationName": "YMCA of Greater Toronto", "address": "7 Vanauley St Toronto  ON M5T 2V9", "phone": "877-338-3398", "url": "https://ymcagta.org/find-a-y/toronto-vanauley-street-ymca-centre", "imageUrl": "None", "monOpen": "CALL", "monClose": "CALL", "tueOpen": "CALL", "tueClose": "CALL", "wedOpen": "CALL", "wedClose": "CALL", "thuOpen": "CALL", "thuClose": "CALL", "friOpen": "CALL", "friClose": "CALL", "satOpen": "CALL", "satClose": "CALL", "sunOpen": "CALL", "sunClose": "CALL", "amenities": "WASHROOMS:WI_FI", "notes": "None", "eligibility": "Youth" }, "geometry": { "type": "MultiPoint", "coordinates": [ [ -79.398229, 43.648883 ] ] } },
{ "type": "Feature", "properties": { "_id": 125, "locationId": 409, "locationTypeCode": "COOL_LOCN", "locationTypeDesc": "Cooling Location", "locationCode": "LIBRARY", "locationDesc": "Library", "locationName": "Downsview Public Library", "address": "2793 Keele St", "phone": "416-395-5720", "url": "https://www.torontopubliclibrary.ca/detail.jsp?R=LIB039", "imageUrl": "None", "monOpen": "0900", "monClose": "2030", "tueOpen": "0900", "tueClose": "2030", "wedOpen": "0900", "wedClose": "2030", "thuOpen": "0900", "thuClose": "2030", "friOpen": "0900", "friClose": "2030", "satOpen": "0900", "satClose": "1700", "sunOpen": "1200", "sunClose": "1700", "amenities": "WASHROOMS:WI_FI:ACCESS", "notes": "None", "eligibility": "None" }, "geometry": { "type": "MultiPoint", "coordinates": [ [ -79.482063, 43.728942 ] ] } },
{ "type": "Feature", "properties": { "_id": 126, "locationId": 841, "locationTypeCode": "COOL_LOCN", "locationTypeDesc": "Cooling Location", "locationCode": "SPLASHPAD", "locationDesc": "Splashpad", "locationName": "Wellesley Park", "address": "500 WELLESLEY ST", "phone": "311", "url": "https://www.toronto.ca/data/parks/prd/facilities/complex/270/index.html", "imageUrl": "None", "monOpen": "0900", "monClose": "2030", "tueOpen": "0900", "tueClose": "2030", "wedOpen": "0900", "wedClose": "2030", "thuOpen": "0900", "thuClose": "2030", "friOpen": "0900", "friClose": "2030", "satOpen": "0900", "satClose": "2030", "sunOpen": "0900", "sunClose": "2030", "amenities": "None", "notes": "None", "eligibility": "None" }, "geometry": { "type": "MultiPoint", "coordinates": [ [ -79.362401, 43.669547 ] ] } },
{ "type": "Feature", "properties": { "_id": 127, "locationId": 840, "locationTypeCode": "COOL_LOCN", "locationTypeDesc": "Cooling Location", "locationCode": "SPLASHPAD", "locationDesc": "Splashpad", "locationName": "Joel Weeks Park", "address": "10 THOMPSON ST", "phone": "311", "url": "https://www.toronto.ca/data/parks/prd/facilities/complex/268/index.html", "imageUrl": "None", "monOpen": "0900", "monClose": "2030", "tueOpen": "0900", "tueClose": "2030", "wedOpen": "0900", "wedClose": "2030", "thuOpen": "0900", "thuClose": "2030", "friOpen": "0900", "friClose": "2030", "satOpen": "0900", "satClose": "2030", "sunOpen": "0900", "sunClose": "2030", "amenities": "None", "notes": "None", "eligibility": "None" }, "geometry": { "type": "MultiPoint", "coordinates": [ [ -79.352983, 43.659482 ] ] } },
{ "type": "Feature", "properties": { "_id": 128, "locationId": 843, "locationTypeCode": "COOL_LOCN", "locationTypeDesc": "Cooling Location", "locationCode": "SPLASHPAD", "locationDesc": "Splashpad", "locationName": "Pottery Playground", "address": "601 MERTON ST", "phone": "311", "url": "https://www.toronto.ca/data/parks/prd/facilities/complex/307/index.html", "imageUrl": "None", "monOpen": "0900", "monClose": "2030", "tueOpen": "0900", "tueClose": "2030", "wedOpen": "0900", "wedClose": "2030", "thuOpen": "0900", "thuClose": "2030", "friOpen": "0900", "friClose": "2030", "satOpen": "0900", "satClose": "2030", "sunOpen": "0900", "sunClose": "2030", "amenities": "None", "notes": "None", "eligibility": "None" }, "geometry": { "type": "MultiPoint", "coordinates": [ [ -79.378695, 43.699453 ] ] } },
{ "type": "Feature", "properties": { "_id": 129, "locationId": 771, "locationTypeCode": "COOL_LOCN", "locationTypeDesc": "Cooling Location", "locationCode": "OUTDOOR_POOL", "locationDesc": "Outdoor Pool", "locationName": "Westmount Park Outdoor Pool", "address": "22 ARCADE DR", "phone": "416-394-8499", "url": "https://www.toronto.ca/data/parks/prd/facilities/complex/888/index.html", "imageUrl": "None", "monOpen": "CALL", "monClose": "CALL", "tueOpen": "CALL", "tueClose": "CALL", "wedOpen": "CALL", "wedClose": "CALL", "thuOpen": "CALL", "thuClose": "CALL", "friOpen": "CALL", "friClose": "CALL", "satOpen": "CALL", "satClose": "CALL", "sunOpen": "CALL", "sunClose": "CALL", "amenities": "WASHROOMS:SHOWERS:POOL", "notes": "None", "eligibility": "None" }, "geometry": { "type": "MultiPoint", "coordinates": [ [ -79.51898, 43.687242 ] ] } },
{ "type": "Feature", "properties": { "_id": 130, "locationId": 891, "locationTypeCode": "COOL_LOCN", "locationTypeDesc": "Cooling Location", "locationCode": "SPLASHPAD", "locationDesc": "Splashpad", "locationName": "Glamorgan Park", "address": "50 ANTRIM CRES", "phone": "311", "url": "https://www.toronto.ca/data/parks/prd/facilities/complex/668/index.html", "imageUrl": "None", "monOpen": "0900", "monClose": "2030", "tueOpen": "0900", "tueClose": "2030", "wedOpen": "0900", "wedClose": "2030", "thuOpen": "0900", "thuClose": "2030", "friOpen": "0900", "friClose": "2030", "satOpen": "0900", "satClose": "2030", "sunOpen": "0900", "sunClose": "2030", "amenities": "None", "notes": "None", "eligibility": "None" }, "geometry": { "type": "MultiPoint", "coordinates": [ [ -79.288877, 43.77259 ] ] } },
{ "type": "Feature", "properties": { "_id": 131, "locationId": 770, "locationTypeCode": "COOL_LOCN", "locationTypeDesc": "Cooling Location", "locationCode": "OUTDOOR_POOL", "locationDesc": "Outdoor Pool", "locationName": "Fairhaven Park Outdoor Pool", "address": "100 GOLFWOOD HTS", "phone": "416-394-8486", "url": "https://www.toronto.ca/data/parks/prd/facilities/complex/887/index.html", "imageUrl": "None", "monOpen": "CALL", "monClose": "CALL", "tueOpen": "CALL", "tueClose": "CALL", "wedOpen": "CALL", "wedClose": "CALL", "thuOpen": "CALL", "thuClose": "CALL", "friOpen": "CALL", "friClose": "CALL", "satOpen": "CALL", "satClose": "CALL", "sunOpen": "CALL", "sunClose": "CALL", "amenities": "WASHROOMS:SHOWERS:POOL", "notes": "None", "eligibility": "None" }, "geometry": { "type": "MultiPoint", "coordinates": [ [ -79.54513, 43.701771 ] ] } },
{ "type": "Feature", "properties": { "_id": 132, "locationId": 842, "locationTypeCode": "COOL_LOCN", "locationTypeDesc": "Cooling Location", "locationCode": "SPLASHPAD", "locationDesc": "Splashpad", "locationName": "Perth Square Park", "address": "350 PERTH AVE", "phone": "311", "url": "https://www.toronto.ca/data/parks/prd/facilities/complex/284/index.html", "imageUrl": "None", "monOpen": "0900", "monClose": "2030", "tueOpen": "0900", "tueClose": "2030", "wedOpen": "0900", "wedClose": "2030", "thuOpen": "0900", "thuClose": "2030", "friOpen": "0900", "friClose": "2030", "satOpen": "0900", "satClose": "2030", "sunOpen": "0900", "sunClose": "2030", "amenities": "None", "notes": "None", "eligibility": "None" }, "geometry": { "type": "MultiPoint", "coordinates": [ [ -79.452676, 43.663914 ] ] } },
{ "type": "Feature", "properties": { "_id": 133, "locationId": 890, "locationTypeCode": "COOL_LOCN", "locationTypeDesc": "Cooling Location", "locationCode": "SPLASHPAD", "locationDesc": "Splashpad", "locationName": "Irving W. Chapley Park", "address": "205 WILMINGTON AVE", "phone": "311", "url": "https://www.toronto.ca/data/parks/prd/facilities/complex/665/index.html", "imageUrl": "None", "monOpen": "0900", "monClose": "2030", "tueOpen": "0900", "tueClose": "2030", "wedOpen": "0900", "wedClose": "2030", "thuOpen": "0900", "thuClose": "2030", "friOpen": "0900", "friClose": "2030", "satOpen": "0900", "satClose": "2030", "sunOpen": "0900", "sunClose": "2030", "amenities": "None", "notes": "None", "eligibility": "None" }, "geometry": { "type": "MultiPoint", "coordinates": [ [ -79.455417, 43.761722 ] ] } },
{ "type": "Feature", "properties": { "_id": 134, "locationId": 530, "locationTypeCode": "COOL_LOCN", "locationTypeDesc": "Cooling Location", "locationCode": "COMM_CNTR", "locationDesc": "Community Centre", "locationName": "McGregor Park Community Centre", "address": "2231 Lawrence Ave E", "phone": "416-396-4023", "url": "https://www.toronto.ca/data/parks/prd/facilities/complex/506/index.html", "imageUrl": "None", "monOpen": "0830", "monClose": "2300", "tueOpen": "0830", "tueClose": "2300", "wedOpen": "0830", "wedClose": "2300", "thuOpen": "0830", "thuClose": "2300", "friOpen": "0830", "friClose": "2300", "satOpen": "0830", "satClose": "2100", "sunOpen": "0830", "sunClose": "2200", "amenities": "WASHROOMS:SHOWERS:WRT_FNT:ACCESS:POOL", "notes": "None", "eligibility": "None" }, "geometry": { "type": "MultiPoint", "coordinates": [ [ -79.280149, 43.747629 ] ] } },
{ "type": "Feature", "properties": { "_id": 135, "locationId": 893, "locationTypeCode": "COOL_LOCN", "locationTypeDesc": "Cooling Location", "locationCode": "SPLASHPAD", "locationDesc": "Splashpad", "locationName": "Horseley Hill Park", "address": "145 HORSELEY HILL DR", "phone": "311", "url": "https://www.toronto.ca/data/parks/prd/facilities/complex/677/index.html", "imageUrl": "None", "monOpen": "0900", "monClose": "2030", "tueOpen": "0900", "tueClose": "2030", "wedOpen": "0900", "wedClose": "2030", "thuOpen": "0900", "thuClose": "2030", "friOpen": "0900", "friClose": "2030", "satOpen": "0900", "satClose": "2030", "sunOpen": "0900", "sunClose": "2030", "amenities": "None", "notes": "None", "eligibility": "None" }, "geometry": { "type": "MultiPoint", "coordinates": [ [ -79.229737, 43.810726 ] ] } },
{ "type": "Feature", "properties": { "_id": 136, "locationId": 895, "locationTypeCode": "COOL_LOCN", "locationTypeDesc": "Cooling Location", "locationCode": "SPLASHPAD", "locationDesc": "Splashpad", "locationName": "Parkway Forest Park", "address": "80 PARKWAY FOREST DR", "phone": "311", "url": "https://www.toronto.ca/data/parks/prd/facilities/complex/718/index.html", "imageUrl": "None", "monOpen": "0900", "monClose": "2030", "tueOpen": "0900", "tueClose": "2030", "wedOpen": "0900", "wedClose": "2030", "thuOpen": "0900", "thuClose": "2030", "friOpen": "0900", "friClose": "2030", "satOpen": "0900", "satClose": "2030", "sunOpen": "0900", "sunClose": "2030", "amenities": "None", "notes": "None", "eligibility": "None" }, "geometry": { "type": "MultiPoint", "coordinates": [ [ -79.341884, 43.771215 ] ] } },
{ "type": "Feature", "properties": { "_id": 137, "locationId": 411, "locationTypeCode": "COOL_LOCN", "locationTypeDesc": "Cooling Location", "locationCode": "LIBRARY", "locationDesc": "Library", "locationName": "Eatonville Public Library", "address": "430 Burnhamthorpe Rd", "phone": "416-394-5270", "url": "https://www.torontopubliclibrary.ca/detail.jsp?R=LIB041", "imageUrl": "None", "monOpen": "0900", "monClose": "2030", "tueOpen": "0900", "tueClose": "2030", "wedOpen": "0900", "wedClose": "2030", "thuOpen": "0900", "thuClose": "2030", "friOpen": "0900", "friClose": "2030", "satOpen": "0900", "satClose": "1700", "sunOpen": "1330", "sunClose": "1700", "amenities": "WASHROOMS:WI_FI:ACCESS", "notes": "None", "eligibility": "None" }, "geometry": { "type": "MultiPoint", "coordinates": [ [ -79.559338, 43.64614 ] ] } },
{ "type": "Feature", "properties": { "_id": 138, "locationId": 531, "locationTypeCode": "COOL_LOCN", "locationTypeDesc": "Cooling Location", "locationCode": "COMM_CNTR", "locationDesc": "Community Centre", "locationName": "Milliken Park Community Recreation Centre", "address": "4325 McCowan Rd", "phone": "416-396-7757", "url": "https://www.toronto.ca/data/parks/prd/facilities/complex/405/index.html", "imageUrl": "None", "monOpen": "0700", "monClose": "2200", "tueOpen": "0700", "tueClose": "2200", "wedOpen": "0700", "wedClose": "2200", "thuOpen": "0700", "thuClose": "2200", "friOpen": "0700", "friClose": "2200", "satOpen": "0700", "satClose": "2200", "sunOpen": "0700", "sunClose": "2200", "amenities": "WRT_FNT:WI_FI:ACCESS", "notes": "None", "eligibility": "None" }, "geometry": { "type": "MultiPoint", "coordinates": [ [ -79.274582, 43.829648 ] ] } },
{ "type": "Feature", "properties": { "_id": 139, "locationId": 845, "locationTypeCode": "COOL_LOCN", "locationTypeDesc": "Cooling Location", "locationCode": "SPLASHPAD", "locationDesc": "Splashpad", "locationName": "Dieppe Park", "address": "455 COSBURN AVE", "phone": "311", "url": "https://www.toronto.ca/data/parks/prd/facilities/complex/327/index.html", "imageUrl": "None", "monOpen": "0900", "monClose": "2030", "tueOpen": "0900", "tueClose": "2030", "wedOpen": "0900", "wedClose": "2030", "thuOpen": "0900", "thuClose": "2030", "friOpen": "0900", "friClose": "2030", "satOpen": "0900", "satClose": "2030", "sunOpen": "0900", "sunClose": "2030", "amenities": "None", "notes": "None", "eligibility": "None" }, "geometry": { "type": "MultiPoint", "coordinates": [ [ -79.335642, 43.691962 ] ] } },
{ "type": "Feature", "properties": { "_id": 140, "locationId": 894, "locationTypeCode": "COOL_LOCN", "locationTypeDesc": "Cooling Location", "locationCode": "SPLASHPAD", "locationDesc": "Splashpad", "locationName": "Mcnicoll Park", "address": "215 MCNICOLL AVE", "phone": "311", "url": "https://www.toronto.ca/data/parks/prd/facilities/complex/689/index.html", "imageUrl": "None", "monOpen": "0900", "monClose": "2030", "tueOpen": "0900", "tueClose": "2030", "wedOpen": "0900", "wedClose": "2030", "thuOpen": "0900", "thuClose": "2030", "friOpen": "0900", "friClose": "2030", "satOpen": "0900", "satClose": "2030", "sunOpen": "0900", "sunClose": "2030", "amenities": "None", "notes": "None", "eligibility": "None" }, "geometry": { "type": "MultiPoint", "coordinates": [ [ -79.353485, 43.798555 ] ] } },
{ "type": "Feature", "properties": { "_id": 141, "locationId": 772, "locationTypeCode": "COOL_LOCN", "locationTypeDesc": "Cooling Location", "locationCode": "OUTDOOR_POOL", "locationDesc": "Outdoor Pool", "locationName": "Richmond Gardens Pool", "address": "44 STRATHDEE DR", "phone": "416-394-8493", "url": "https://www.toronto.ca/data/parks/prd/facilities/complex/889/index.html", "imageUrl": "None", "monOpen": "CALL", "monClose": "CALL", "tueOpen": "CALL", "tueClose": "CALL", "wedOpen": "CALL", "wedClose": "CALL", "thuOpen": "CALL", "thuClose": "CALL", "friOpen": "CALL", "friClose": "CALL", "satOpen": "CALL", "satClose": "CALL", "sunOpen": "CALL", "sunClose": "CALL", "amenities": "WASHROOMS:SHOWERS:POOL", "notes": "None", "eligibility": "None" }, "geometry": { "type": "MultiPoint", "coordinates": [ [ -79.545353, 43.681851 ] ] } },
{ "type": "Feature", "properties": { "_id": 142, "locationId": 532, "locationTypeCode": "COOL_LOCN", "locationTypeDesc": "Cooling Location", "locationCode": "COMM_CNTR", "locationDesc": "Community Centre", "locationName": "Mitchell Field Community Centre", "address": "89 Church Ave", "phone": "416-395-0262", "url": "https://www.toronto.ca/data/parks/prd/facilities/complex/693/index.html", "imageUrl": "None", "monOpen": "0730", "monClose": "2100", "tueOpen": "0730", "tueClose": "2100", "wedOpen": "0730", "wedClose": "2100", "thuOpen": "0730", "thuClose": "2100", "friOpen": "0730", "friClose": "2100", "satOpen": "0730", "satClose": "2100", "sunOpen": "0730", "sunClose": "2100", "amenities": "WRT_FNT:ACCESS:POOL", "notes": "None", "eligibility": "None" }, "geometry": { "type": "MultiPoint", "coordinates": [ [ -79.408537, 43.774644 ] ] } },
{ "type": "Feature", "properties": { "_id": 143, "locationId": 776, "locationTypeCode": "COOL_LOCN", "locationTypeDesc": "Cooling Location", "locationCode": "OUTDOOR_POOL", "locationDesc": "Outdoor Pool", "locationName": "Gihon Spring Park Outdoor Pool", "address": "75 GIHON SPRING DR", "phone": "416-394-8488", "url": "https://www.toronto.ca/data/parks/prd/facilities/complex/894/index.html", "imageUrl": "None", "monOpen": "CALL", "monClose": "CALL", "tueOpen": "CALL", "tueClose": "CALL", "wedOpen": "CALL", "wedClose": "CALL", "thuOpen": "CALL", "thuClose": "CALL", "friOpen": "CALL", "friClose": "CALL", "satOpen": "CALL", "satClose": "CALL", "sunOpen": "CALL", "sunClose": "CALL", "amenities": "WASHROOMS:SHOWERS:POOL", "notes": "None", "eligibility": "None" }, "geometry": { "type": "MultiPoint", "coordinates": [ [ -79.594823, 43.754474 ] ] } },
{ "type": "Feature", "properties": { "_id": 144, "locationId": 729, "locationTypeCode": "COOL_LOCN", "locationTypeDesc": "Cooling Location", "locationCode": "INDOOR_POOL", "locationDesc": "Indoor Pool", "locationName": "Joseph J. Piccininni Community Centre", "address": "1369 ST CLAIR AVE", "phone": "416-392-0036", "url": "https://www.toronto.ca/data/parks/prd/facilities/complex/509/index.html", "imageUrl": "None", "monOpen": "0700", "monClose": "2200", "tueOpen": "0700", "tueClose": "2200", "wedOpen": "0700", "wedClose": "2200", "thuOpen": "0700", "thuClose": "2200", "friOpen": "0700", "friClose": "2200", "satOpen": "0900", "satClose": "2100", "sunOpen": "0900", "sunClose": "2100", "amenities": "WASHROOMS:SHOWERS:ACCESS:POOL", "notes": "None", "eligibility": "None" }, "geometry": { "type": "MultiPoint", "coordinates": [ [ -79.451574, 43.675288 ] ] } },
{ "type": "Feature", "properties": { "_id": 145, "locationId": 728, "locationTypeCode": "COOL_LOCN", "locationTypeDesc": "Cooling Location", "locationCode": "OUTDOOR_POOL", "locationDesc": "Outdoor Pool", "locationName": "Weston Lions Park", "address": "2125 LAWRENCE AVE", "phone": "416-394-2743", "url": "https://www.toronto.ca/data/parks/prd/facilities/complex/508/index.html", "imageUrl": "None", "monOpen": "CALL", "monClose": "CALL", "tueOpen": "CALL", "tueClose": "CALL", "wedOpen": "CALL", "wedClose": "CALL", "thuOpen": "CALL", "thuClose": "CALL", "friOpen": "CALL", "friClose": "CALL", "satOpen": "CALL", "satClose": "CALL", "sunOpen": "CALL", "sunClose": "CALL", "amenities": "WASHROOMS:SHOWERS:POOL", "notes": "None", "eligibility": "None" }, "geometry": { "type": "MultiPoint", "coordinates": [ [ -79.517735, 43.69789 ] ] } },
{ "type": "Feature", "properties": { "_id": 146, "locationId": 849, "locationTypeCode": "COOL_LOCN", "locationTypeDesc": "Cooling Location", "locationCode": "SPLASHPAD", "locationDesc": "Splashpad", "locationName": "Macgregor Playground", "address": "346 LANSDOWNE AVE", "phone": "311", "url": "https://www.toronto.ca/data/parks/prd/facilities/complex/378/index.html", "imageUrl": "None", "monOpen": "0900", "monClose": "2030", "tueOpen": "0900", "tueClose": "2030", "wedOpen": "0900", "wedClose": "2030", "thuOpen": "0900", "thuClose": "2030", "friOpen": "0900", "friClose": "2030", "satOpen": "0900", "satClose": "2030", "sunOpen": "0900", "sunClose": "2030", "amenities": "None", "notes": "None", "eligibility": "None" }, "geometry": { "type": "MultiPoint", "coordinates": [ [ -79.442307, 43.653109 ] ] } },
{ "type": "Feature", "properties": { "_id": 147, "locationId": 896, "locationTypeCode": "COOL_LOCN", "locationTypeDesc": "Cooling Location", "locationCode": "SPLASHPAD", "locationDesc": "Splashpad", "locationName": "Parma Park", "address": "99 PARMA CRT", "phone": "311", "url": "https://www.toronto.ca/data/parks/prd/facilities/complex/719/index.html", "imageUrl": "None", "monOpen": "0900", "monClose": "2030", "tueOpen": "0900", "tueClose": "2030", "wedOpen": "0900", "wedClose": "2030", "thuOpen": "0900", "thuClose": "2030", "friOpen": "0900", "friClose": "2030", "satOpen": "0900", "satClose": "2030", "sunOpen": "0900", "sunClose": "2030", "amenities": "None", "notes": "None", "eligibility": "None" }, "geometry": { "type": "MultiPoint", "coordinates": [ [ -79.302347, 43.717811 ] ] } },
{ "type": "Feature", "properties": { "_id": 148, "locationId": 533, "locationTypeCode": "COOL_LOCN", "locationTypeDesc": "Cooling Location", "locationCode": "COMM_CNTR", "locationDesc": "Community Centre", "locationName": "North Kipling Community Centre", "address": "2 Rowntree Rd", "phone": "416-394-8679", "url": "https://www.toronto.ca/data/parks/prd/facilities/complex/749/index.html", "imageUrl": "None", "monOpen": "0900", "monClose": "2100", "tueOpen": "0900", "tueClose": "2100", "wedOpen": "0900", "wedClose": "2100", "thuOpen": "0900", "thuClose": "2100", "friOpen": "0900", "friClose": "2100", "satOpen": "0900", "satClose": "2100", "sunOpen": "0900", "sunClose": "2100", "amenities": "ACCESS", "notes": "None", "eligibility": "None" }, "geometry": { "type": "MultiPoint", "coordinates": [ [ -79.584893, 43.751762 ] ] } },
{ "type": "Feature", "properties": { "_id": 149, "locationId": 412, "locationTypeCode": "COOL_LOCN", "locationTypeDesc": "Cooling Location", "locationCode": "LIBRARY", "locationDesc": "Library", "locationName": "Eglinton Square Public Library", "address": "Eglinton Square Shopping Centre 1 Eglinton Square", "phone": "416-396-8920", "url": "https://www.torontopubliclibrary.ca/detail.jsp?R=LIB042", "imageUrl": "None", "monOpen": "0900", "monClose": "2030", "tueOpen": "0900", "tueClose": "2030", "wedOpen": "0900", "wedClose": "2030", "thuOpen": "0900", "thuClose": "2030", "friOpen": "0900", "friClose": "1700", "satOpen": "0900", "satClose": "1700", "sunOpen": "CLOSED", "sunClose": "CLOSED", "amenities": "WASHROOMS:WI_FI:ACCESS", "notes": "None", "eligibility": "None" }, "geometry": { "type": "MultiPoint", "coordinates": [ [ -79.300826, 43.723013 ] ] } },
{ "type": "Feature", "properties": { "_id": 150, "locationId": 848, "locationTypeCode": "COOL_LOCN", "locationTypeDesc": "Cooling Location", "locationCode": "SPLASHPAD", "locationDesc": "Splashpad", "locationName": "Spenvalley Park", "address": "130 SPENVALLEY DR", "phone": "311", "url": "https://www.toronto.ca/data/parks/prd/facilities/complex/349/index.html", "imageUrl": "None", "monOpen": "0900", "monClose": "2030", "tueOpen": "0900", "tueClose": "2030", "wedOpen": "0900", "wedClose": "2030", "thuOpen": "0900", "thuClose": "2030", "friOpen": "0900", "friClose": "2030", "satOpen": "0900", "satClose": "2030", "sunOpen": "0900", "sunClose": "2030", "amenities": "None", "notes": "None", "eligibility": "None" }, "geometry": { "type": "MultiPoint", "coordinates": [ [ -79.506492, 43.744339 ] ] } },
{ "type": "Feature", "properties": { "_id": 151, "locationId": 775, "locationTypeCode": "COOL_LOCN", "locationTypeDesc": "Cooling Location", "locationCode": "INDOOR_POOL", "locationDesc": "Indoor Pool", "locationName": "Albion Pool and Health Club", "address": "1485 ALBION RD", "phone": "416-394-8676", "url": "https://www.toronto.ca/data/parks/prd/facilities/complex/893/index.html", "imageUrl": "None", "monOpen": "0700", "monClose": "2200", "tueOpen": "0700", "tueClose": "2200", "wedOpen": "0700", "wedClose": "2200", "thuOpen": "0700", "thuClose": "2200", "friOpen": "0700", "friClose": "2000", "satOpen": "0900", "satClose": "1600", "sunOpen": "0900", "sunClose": "1600", "amenities": "None", "notes": "None", "eligibility": "None" }, "geometry": { "type": "MultiPoint", "coordinates": [ [ -79.581284, 43.739325 ] ] } },
{ "type": "Feature", "properties": { "_id": 152, "locationId": 534, "locationTypeCode": "COOL_LOCN", "locationTypeDesc": "Cooling Location", "locationCode": "COMM_CNTR", "locationDesc": "Community Centre", "locationName": "North Toronto Memorial Community Centre", "address": "200 Eglinton Ave W", "phone": "416-392-6591", "url": "https://www.toronto.ca/data/parks/prd/facilities/complex/189/index.html", "imageUrl": "None", "monOpen": "CALL", "monClose": "CALL", "tueOpen": "CALL", "tueClose": "CALL", "wedOpen": "CALL", "wedClose": "CALL", "thuOpen": "CALL", "thuClose": "CALL", "friOpen": "CALL", "friClose": "CALL", "satOpen": "CALL", "satClose": "CALL", "sunOpen": "CALL", "sunClose": "CALL", "amenities": "None", "notes": "None", "eligibility": "None" }, "geometry": { "type": "MultiPoint", "coordinates": [ [ -79.404623, 43.706106 ] ] } },
{ "type": "Feature", "properties": { "_id": 153, "locationId": 852, "locationTypeCode": "COOL_LOCN", "locationTypeDesc": "Cooling Location", "locationCode": "SPLASHPAD", "locationDesc": "Splashpad", "locationName": "Howard Talbot Park", "address": "635 EGLINTON AVE", "phone": "311", "url": "https://www.toronto.ca/data/parks/prd/facilities/complex/424/index.html", "imageUrl": "None", "monOpen": "0900", "monClose": "2030", "tueOpen": "0900", "tueClose": "2030", "wedOpen": "0900", "wedClose": "2030", "thuOpen": "0900", "thuClose": "2030", "friOpen": "0900", "friClose": "2030", "satOpen": "0900", "satClose": "2030", "sunOpen": "0900", "sunClose": "2030", "amenities": "None", "notes": "None", "eligibility": "None" }, "geometry": { "type": "MultiPoint", "coordinates": [ [ -79.37375, 43.710216 ] ] } },
{ "type": "Feature", "properties": { "_id": 154, "locationId": 850, "locationTypeCode": "COOL_LOCN", "locationTypeDesc": "Cooling Location", "locationCode": "SPLASHPAD", "locationDesc": "Splashpad", "locationName": "Stan Wadlow Park", "address": "888 COSBURN AVE", "phone": "311", "url": "https://www.toronto.ca/data/parks/prd/facilities/complex/421/index.html", "imageUrl": "None", "monOpen": "0900", "monClose": "2030", "tueOpen": "0900", "tueClose": "2030", "wedOpen": "0900", "wedClose": "2030", "thuOpen": "0900", "thuClose": "2030", "friOpen": "0900", "friClose": "2030", "satOpen": "0900", "satClose": "2030", "sunOpen": "0900", "sunClose": "2030", "amenities": "None", "notes": "None", "eligibility": "None" }, "geometry": { "type": "MultiPoint", "coordinates": [ [ -79.314255, 43.698312 ] ] } },
{ "type": "Feature", "properties": { "_id": 155, "locationId": 851, "locationTypeCode": "COOL_LOCN", "locationTypeDesc": "Cooling Location", "locationCode": "SPLASHPAD", "locationDesc": "Splashpad", "locationName": "R.V. Burgess Park", "address": "46 THORNCLIFFE PARK DR", "phone": "311", "url": "https://www.toronto.ca/data/parks/prd/facilities/complex/423/index.html", "imageUrl": "None", "monOpen": "0900", "monClose": "2030", "tueOpen": "0900", "tueClose": "2030", "wedOpen": "0900", "wedClose": "2030", "thuOpen": "0900", "thuClose": "2030", "friOpen": "0900", "friClose": "2030", "satOpen": "0900", "satClose": "2030", "sunOpen": "0900", "sunClose": "2030", "amenities": "None", "notes": "None", "eligibility": "None" }, "geometry": { "type": "MultiPoint", "coordinates": [ [ -79.343944, 43.703742 ] ] } },
{ "type": "Feature", "properties": { "_id": 156, "locationId": 613, "locationTypeCode": "COOL_LOCN", "locationTypeDesc": "Cooling Location", "locationCode": "INDOOR_POOL", "locationDesc": "Indoor Pool", "locationName": "Annette Community Recreation Centre", "address": "333 Annette St", "phone": "416-392-0736", "url": "https://www.toronto.ca/data/parks/prd/facilities/complex/17/index.html", "imageUrl": "None", "monOpen": "0900", "monClose": "2100", "tueOpen": "0900", "tueClose": "2100", "wedOpen": "0900", "wedClose": "2100", "thuOpen": "0900", "thuClose": "2100", "friOpen": "0900", "friClose": "2100", "satOpen": "0900", "satClose": "1600", "sunOpen": "0900", "sunClose": "1600", "amenities": "None", "notes": "None", "eligibility": "None" }, "geometry": { "type": "MultiPoint", "coordinates": [ [ -79.474259, 43.661273 ] ] } },
{ "type": "Feature", "properties": { "_id": 157, "locationId": 612, "locationTypeCode": "COOL_LOCN", "locationTypeDesc": "Cooling Location", "locationCode": "OUTDOOR_POOL", "locationDesc": "Outdoor Pool", "locationName": "Broadlands Community Centre", "address": "19 CASTLEGROVE BLVD", "phone": "416-395-7966", "url": "https://www.toronto.ca/data/parks/prd/facilities/complex/7/index.html", "imageUrl": "None", "monOpen": "0900", "monClose": "2200", "tueOpen": "0900", "tueClose": "2130", "wedOpen": "0900", "wedClose": "2200", "thuOpen": "0900", "thuClose": "2200", "friOpen": "0900", "friClose": "2200", "satOpen": "0900", "satClose": "2200", "sunOpen": "0900", "sunClose": "2200", "amenities": "WASHROOMS:SHOWERS", "notes": "None", "eligibility": "None" }, "geometry": { "type": "MultiPoint", "coordinates": [ [ -79.322827, 43.745989 ] ] } },
{ "type": "Feature", "properties": { "_id": 158, "locationId": 733, "locationTypeCode": "COOL_LOCN", "locationTypeDesc": "Cooling Location", "locationCode": "COMM_CNTR", "locationDesc": "Community Centre", "locationName": "Centennial Recreation Centre - Scarborough", "address": "1967 ELLESMERE RD", "phone": "416-396-4057", "url": "https://www.toronto.ca/data/parks/prd/facilities/complex/537/index.html", "imageUrl": "None", "monOpen": "0700", "monClose": "2100", "tueOpen": "0700", "tueClose": "2100", "wedOpen": "0700", "wedClose": "2100", "thuOpen": "0700", "thuClose": "2100", "friOpen": "0700", "friClose": "2100", "satOpen": "0700", "satClose": "2100", "sunOpen": "0700", "sunClose": "2100", "amenities": "None", "notes": "None", "eligibility": "None" }, "geometry": { "type": "MultiPoint", "coordinates": [ [ -79.236814, 43.774614 ] ] } },
{ "type": "Feature", "properties": { "_id": 159, "locationId": 853, "locationTypeCode": "COOL_LOCN", "locationTypeDesc": "Cooling Location", "locationCode": "SPLASHPAD", "locationDesc": "Splashpad", "locationName": "Woodbine Park", "address": "1695 QUEEN ST", "phone": "311", "url": "https://www.toronto.ca/data/parks/prd/facilities/complex/431/index.html", "imageUrl": "None", "monOpen": "0900", "monClose": "2030", "tueOpen": "0900", "tueClose": "2030", "wedOpen": "0900", "wedClose": "2030", "thuOpen": "0900", "thuClose": "2030", "friOpen": "0900", "friClose": "2030", "satOpen": "0900", "satClose": "2030", "sunOpen": "0900", "sunClose": "2030", "amenities": "None", "notes": "None", "eligibility": "None" }, "geometry": { "type": "MultiPoint", "coordinates": [ [ -79.313103, 43.663879 ] ] } },
{ "type": "Feature", "properties": { "_id": 160, "locationId": 854, "locationTypeCode": "COOL_LOCN", "locationTypeDesc": "Cooling Location", "locationCode": "SPLASHPAD", "locationDesc": "Splashpad", "locationName": "Massey Harris Park", "address": "945 KING ST", "phone": "311", "url": "https://www.toronto.ca/data/parks/prd/facilities/complex/455/index.html", "imageUrl": "None", "monOpen": "0900", "monClose": "2030", "tueOpen": "0900", "tueClose": "2030", "wedOpen": "0900", "wedClose": "2030", "thuOpen": "0900", "thuClose": "2030", "friOpen": "0900", "friClose": "2030", "satOpen": "0900", "satClose": "2030", "sunOpen": "0900", "sunClose": "2030", "amenities": "None", "notes": "None", "eligibility": "None" }, "geometry": { "type": "MultiPoint", "coordinates": [ [ -79.413533, 43.641385 ] ] } },
{ "type": "Feature", "properties": { "_id": 161, "locationId": 737, "locationTypeCode": "COOL_LOCN", "locationTypeDesc": "Cooling Location", "locationCode": "OUTDOOR_POOL", "locationDesc": "Outdoor Pool", "locationName": "Driftwood Community Recreation Centre", "address": "4401 JANE ST", "phone": "416-395-7944", "url": "https://www.toronto.ca/data/parks/prd/facilities/complex/575/index.html", "imageUrl": "None", "monOpen": "0800", "monClose": "2200", "tueOpen": "0800", "tueClose": "2200", "wedOpen": "0800", "wedClose": "2200", "thuOpen": "0800", "thuClose": "2200", "friOpen": "0800", "friClose": "2200", "satOpen": "0800", "satClose": "2000", "sunOpen": "0900", "sunClose": "2000", "amenities": "WASHROOMS:SHOWERS:POOL", "notes": "None", "eligibility": "None" }, "geometry": { "type": "MultiPoint", "coordinates": [ [ -79.518764, 43.765384 ] ] } },
{ "type": "Feature", "properties": { "_id": 162, "locationId": 857, "locationTypeCode": "COOL_LOCN", "locationTypeDesc": "Cooling Location", "locationCode": "SPLASHPAD", "locationDesc": "Splashpad", "locationName": "Joyce Trimmer Park", "address": "8450 SHEPPARD AVE", "phone": "311", "url": "https://www.toronto.ca/data/parks/prd/facilities/complex/462/index.html", "imageUrl": "None", "monOpen": "0900", "monClose": "2030", "tueOpen": "0900", "tueClose": "2030", "wedOpen": "0900", "wedClose": "2030", "thuOpen": "0900", "thuClose": "2030", "friOpen": "0900", "friClose": "2030", "satOpen": "0900", "satClose": "2030", "sunOpen": "0900", "sunClose": "2030", "amenities": "None", "notes": "None", "eligibility": "None" }, "geometry": { "type": "MultiPoint", "coordinates": [ [ -79.189758, 43.805555 ] ] } },
{ "type": "Feature", "properties": { "_id": 163, "locationId": 736, "locationTypeCode": "COOL_LOCN", "locationTypeDesc": "Cooling Location", "locationCode": "INDOOR_POOL", "locationDesc": "Indoor Pool", "locationName": "Douglas Snow Aquatic Centre", "address": "5100 Yonge Street", "phone": "416-395-7585", "url": "https://www.toronto.ca/data/parks/prd/facilities/complex/567/index.html", "imageUrl": "None", "monOpen": "0730", "monClose": "2230", "tueOpen": "0730", "tueClose": "2230", "wedOpen": "0730", "wedClose": "2230", "thuOpen": "0730", "thuClose": "2230", "friOpen": "0730", "friClose": "2200", "satOpen": "0900", "satClose": "2000", "sunOpen": "0730", "sunClose": "1600", "amenities": "WASHROOMS:SHOWERS:ACCESS:POOL", "notes": "None", "eligibility": "None" }, "geometry": { "type": "MultiPoint", "coordinates": [ [ -79.41477, 43.767245 ] ] } },
{ "type": "Feature", "properties": { "_id": 164, "locationId": 615, "locationTypeCode": "COOL_LOCN", "locationTypeDesc": "Cooling Location", "locationCode": "INDOOR_POOL", "locationDesc": "Indoor Pool", "locationName": "Bedford Park Community Centre", "address": "81 RANLEIGH AVE", "phone": "416-392-0618", "url": "https://www.toronto.ca/data/parks/prd/facilities/complex/27/index.html", "imageUrl": "None", "monOpen": "CLOSED", "monClose": "CLOSED", "tueOpen": "1700", "tueClose": "2100", "wedOpen": "1700", "wedClose": "2100", "thuOpen": "1700", "thuClose": "2100", "friOpen": "1700", "friClose": "2100", "satOpen": "CLOSED", "satClose": "CLOSED", "sunOpen": "0900", "sunClose": "1700", "amenities": "None", "notes": "None", "eligibility": "None" }, "geometry": { "type": "MultiPoint", "coordinates": [ [ -79.399908, 43.728173 ] ] } },
{ "type": "Feature", "properties": { "_id": 165, "locationId": 856, "locationTypeCode": "COOL_LOCN", "locationTypeDesc": "Cooling Location", "locationCode": "SPLASHPAD", "locationDesc": "Splashpad", "locationName": "Wychwood Barns Park", "address": "76 WYCHWOOD AVE", "phone": "311", "url": "https://www.toronto.ca/data/parks/prd/facilities/complex/461/index.html", "imageUrl": "None", "monOpen": "0900", "monClose": "2030", "tueOpen": "0900", "tueClose": "2030", "wedOpen": "0900", "wedClose": "2030", "thuOpen": "0900", "thuClose": "2030", "friOpen": "0900", "friClose": "2030", "satOpen": "0900", "satClose": "2030", "sunOpen": "0900", "sunClose": "2030", "amenities": "None", "notes": "None", "eligibility": "None" }, "geometry": { "type": "MultiPoint", "coordinates": [ [ -79.42391, 43.679485 ] ] } },
{ "type": "Feature", "properties": { "_id": 166, "locationId": 735, "locationTypeCode": "COOL_LOCN", "locationTypeDesc": "Cooling Location", "locationCode": "OUTDOOR_POOL", "locationDesc": "Outdoor Pool", "locationName": "Blantyre Park", "address": "180 FALLINGBROOK RD", "phone": "416-396-4126", "url": "https://www.toronto.ca/data/parks/prd/facilities/complex/557/index.html", "imageUrl": "None", "monOpen": "CALL", "monClose": "CALL", "tueOpen": "CALL", "tueClose": "CALL", "wedOpen": "CALL", "wedClose": "CALL", "thuOpen": "CALL", "thuClose": "CALL", "friOpen": "CALL", "friClose": "CALL", "satOpen": "CALL", "satClose": "CALL", "sunOpen": "CALL", "sunClose": "CALL", "amenities": "WASHROOMS:SHOWERS:POOL", "notes": "None", "eligibility": "None" }, "geometry": { "type": "MultiPoint", "coordinates": [ [ -79.280892, 43.683009 ] ] } },
{ "type": "Feature", "properties": { "_id": 167, "locationId": 734, "locationTypeCode": "COOL_LOCN", "locationTypeDesc": "Cooling Location", "locationCode": "INDOOR_POOL", "locationDesc": "Indoor Pool", "locationName": "Leaside Memorial Gardens Swimming Pool - Indoor Pool", "address": "1073 MILLWOOD RD", "phone": "416-396-2822", "url": "https://www.toronto.ca/data/parks/prd/facilities/complex/542/index.html", "imageUrl": "None", "monOpen": "1200", "monClose": "1600", "tueOpen": "1200", "tueClose": "1600", "wedOpen": "1200", "wedClose": "1600", "thuOpen": "1200", "thuClose": "1600", "friOpen": "1200", "friClose": "1600", "satOpen": "1300", "satClose": "1600", "sunOpen": "1300", "sunClose": "1600", "amenities": "WASHROOMS:SHOWERS:ACCESS:POOL", "notes": "None", "eligibility": "None" }, "geometry": { "type": "MultiPoint", "coordinates": [ [ -79.360991, 43.701891 ] ] } },
{ "type": "Feature", "properties": { "_id": 168, "locationId": 855, "locationTypeCode": "COOL_LOCN", "locationTypeDesc": "Cooling Location", "locationCode": "SPLASHPAD", "locationDesc": "Splashpad", "locationName": "Gamble Park", "address": "150 GAMBLE AVE", "phone": "311", "url": "https://www.toronto.ca/data/parks/prd/facilities/complex/456/index.html", "imageUrl": "None", "monOpen": "0900", "monClose": "2030", "tueOpen": "0900", "tueClose": "2030", "wedOpen": "0900", "wedClose": "2030", "thuOpen": "0900", "thuClose": "2030", "friOpen": "0900", "friClose": "2030", "satOpen": "0900", "satClose": "2030", "sunOpen": "0900", "sunClose": "2030", "amenities": "None", "notes": "None", "eligibility": "None" }, "geometry": { "type": "MultiPoint", "coordinates": [ [ -79.347219, 43.691053 ] ] } },
{ "type": "Feature", "properties": { "_id": 169, "locationId": 619, "locationTypeCode": "COOL_LOCN", "locationTypeDesc": "Cooling Location", "locationCode": "INDOOR_POOL", "locationDesc": "Indoor Pool", "locationName": "Frankland Community Centre", "address": "816 Logan Ave", "phone": "416-392-0749", "url": "https://www.toronto.ca/data/parks/prd/facilities/complex/39/index.html", "imageUrl": "None", "monOpen": "0900", "monClose": "2100", "tueOpen": "0900", "tueClose": "2100", "wedOpen": "0900", "wedClose": "2100", "thuOpen": "0900", "thuClose": "2100", "friOpen": "0900", "friClose": "2100", "satOpen": "0900", "satClose": "1700", "sunOpen": "0900", "sunClose": "1700", "amenities": "WASHROOMS:SHOWERS:ACCESS:POOL", "notes": "None", "eligibility": "None" }, "geometry": { "type": "MultiPoint", "coordinates": [ [ -79.349662, 43.677428 ] ] } },
{ "type": "Feature", "properties": { "_id": 170, "locationId": 739, "locationTypeCode": "COOL_LOCN", "locationTypeDesc": "Cooling Location", "locationCode": "OUTDOOR_POOL", "locationDesc": "Outdoor Pool", "locationName": "Glen Long Community Centre", "address": "35 GLEN LONG AVE", "phone": "416-395-7961", "url": "https://www.toronto.ca/data/parks/prd/facilities/complex/638/index.html", "imageUrl": "None", "monOpen": "0900", "monClose": "2100", "tueOpen": "0900", "tueClose": "2100", "wedOpen": "0900", "wedClose": "2100", "thuOpen": "0900", "thuClose": "2100", "friOpen": "0900", "friClose": "2100", "satOpen": "0900", "satClose": "2100", "sunOpen": "0900", "sunClose": "2100", "amenities": "WASHROOMS:SHOWERS", "notes": "None", "eligibility": "None" }, "geometry": { "type": "MultiPoint", "coordinates": [ [ -79.456113, 43.708761 ] ] } },
{ "type": "Feature", "properties": { "_id": 171, "locationId": 738, "locationTypeCode": "COOL_LOCN", "locationTypeDesc": "Cooling Location", "locationCode": "OUTDOOR_POOL", "locationDesc": "Outdoor Pool", "locationName": "Heron Park Community Centre", "address": "292 MANSE RD", "phone": "416-396-4035", "url": "https://www.toronto.ca/data/parks/prd/facilities/complex/633/index.html", "imageUrl": "None", "monOpen": "0900", "monClose": "2100", "tueOpen": "0900", "tueClose": "2100", "wedOpen": "0900", "wedClose": "2100", "thuOpen": "0900", "thuClose": "2100", "friOpen": "0900", "friClose": "2100", "satOpen": "0900", "satClose": "2100", "sunOpen": "0900", "sunClose": "2100", "amenities": "WASHROOMS:SHOWERS:POOL", "notes": "None", "eligibility": "None" }, "geometry": { "type": "MultiPoint", "coordinates": [ [ -79.17578, 43.768835 ] ] } },
{ "type": "Feature", "properties": { "_id": 172, "locationId": 859, "locationTypeCode": "COOL_LOCN", "locationTypeDesc": "Cooling Location", "locationCode": "SPLASHPAD", "locationDesc": "Splashpad", "locationName": "Ancaster Park", "address": "43 ANCASTER RD", "phone": "311", "url": "https://www.toronto.ca/data/parks/prd/facilities/complex/491/index.html", "imageUrl": "None", "monOpen": "0900", "monClose": "2030", "tueOpen": "0900", "tueClose": "2030", "wedOpen": "0900", "wedClose": "2030", "thuOpen": "0900", "thuClose": "2030", "friOpen": "0900", "friClose": "2030", "satOpen": "0900", "satClose": "2030", "sunOpen": "0900", "sunClose": "2030", "amenities": "None", "notes": "None", "eligibility": "None" }, "geometry": { "type": "MultiPoint", "coordinates": [ [ -79.465701, 43.733371 ] ] } },
{ "type": "Feature", "properties": { "_id": 173, "locationId": 914, "locationTypeCode": "COOL_LOCN", "locationTypeDesc": "Cooling Location", "locationCode": "SPLASHPAD", "locationDesc": "Splashpad", "locationName": "Amos Waites Park", "address": "2441 LAKE SHORE BLVD", "phone": "311", "url": "https://www.toronto.ca/data/parks/prd/facilities/complex/939/index.html", "imageUrl": "None", "monOpen": "0900", "monClose": "2030", "tueOpen": "0900", "tueClose": "2030", "wedOpen": "0900", "wedClose": "2030", "thuOpen": "0900", "thuClose": "2030", "friOpen": "0900", "friClose": "2030", "satOpen": "0900", "satClose": "2030", "sunOpen": "0900", "sunClose": "2030", "amenities": "None", "notes": "None", "eligibility": "None" }, "geometry": { "type": "MultiPoint", "coordinates": [ [ -79.488513, 43.613291 ] ] } },
{ "type": "Feature", "properties": { "_id": 174, "locationId": 913, "locationTypeCode": "COOL_LOCN", "locationTypeDesc": "Cooling Location", "locationCode": "SPLASHPAD", "locationDesc": "Splashpad", "locationName": "Oriole Park - North York", "address": "2955 DON MILLS RD", "phone": "311", "url": "https://www.toronto.ca/data/parks/prd/facilities/complex/937/index.html", "imageUrl": "None", "monOpen": "0900", "monClose": "2030", "tueOpen": "0900", "tueClose": "2030", "wedOpen": "0900", "wedClose": "2030", "thuOpen": "0900", "thuClose": "2030", "friOpen": "0900", "friClose": "2030", "satOpen": "0900", "satClose": "2030", "sunOpen": "0900", "sunClose": "2030", "amenities": "None", "notes": "None", "eligibility": "None" }, "geometry": { "type": "MultiPoint", "coordinates": [ [ -79.351206, 43.781436 ] ] } },
{ "type": "Feature", "properties": { "_id": 175, "locationId": 912, "locationTypeCode": "COOL_LOCN", "locationTypeDesc": "Cooling Location", "locationCode": "SPLASHPAD", "locationDesc": "Splashpad", "locationName": "Indian Line Park", "address": "655 HUMBERWOOD BLVD", "phone": "311", "url": "https://www.toronto.ca/data/parks/prd/facilities/complex/936/index.html", "imageUrl": "None", "monOpen": "0900", "monClose": "2030", "tueOpen": "0900", "tueClose": "2030", "wedOpen": "0900", "wedClose": "2030", "thuOpen": "0900", "thuClose": "2030", "friOpen": "0900", "friClose": "2030", "satOpen": "0900", "satClose": "2030", "sunOpen": "0900", "sunClose": "2030", "amenities": "None", "notes": "None", "eligibility": "None" }, "geometry": { "type": "MultiPoint", "coordinates": [ [ -79.622654, 43.724915 ] ] } },
{ "type": "Feature", "properties": { "_id": 176, "locationId": 911, "locationTypeCode": "COOL_LOCN", "locationTypeDesc": "Cooling Location", "locationCode": "SPLASHPAD", "locationDesc": "Splashpad", "locationName": "Rotary Peace Park", "address": "25 ELEVENTH ST", "phone": "311", "url": "https://www.toronto.ca/data/parks/prd/facilities/complex/867/index.html", "imageUrl": "None", "monOpen": "0900", "monClose": "2030", "tueOpen": "0900", "tueClose": "2030", "wedOpen": "0900", "wedClose": "2030", "thuOpen": "0900", "thuClose": "2030", "friOpen": "0900", "friClose": "2030", "satOpen": "0900", "satClose": "2030", "sunOpen": "0900", "sunClose": "2030", "amenities": "None", "notes": "Operates on the same schedule as the park's outdoor pool", "eligibility": "None" }, "geometry": { "type": "MultiPoint", "coordinates": [ [ -79.505916, 43.59389 ] ] } },
{ "type": "Feature", "properties": { "_id": 177, "locationId": 910, "locationTypeCode": "COOL_LOCN", "locationTypeDesc": "Cooling Location", "locationCode": "SPLASHPAD", "locationDesc": "Splashpad", "locationName": "Willowdale Park", "address": "75 HOLLYWOOD AVE", "phone": "311", "url": "https://www.toronto.ca/data/parks/prd/facilities/complex/865/index.html", "imageUrl": "None", "monOpen": "0900", "monClose": "2030", "tueOpen": "0900", "tueClose": "2030", "wedOpen": "0900", "wedClose": "2030", "thuOpen": "0900", "thuClose": "2030", "friOpen": "0900", "friClose": "2030", "satOpen": "0900", "satClose": "2030", "sunOpen": "0900", "sunClose": "2030", "amenities": "None", "notes": "None", "eligibility": "None" }, "geometry": { "type": "MultiPoint", "coordinates": [ [ -79.407869, 43.766024 ] ] } },
{ "type": "Feature", "properties": { "_id": 178, "locationId": 909, "locationTypeCode": "COOL_LOCN", "locationTypeDesc": "Cooling Location", "locationCode": "SPLASHPAD", "locationDesc": "Splashpad", "locationName": "Rexdale Park", "address": "6 DRUMHELLER RD", "phone": "311", "url": "https://www.toronto.ca/data/parks/prd/facilities/complex/862/index.html", "imageUrl": "None", "monOpen": "0900", "monClose": "2030", "tueOpen": "0900", "tueClose": "2030", "wedOpen": "0900", "wedClose": "2030", "thuOpen": "0900", "thuClose": "2030", "friOpen": "0900", "friClose": "2030", "satOpen": "0900", "satClose": "2030", "sunOpen": "0900", "sunClose": "2030", "amenities": "None", "notes": "None", "eligibility": "None" }, "geometry": { "type": "MultiPoint", "coordinates": [ [ -79.565527, 43.723676 ] ] } },
{ "type": "Feature", "properties": { "_id": 179, "locationId": 908, "locationTypeCode": "COOL_LOCN", "locationTypeDesc": "Cooling Location", "locationCode": "SPLASHPAD", "locationDesc": "Splashpad", "locationName": "Masseygrove Park", "address": "80 KENDLETON DR", "phone": "311", "url": "https://www.toronto.ca/data/parks/prd/facilities/complex/850/index.html", "imageUrl": "None", "monOpen": "0900", "monClose": "2030", "tueOpen": "0900", "tueClose": "2030", "wedOpen": "0900", "wedClose": "2030", "thuOpen": "0900", "thuClose": "2030", "friOpen": "0900", "friClose": "2030", "satOpen": "0900", "satClose": "2030", "sunOpen": "0900", "sunClose": "2030", "amenities": "None", "notes": "None", "eligibility": "None" }, "geometry": { "type": "MultiPoint", "coordinates": [ [ -79.588308, 43.734459 ] ] } },
{ "type": "Feature", "properties": { "_id": 180, "locationId": 907, "locationTypeCode": "COOL_LOCN", "locationTypeDesc": "Cooling Location", "locationCode": "SPLASHPAD", "locationDesc": "Splashpad", "locationName": "Martingrove Gardens Park", "address": "31 LAVINGTON DR", "phone": "311", "url": "https://www.toronto.ca/data/parks/prd/facilities/complex/849/index.html", "imageUrl": "None", "monOpen": "0900", "monClose": "2030", "tueOpen": "0900", "tueClose": "2030", "wedOpen": "0900", "wedClose": "2030", "thuOpen": "0900", "thuClose": "2030", "friOpen": "0900", "friClose": "2030", "satOpen": "0900", "satClose": "2030", "sunOpen": "0900", "sunClose": "2030", "amenities": "None", "notes": "None", "eligibility": "None" }, "geometry": { "type": "MultiPoint", "coordinates": [ [ -79.563531, 43.689111 ] ] } },
{ "type": "Feature", "properties": { "_id": 181, "locationId": 477, "locationTypeCode": "COOL_LOCN", "locationTypeDesc": "Cooling Location", "locationCode": "LIBRARY", "locationDesc": "Library", "locationName": "Woodside Square Public Library", "address": "Woodside Square Mall, 1571 Sandhurst Circle", "phone": "416-396-8979", "url": "https://www.torontopubliclibrary.ca/detail.jsp?R=LIB094", "imageUrl": "None", "monOpen": "0900", "monClose": "2030", "tueOpen": "0900", "tueClose": "2030", "wedOpen": "0900", "wedClose": "2030", "thuOpen": "0900", "thuClose": "2030", "friOpen": "0900", "friClose": "1700", "satOpen": "0900", "satClose": "1700", "sunOpen": "1200", "sunClose": "1700", "amenities": "WASHROOMS:WI_FI:ACCESS", "notes": "None", "eligibility": "None" }, "geometry": { "type": "MultiPoint", "coordinates": [ [ -79.269315, 43.809229 ] ] } },
{ "type": "Feature", "properties": { "_id": 182, "locationId": 475, "locationTypeCode": "COOL_LOCN", "locationTypeDesc": "Cooling Location", "locationCode": "LIBRARY", "locationDesc": "Library", "locationName": "Victoria Village Public Library", "address": "184 Sloane Ave", "phone": "416-395-5950", "url": "https://www.torontopubliclibrary.ca/detail.jsp?R=LIB092", "imageUrl": "None", "monOpen": "1000", "monClose": "2030", "tueOpen": "1230", "tueClose": "2030", "wedOpen": "1000", "wedClose": "1800", "thuOpen": "1230", "thuClose": "2030", "friOpen": "1000", "friClose": "1800", "satOpen": "0900", "satClose": "1700", "sunOpen": "1200", "sunClose": "1700", "amenities": "WASHROOMS:WI_FI:ACCESS", "notes": "None", "eligibility": "None" }, "geometry": { "type": "MultiPoint", "coordinates": [ [ -79.312893, 43.735971 ] ] } },
{ "type": "Feature", "properties": { "_id": 183, "locationId": 919, "locationTypeCode": "COOL_LOCN", "locationTypeDesc": "Cooling Location", "locationCode": "SPLASHPAD", "locationDesc": "Splashpad", "locationName": "North Humber Park", "address": "2851 KIPLING AVE", "phone": "311", "url": "https://www.toronto.ca/data/parks/prd/facilities/complex/998/index.html", "imageUrl": "None", "monOpen": "0900", "monClose": "2030", "tueOpen": "0900", "tueClose": "2030", "wedOpen": "0900", "wedClose": "2030", "thuOpen": "0900", "thuClose": "2030", "friOpen": "0900", "friClose": "2030", "satOpen": "0900", "satClose": "2030", "sunOpen": "0900", "sunClose": "2030", "amenities": "None", "notes": "None", "eligibility": "None" }, "geometry": { "type": "MultiPoint", "coordinates": [ [ -79.587853, 43.757362 ] ] } },
{ "type": "Feature", "properties": { "_id": 184, "locationId": 474, "locationTypeCode": "COOL_LOCN", "locationTypeDesc": "Cooling Location", "locationCode": "LIBRARY", "locationDesc": "Library", "locationName": "Toronto Reference Library", "address": "789 Yonge St", "phone": "416-395-5577", "url": "https://www.torontopubliclibrary.ca/detail.jsp?R=LIB018", "imageUrl": "None", "monOpen": "0900", "monClose": "2030", "tueOpen": "0900", "tueClose": "2030", "wedOpen": "0900", "wedClose": "2030", "thuOpen": "0900", "thuClose": "2030", "friOpen": "0900", "friClose": "2030", "satOpen": "0900", "satClose": "1700", "sunOpen": "1200", "sunClose": "1700", "amenities": "WASHROOMS:WI_FI:ACCESS", "notes": "None", "eligibility": "None" }, "geometry": { "type": "MultiPoint", "coordinates": [ [ -79.386673, 43.671888 ] ] } },
{ "type": "Feature", "properties": { "_id": 185, "locationId": 918, "locationTypeCode": "COOL_LOCN", "locationTypeDesc": "Cooling Location", "locationCode": "SPLASHPAD", "locationDesc": "Splashpad", "locationName": "Belmar Park", "address": "70 MONCLOVA RD", "phone": "311", "url": "https://www.toronto.ca/data/parks/prd/facilities/complex/981/index.html", "imageUrl": "None", "monOpen": "0900", "monClose": "2030", "tueOpen": "0900", "tueClose": "2030", "wedOpen": "0900", "wedClose": "2030", "thuOpen": "0900", "thuClose": "2030", "friOpen": "0900", "friClose": "2030", "satOpen": "0900", "satClose": "2030", "sunOpen": "0900", "sunClose": "2030", "amenities": "None", "notes": "None", "eligibility": "None" }, "geometry": { "type": "MultiPoint", "coordinates": [ [ -79.509811, 43.731979 ] ] } },
{ "type": "Feature", "properties": { "_id": 186, "locationId": 917, "locationTypeCode": "COOL_LOCN", "locationTypeDesc": "Cooling Location", "locationCode": "SPLASHPAD", "locationDesc": "Splashpad", "locationName": "Lakeshore Village Park", "address": "45 GARNETT JANES RD", "phone": "311", "url": "https://www.toronto.ca/data/parks/prd/facilities/complex/977/index.html", "imageUrl": "None", "monOpen": "0900", "monClose": "2030", "tueOpen": "0900", "tueClose": "2030", "wedOpen": "0900", "wedClose": "2030", "thuOpen": "0900", "thuClose": "2030", "friOpen": "0900", "friClose": "2030", "satOpen": "0900", "satClose": "2030", "sunOpen": "0900", "sunClose": "2030", "amenities": "None", "notes": "None", "eligibility": "None" }, "geometry": { "type": "MultiPoint", "coordinates": [ [ -79.510229, 43.600844 ] ] } },
{ "type": "Feature", "properties": { "_id": 187, "locationId": 473, "locationTypeCode": "COOL_LOCN", "locationTypeDesc": "Cooling Location", "locationCode": "LIBRARY", "locationDesc": "Library", "locationName": "Todmorden Room Public Library", "address": "1081 Â½ Pape Ave (at Torrens)", "phone": "416-396-3875", "url": "https://www.torontopubliclibrary.ca/detail.jsp?R=LIB091", "imageUrl": "None", "monOpen": "CLOSED", "monClose": "CLOSED", "tueOpen": "1230", "tueClose": "2030", "wedOpen": "0900", "wedClose": "1700", "thuOpen": "1230", "thuClose": "2030", "friOpen": "CLOSED", "friClose": "CLOSED", "satOpen": "0900", "satClose": "1700", "sunOpen": "1200", "sunClose": "1700", "amenities": "WASHROOMS:WI_FI:ACCESS", "notes": "None", "eligibility": "None" }, "geometry": { "type": "MultiPoint", "coordinates": [ [ -79.34927, 43.691784 ] ] } },
{ "type": "Feature", "properties": { "_id": 188, "locationId": 916, "locationTypeCode": "COOL_LOCN", "locationTypeDesc": "Cooling Location", "locationCode": "SPLASHPAD", "locationDesc": "Splashpad", "locationName": "Greystone Park", "address": "845 DANFORTH RD", "phone": "311", "url": "https://www.toronto.ca/data/parks/prd/facilities/complex/971/index.html", "imageUrl": "None", "monOpen": "0900", "monClose": "2030", "tueOpen": "0900", "tueClose": "2030", "wedOpen": "0900", "wedClose": "2030", "thuOpen": "0900", "thuClose": "2030", "friOpen": "0900", "friClose": "2030", "satOpen": "0900", "satClose": "2030", "sunOpen": "0900", "sunClose": "2030", "amenities": "None", "notes": "None", "eligibility": "None" }, "geometry": { "type": "MultiPoint", "coordinates": [ [ -79.252375, 43.726069 ] ] } },
{ "type": "Feature", "properties": { "_id": 189, "locationId": 915, "locationTypeCode": "COOL_LOCN", "locationTypeDesc": "Cooling Location", "locationCode": "SPLASHPAD", "locationDesc": "Splashpad", "locationName": "Kingsview Park", "address": "46 KINGSVIEW BLVD", "phone": "311", "url": "https://www.toronto.ca/data/parks/prd/facilities/complex/959/index.html", "imageUrl": "None", "monOpen": "0900", "monClose": "2030", "tueOpen": "0900", "tueClose": "2030", "wedOpen": "0900", "wedClose": "2030", "thuOpen": "0900", "thuClose": "2030", "friOpen": "0900", "friClose": "2030", "satOpen": "0900", "satClose": "2030", "sunOpen": "0900", "sunClose": "2030", "amenities": "None", "notes": "None", "eligibility": "None" }, "geometry": { "type": "MultiPoint", "coordinates": [ [ -79.554537, 43.699113 ] ] } },
{ "type": "Feature", "properties": { "_id": 190, "locationId": 472, "locationTypeCode": "COOL_LOCN", "locationTypeDesc": "Cooling Location", "locationCode": "LIBRARY", "locationDesc": "Library", "locationName": "Thorncliffe Public Library", "address": "48 Thorncliffe Park Dr", "phone": "416-396-3865", "url": "https://www.torontopubliclibrary.ca/detail.jsp?R=LIB090", "imageUrl": "None", "monOpen": "0900", "monClose": "2030", "tueOpen": "0900", "tueClose": "2030", "wedOpen": "0900", "wedClose": "2030", "thuOpen": "0900", "thuClose": "2030", "friOpen": "0900", "friClose": "2030", "satOpen": "0900", "satClose": "1700", "sunOpen": "1200", "sunClose": "1700", "amenities": "WASHROOMS:WI_FI:ACCESS", "notes": "None", "eligibility": "None" }, "geometry": { "type": "MultiPoint", "coordinates": [ [ -79.342737, 43.702947 ] ] } },
{ "type": "Feature", "properties": { "_id": 191, "locationId": 476, "locationTypeCode": "COOL_LOCN", "locationTypeDesc": "Cooling Location", "locationCode": "LIBRARY", "locationDesc": "Library", "locationName": "Weston Public Library", "address": "2 King St", "phone": "416-394-1016", "url": "https://www.torontopubliclibrary.ca/detail.jsp?R=LIB093", "imageUrl": "None", "monOpen": "0900", "monClose": "2030", "tueOpen": "0900", "tueClose": "2030", "wedOpen": "0900", "wedClose": "2030", "thuOpen": "0900", "thuClose": "2030", "friOpen": "0900", "friClose": "2030", "satOpen": "0900", "satClose": "1700", "sunOpen": "1200", "sunClose": "1700", "amenities": "WASHROOMS:WI_FI:ACCESS", "notes": "None", "eligibility": "None" }, "geometry": { "type": "MultiPoint", "coordinates": [ [ -79.520585, 43.70182 ] ] } },
{ "type": "Feature", "properties": { "_id": 192, "locationId": 487, "locationTypeCode": "COOL_LOCN", "locationTypeDesc": "Cooling Location", "locationCode": "COMM_CNTR", "locationDesc": "Community Centre", "locationName": "Armour Heights Community Centre", "address": "2140 Avenue Rd", "phone": "416-395-7848", "url": "https://www.toronto.ca/data/parks/prd/facilities/complex/503/index.html", "imageUrl": "None", "monOpen": "0800", "monClose": "2100", "tueOpen": "0800", "tueClose": "2100", "wedOpen": "0800", "wedClose": "2100", "thuOpen": "0800", "thuClose": "2100", "friOpen": "0800", "friClose": "2100", "satOpen": "0800", "satClose": "2100", "sunOpen": "0800", "sunClose": "2100", "amenities": "ACCESS", "notes": "None", "eligibility": "None" }, "geometry": { "type": "MultiPoint", "coordinates": [ [ -79.421918, 43.739446 ] ] } },
{ "type": "Feature", "properties": { "_id": 193, "locationId": 484, "locationTypeCode": "COOL_LOCN", "locationTypeDesc": "Cooling Location", "locationCode": "COMM_CNTR", "locationDesc": "Community Centre", "locationName": "Ancaster Community Centre", "address": "41 Ancaster Rd", "phone": "416-395-6057", "url": "https://www.toronto.ca/data/parks/prd/facilities/complex/487/index.html", "imageUrl": "None", "monOpen": "0800", "monClose": "2300", "tueOpen": "0800", "tueClose": "2300", "wedOpen": "0800", "wedClose": "2300", "thuOpen": "0800", "thuClose": "2300", "friOpen": "0800", "friClose": "2300", "satOpen": "CLOSED", "satClose": "CLOSED", "sunOpen": "CLOSED", "sunClose": "CLOSED", "amenities": "WRT_FNT:ACCESS", "notes": "None", "eligibility": "None" }, "geometry": { "type": "MultiPoint", "coordinates": [ [ -79.465697, 43.732526 ] ] } },
{ "type": "Feature", "properties": { "_id": 194, "locationId": 483, "locationTypeCode": "COOL_LOCN", "locationTypeDesc": "Cooling Location", "locationCode": "COMM_CNTR", "locationDesc": "Community Centre", "locationName": "Amesbury Community Centre", "address": "1507 Lawrence Ave W", "phone": "416-395-0145", "url": "https://www.toronto.ca/data/parks/prd/facilities/complex/472/index.html", "imageUrl": "None", "monOpen": "0900", "monClose": "2100", "tueOpen": "0900", "tueClose": "2100", "wedOpen": "0900", "wedClose": "2100", "thuOpen": "0900", "thuClose": "2100", "friOpen": "0900", "friClose": "2100", "satOpen": "0900", "satClose": "1600", "sunOpen": "0900", "sunClose": "1600", "amenities": "WASHROOMS:WRT_FNT:ACCESS", "notes": "None", "eligibility": "None" }, "geometry": { "type": "MultiPoint", "coordinates": [ [ -79.482619, 43.707166 ] ] } },
{ "type": "Feature", "properties": { "_id": 195, "locationId": 481, "locationTypeCode": "COOL_LOCN", "locationTypeDesc": "Cooling Location", "locationCode": "LIBRARY", "locationDesc": "Library", "locationName": "Yorkville Public Library", "address": "22 Yorkville Ave", "phone": "416-393-7660", "url": "https://www.torontopubliclibrary.ca/detail.jsp?R=LIB097", "imageUrl": "None", "monOpen": "0900", "monClose": "2030", "tueOpen": "0900", "tueClose": "2030", "wedOpen": "0900", "wedClose": "2030", "thuOpen": "0900", "thuClose": "2030", "friOpen": "0900", "friClose": "1700", "satOpen": "0900", "satClose": "1700", "sunOpen": "1200", "sunClose": "1700", "amenities": "WASHROOMS:WI_FI:ACCESS", "notes": "None", "eligibility": "None" }, "geometry": { "type": "MultiPoint", "coordinates": [ [ -79.388673, 43.671953 ] ] } },
{ "type": "Feature", "properties": { "_id": 196, "locationId": 480, "locationTypeCode": "COOL_LOCN", "locationTypeDesc": "Cooling Location", "locationCode": "LIBRARY", "locationDesc": "Library", "locationName": "York Woods Public Library", "address": "1785 Finch Ave W", "phone": "416-395-5980", "url": "https://www.torontopubliclibrary.ca/detail.jsp?R=LIB019", "imageUrl": "None", "monOpen": "0900", "monClose": "2030", "tueOpen": "0900", "tueClose": "2030", "wedOpen": "0900", "wedClose": "2030", "thuOpen": "0900", "thuClose": "2030", "friOpen": "0900", "friClose": "2030", "satOpen": "0900", "satClose": "1700", "sunOpen": "1200", "sunClose": "1700", "amenities": "WASHROOMS:WI_FI:ACCESS", "notes": "None", "eligibility": "None" }, "geometry": { "type": "MultiPoint", "coordinates": [ [ -79.507359, 43.758965 ] ] } },
{ "type": "Feature", "properties": { "_id": 197, "locationId": 479, "locationTypeCode": "COOL_LOCN", "locationTypeDesc": "Cooling Location", "locationCode": "LIBRARY", "locationDesc": "Library", "locationName": "Wychwood Public Library", "address": "1431 Bathurst St", "phone": "416-393-7683", "url": "https://www.torontopubliclibrary.ca/detail.jsp?R=LIB096", "imageUrl": "None", "monOpen": "0900", "monClose": "2030", "tueOpen": "0900", "tueClose": "2030", "wedOpen": "0900", "wedClose": "2030", "thuOpen": "0900", "thuClose": "2030", "friOpen": "0900", "friClose": "1700", "satOpen": "0900", "satClose": "1700", "sunOpen": "1200", "sunClose": "1700", "amenities": "WASHROOMS:WI_FI:ACCESS", "notes": "None", "eligibility": "None" }, "geometry": { "type": "MultiPoint", "coordinates": [ [ -79.41758, 43.68209 ] ] } },
{ "type": "Feature", "properties": { "_id": 198, "locationId": 478, "locationTypeCode": "COOL_LOCN", "locationTypeDesc": "Cooling Location", "locationCode": "LIBRARY", "locationDesc": "Library", "locationName": "Woodview Park Public Library", "address": "16 Bradstock Rd", "phone": "416-395-5960", "url": "https://www.torontopubliclibrary.ca/detail.jsp?R=LIB095", "imageUrl": "None", "monOpen": "1000", "monClose": "2030", "tueOpen": "1230", "tueClose": "2030", "wedOpen": "1000", "wedClose": "1800", "thuOpen": "1230", "thuClose": "2030", "friOpen": "1000", "friClose": "1800", "satOpen": "0900", "satClose": "1700", "sunOpen": "1200", "sunClose": "1700", "amenities": "WASHROOMS:WI_FI:ACCESS", "notes": "None", "eligibility": "None" }, "geometry": { "type": "MultiPoint", "coordinates": [ [ -79.538311, 43.739487 ] ] } },
{ "type": "Feature", "properties": { "_id": 199, "locationId": 485, "locationTypeCode": "COOL_LOCN", "locationTypeDesc": "Cooling Location", "locationCode": "COMM_CNTR", "locationDesc": "Community Centre", "locationName": "Annette Community Recreation Centre", "address": "333 Annette St", "phone": "416-392-0736", "url": "https://www.toronto.ca/data/parks/prd/facilities/complex/17/index.html", "imageUrl": "None", "monOpen": "0900", "monClose": "2100", "tueOpen": "0900", "tueClose": "2030", "wedOpen": "0900", "wedClose": "2100", "thuOpen": "0900", "thuClose": "2100", "friOpen": "0900", "friClose": "2100", "satOpen": "0900", "satClose": "1600", "sunOpen": "0900", "sunClose": "1600", "amenities": "WASHROOMS:SHOWERS:WRT_FNT:ACCESS:POOL", "notes": "None", "eligibility": "None" }, "geometry": { "type": "MultiPoint", "coordinates": [ [ -79.474139, 43.661204 ] ] } },
{ "type": "Feature", "properties": { "_id": 200, "locationId": 498, "locationTypeCode": "COOL_LOCN", "locationTypeDesc": "Cooling Location", "locationCode": "COMM_CNTR", "locationDesc": "Community Centre", "locationName": "Centennial Recreation Centre West", "address": "2694 Eglinton Ave WÂ ", "phone": "416-394-2717", "url": "https://www.toronto.ca/data/parks/prd/facilities/complex/474/index.html", "imageUrl": "None", "monOpen": "CLOSED", "monClose": "CLOSED", "tueOpen": "CLOSED", "tueClose": "CLOSED", "wedOpen": "CLOSED", "wedClose": "CLOSED", "thuOpen": "CLOSED", "thuClose": "CLOSED", "friOpen": "CLOSED", "friClose": "CLOSED", "satOpen": "CLOSED", "satClose": "CLOSED", "sunOpen": "CLOSED", "sunClose": "CLOSED", "amenities": "WRT_FNT:ACCESS:POOL", "notes": "None", "eligibility": "None" }, "geometry": { "type": "MultiPoint", "coordinates": [ [ -79.477504, 43.690058 ] ] } },
{ "type": "Feature", "properties": { "_id": 201, "locationId": 497, "locationTypeCode": "COOL_LOCN", "locationTypeDesc": "Cooling Location", "locationCode": "COMM_CNTR", "locationDesc": "Community Centre", "locationName": "Cedarbrook Community Centre", "address": "91 Eastpark Blvd", "phone": "416-396-4028", "url": "https://www.toronto.ca/data/parks/prd/facilities/complex/600/index.html", "imageUrl": "None", "monOpen": "0830", "monClose": "1830", "tueOpen": "0830", "tueClose": "2100", "wedOpen": "0930", "wedClose": "2030", "thuOpen": "0900", "thuClose": "1500", "friOpen": "0900", "friClose": "2000", "satOpen": "0900", "satClose": "2300", "sunOpen": "1000", "sunClose": "1330", "amenities": "WRT_FNT:ACCESS", "notes": "None", "eligibility": "None" }, "geometry": { "type": "MultiPoint", "coordinates": [ [ -79.22742, 43.755654 ] ] } },
{ "type": "Feature", "properties": { "_id": 202, "locationId": 495, "locationTypeCode": "COOL_LOCN", "locationTypeDesc": "Cooling Location", "locationCode": "COMM_CNTR", "locationDesc": "Community Centre", "locationName": "Burrows Hall Community Centre", "address": "1081 Progress Ave", "phone": "416-396-4670", "url": "https://www.toronto.ca/data/parks/prd/facilities/complex/591/index.html", "imageUrl": "None", "monOpen": "0900", "monClose": "2100", "tueOpen": "0900", "tueClose": "2100", "wedOpen": "0900", "wedClose": "2100", "thuOpen": "0900", "thuClose": "2100", "friOpen": "0900", "friClose": "2100", "satOpen": "0900", "satClose": "1700", "sunOpen": "0900", "sunClose": "1700", "amenities": "WASHROOMS:WRT_FNT:ACCESS", "notes": "None", "eligibility": "None" }, "geometry": { "type": "MultiPoint", "coordinates": [ [ -79.23437, 43.794056 ] ] } },
{ "type": "Feature", "properties": { "_id": 203, "locationId": 493, "locationTypeCode": "COOL_LOCN", "locationTypeDesc": "Cooling Location", "locationCode": "COMM_CNTR", "locationDesc": "Community Centre", "locationName": "Birkdale Community Centre", "address": "1299 Ellesmere Rd", "phone": "416-396-4069", "url": "https://www.toronto.ca/data/parks/prd/facilities/complex/289/index.html", "imageUrl": "None", "monOpen": "0900", "monClose": "2100", "tueOpen": "0900", "tueClose": "2100", "wedOpen": "0900", "wedClose": "2100", "thuOpen": "0900", "thuClose": "2100", "friOpen": "0900", "friClose": "2100", "satOpen": "0900", "satClose": "1700", "sunOpen": "0900", "sunClose": "1500", "amenities": "WASHROOMS:ACCESS", "notes": "None", "eligibility": "None" }, "geometry": { "type": "MultiPoint", "coordinates": [ [ -79.263889, 43.768232 ] ] } },
{ "type": "Feature", "properties": { "_id": 204, "locationId": 490, "locationTypeCode": "COOL_LOCN", "locationTypeDesc": "Cooling Location", "locationCode": "COMM_CNTR", "locationDesc": "Community Centre", "locationName": "Beaches Recreation Centre", "address": "6 Williamson Rd", "phone": "416-392-0740", "url": "https://www.toronto.ca/data/parks/prd/facilities/complex/24/index.html", "imageUrl": "None", "monOpen": "CALL", "monClose": "CALL", "tueOpen": "CALL", "tueClose": "CALL", "wedOpen": "CALL", "wedClose": "CALL", "thuOpen": "CALL", "thuClose": "CALL", "friOpen": "0900", "friClose": "2130", "satOpen": "0900", "satClose": "1630", "sunOpen": "1000", "sunClose": "1630", "amenities": "WRT_FNT:ACCESS:POOL", "notes": "None", "eligibility": "None" }, "geometry": { "type": "MultiPoint", "coordinates": [ [ -79.298807, 43.673931 ] ] } },
{ "type": "Feature", "properties": { "_id": 205, "locationId": 489, "locationTypeCode": "COOL_LOCN", "locationTypeDesc": "Cooling Location", "locationCode": "COMM_CNTR", "locationDesc": "Community Centre", "locationName": "Barbara Frum Community Centre", "address": "20 Covington Rd", "phone": "416-395-6123", "url": "https://www.toronto.ca/data/parks/prd/facilities/complex/1045/index.html", "imageUrl": "None", "monOpen": "CALL", "monClose": "CALL", "tueOpen": "CALL", "tueClose": "CALL", "wedOpen": "CALL", "wedClose": "CALL", "thuOpen": "CALL", "thuClose": "CALL", "friOpen": "CALL", "friClose": "CALL", "satOpen": "CALL", "satClose": "CALL", "sunOpen": "CALL", "sunClose": "CALL", "amenities": "ACCESS", "notes": "None", "eligibility": "None" }, "geometry": { "type": "MultiPoint", "coordinates": [ [ -79.432208, 43.720794 ] ] } },
{ "type": "Feature", "properties": { "_id": 206, "locationId": 488, "locationTypeCode": "COOL_LOCN", "locationTypeDesc": "Cooling Location", "locationCode": "COMM_CNTR", "locationDesc": "Community Centre", "locationName": "Banbury Community Centre", "address": "120 Banbury Rd", "phone": "416-395-6101", "url": "https://www.toronto.ca/data/parks/prd/facilities/complex/511/index.html", "imageUrl": "None", "monOpen": "0700", "monClose": "2300", "tueOpen": "0700", "tueClose": "2300", "wedOpen": "0700", "wedClose": "2300", "thuOpen": "0700", "thuClose": "2300", "friOpen": "0700", "friClose": "2300", "satOpen": "0700", "satClose": "2300", "sunOpen": "0700", "sunClose": "2300", "amenities": "ACCESS", "notes": "None", "eligibility": "None" }, "geometry": { "type": "MultiPoint", "coordinates": [ [ -79.369538, 43.742827 ] ] } },
{ "type": "Feature", "properties": { "_id": 207, "locationId": 391, "locationTypeCode": "COOL_LOCN", "locationTypeDesc": "Cooling Location", "locationCode": "LIBRARY", "locationDesc": "Library", "locationName": "Beaches Public Library", "address": "2161 Queen St E", "phone": "416-393-7703", "url": "https://www.torontopubliclibrary.ca/detail.jsp?R=LIB025", "imageUrl": "None", "monOpen": "0900", "monClose": "2030", "tueOpen": "0900", "tueClose": "2030", "wedOpen": "0900", "wedClose": "2030", "thuOpen": "0900", "thuClose": "2030", "friOpen": "0900", "friClose": "1700", "satOpen": "0900", "satClose": "1700", "sunOpen": "1200", "sunClose": "1700", "amenities": "WASHROOMS:WI_FI", "notes": "None", "eligibility": "None" }, "geometry": { "type": "MultiPoint", "coordinates": [ [ -79.298497, 43.670091 ] ] } },
{ "type": "Feature", "properties": { "_id": 208, "locationId": 388, "locationTypeCode": "COOL_LOCN", "locationTypeDesc": "Cooling Location", "locationCode": "LIBRARY", "locationDesc": "Library", "locationName": "Armour Heights Public Library", "address": "2140 Avenue Rd", "phone": "416-395-5430", "url": "https://www.torontopubliclibrary.ca/detail.jsp?R=LIB023", "imageUrl": "None", "monOpen": "CLOSED", "monClose": "CLOSED", "tueOpen": "1000", "tueClose": "1800", "wedOpen": "1230", "wedClose": "2030", "thuOpen": "1000", "thuClose": "1800", "friOpen": "1000", "friClose": "1800", "satOpen": "0900", "satClose": "1700", "sunOpen": "1200", "sunClose": "1700", "amenities": "WASHROOMS:WI_FI:ACCESS", "notes": "None", "eligibility": "None" }, "geometry": { "type": "MultiPoint", "coordinates": [ [ -79.421918, 43.739446 ] ] } },
{ "type": "Feature", "properties": { "_id": 209, "locationId": 387, "locationTypeCode": "COOL_LOCN", "locationTypeDesc": "Cooling Location", "locationCode": "LIBRARY", "locationDesc": "Library", "locationName": "Annette Street Public Library", "address": "145 Annette St", "phone": "416-393-7692", "url": "https://www.torontopubliclibrary.ca/detail.jsp?R=LIB022", "imageUrl": "None", "monOpen": "1000", "monClose": "2030", "tueOpen": "1230", "tueClose": "2030", "wedOpen": "1000", "wedClose": "1800", "thuOpen": "1230", "thuClose": "2030", "friOpen": "1000", "friClose": "1800", "satOpen": "0900", "satClose": "1700", "sunOpen": "1200", "sunClose": "1700", "amenities": "WASHROOMS:WI_FI:ACCESS", "notes": "None", "eligibility": "None" }, "geometry": { "type": "MultiPoint", "coordinates": [ [ -79.466444, 43.663313 ] ] } },
{ "type": "Feature", "properties": { "_id": 210, "locationId": 386, "locationTypeCode": "COOL_LOCN", "locationTypeDesc": "Cooling Location", "locationCode": "LIBRARY", "locationDesc": "Library", "locationName": "Amesbury Park Public Library", "address": "1565 Lawrence Ave W", "phone": "416-395-5420", "url": "https://www.torontopubliclibrary.ca/detail.jsp?R=LIB021", "imageUrl": "None", "monOpen": "CLOSED", "monClose": "CLOSED", "tueOpen": "1230", "tueClose": "2030", "wedOpen": "1000", "wedClose": "1800", "thuOpen": "1230", "thuClose": "2030", "friOpen": "1000", "friClose": "1800", "satOpen": "0900", "satClose": "1700", "sunOpen": "1200", "sunClose": "1700", "amenities": "WASHROOMS:WI_FI:ACCESS", "notes": "None", "eligibility": "None" }, "geometry": { "type": "MultiPoint", "coordinates": [ [ -79.485752, 43.706446 ] ] } },
{ "type": "Feature", "properties": { "_id": 211, "locationId": 385, "locationTypeCode": "COOL_LOCN", "locationTypeDesc": "Cooling Location", "locationCode": "LIBRARY", "locationDesc": "Library", "locationName": "Alderwood Public Library", "address": "2 Orianna Dr", "phone": "416-394-5310", "url": "https://www.torontopubliclibrary.ca/detail.jsp?R=LIB020", "imageUrl": "None", "monOpen": "1000", "monClose": "2030", "tueOpen": "1000", "tueClose": "1800", "wedOpen": "1000", "wedClose": "1800", "thuOpen": "1230", "thuClose": "2030", "friOpen": "1000", "friClose": "1800", "satOpen": "0900", "satClose": "1700", "sunOpen": "1200", "sunClose": "1700", "amenities": "WASHROOMS:WI_FI:ACCESS", "notes": "None", "eligibility": "None" }, "geometry": { "type": "MultiPoint", "coordinates": [ [ -79.547356, 43.601905 ] ] } },
{ "type": "Feature", "properties": { "_id": 212, "locationId": 384, "locationTypeCode": "COOL_LOCN", "locationTypeDesc": "Cooling Location", "locationCode": "LIBRARY", "locationDesc": "Library", "locationName": "Albion Public Library", "address": "1515 Albion Rd", "phone": "416-394-5170", "url": "https://www.torontopubliclibrary.ca/detail.jsp?R=LIB04", "imageUrl": "None", "monOpen": "0900", "monClose": "2030", "tueOpen": "0900", "tueClose": "2030", "wedOpen": "0900", "wedClose": "2030", "thuOpen": "0900", "thuClose": "2030", "friOpen": "0900", "friClose": "2030", "satOpen": "0900", "satClose": "1700", "sunOpen": "1200", "sunClose": "1700", "amenities": "WASHROOMS:WI_FI:ACCESS", "notes": "None", "eligibility": "None" }, "geometry": { "type": "MultiPoint", "coordinates": [ [ -79.584172, 43.739861 ] ] } },
{ "type": "Feature", "properties": { "_id": 213, "locationId": 499, "locationTypeCode": "COOL_LOCN", "locationTypeDesc": "Cooling Location", "locationCode": "INDOOR_POOL", "locationDesc": "Indoor Pool", "locationName": "Centennial Recreation Centre - Scarborough", "address": "1967 Ellesmere Rd", "phone": "416-396-4057", "url": "https://www.toronto.ca/data/parks/prd/facilities/complex/537/index.html", "imageUrl": "None", "monOpen": "0700", "monClose": "2200", "tueOpen": "0700", "tueClose": "2200", "wedOpen": "0700", "wedClose": "2200", "thuOpen": "0700", "thuClose": "2200", "friOpen": "0700", "friClose": "2200", "satOpen": "0700", "satClose": "2000", "sunOpen": "0700", "sunClose": "2000", "amenities": "WASHROOMS:SHOWERS:WRT_FNT:ACCESS:POOL", "notes": "None", "eligibility": "None" }, "geometry": { "type": "MultiPoint", "coordinates": [ [ -79.23715, 43.774837 ] ] } },
{ "type": "Feature", "properties": { "_id": 214, "locationId": 899, "locationTypeCode": "COOL_LOCN", "locationTypeDesc": "Cooling Location", "locationCode": "SPLASHPAD", "locationDesc": "Splashpad", "locationName": "Sandown Park", "address": "50 NATAL AVE", "phone": "311", "url": "https://www.toronto.ca/data/parks/prd/facilities/complex/741/index.html", "imageUrl": "None", "monOpen": "0900", "monClose": "2030", "tueOpen": "0900", "tueClose": "2030", "wedOpen": "0900", "wedClose": "2030", "thuOpen": "0900", "thuClose": "2030", "friOpen": "0900", "friClose": "2030", "satOpen": "0900", "satClose": "2030", "sunOpen": "0900", "sunClose": "2030", "amenities": "None", "notes": "None", "eligibility": "None" }, "geometry": { "type": "MultiPoint", "coordinates": [ [ -79.253555, 43.709947 ] ] } },
{ "type": "Feature", "properties": { "_id": 215, "locationId": 902, "locationTypeCode": "COOL_LOCN", "locationTypeDesc": "Cooling Location", "locationCode": "SPLASHPAD", "locationDesc": "Splashpad", "locationName": "Van Horne Park", "address": "561 VAN HORNE AVE", "phone": "311", "url": "https://www.toronto.ca/data/parks/prd/facilities/complex/770/index.html", "imageUrl": "None", "monOpen": "0900", "monClose": "2030", "tueOpen": "0900", "tueClose": "2030", "wedOpen": "0900", "wedClose": "2030", "thuOpen": "0900", "thuClose": "2030", "friOpen": "0900", "friClose": "2030", "satOpen": "0900", "satClose": "2030", "sunOpen": "0900", "sunClose": "2030", "amenities": "None", "notes": "None", "eligibility": "None" }, "geometry": { "type": "MultiPoint", "coordinates": [ [ -79.339415, 43.786502 ] ] } },
{ "type": "Feature", "properties": { "_id": 216, "locationId": 536, "locationTypeCode": "COOL_LOCN", "locationTypeDesc": "Cooling Location", "locationCode": "COMM_CNTR", "locationDesc": "Community Centre", "locationName": "O'Connor Community Centre", "address": "1386 Victoria Park Ave", "phone": "416-395-7957", "url": "https://www.toronto.ca/data/parks/prd/facilities/complex/1093/index.html", "imageUrl": "None", "monOpen": "0700", "monClose": "2200", "tueOpen": "0700", "tueClose": "2200", "wedOpen": "0700", "wedClose": "2200", "thuOpen": "0700", "thuClose": "2200", "friOpen": "0700", "friClose": "2200", "satOpen": "0700", "satClose": "2200", "sunOpen": "0700", "sunClose": "2200", "amenities": "WRT_FNT:ACCESS:POOL", "notes": "None", "eligibility": "None" }, "geometry": { "type": "MultiPoint", "coordinates": [ [ -79.301856, 43.717668 ] ] } },
{ "type": "Feature", "properties": { "_id": 217, "locationId": 901, "locationTypeCode": "COOL_LOCN", "locationTypeDesc": "Cooling Location", "locationCode": "SPLASHPAD", "locationDesc": "Splashpad", "locationName": "Shoreham Park", "address": "2 SHOREHAM CRT", "phone": "311", "url": "https://www.toronto.ca/data/parks/prd/facilities/complex/756/index.html", "imageUrl": "None", "monOpen": "0900", "monClose": "2030", "tueOpen": "0900", "tueClose": "2030", "wedOpen": "0900", "wedClose": "2030", "thuOpen": "0900", "thuClose": "2030", "friOpen": "0900", "friClose": "2030", "satOpen": "0900", "satClose": "2030", "sunOpen": "0900", "sunClose": "2030", "amenities": "None", "notes": "None", "eligibility": "None" }, "geometry": { "type": "MultiPoint", "coordinates": [ [ -79.519131, 43.770792 ] ] } },
{ "type": "Feature", "properties": { "_id": 218, "locationId": 398, "locationTypeCode": "COOL_LOCN", "locationTypeDesc": "Cooling Location", "locationCode": "LIBRARY", "locationDesc": "Library", "locationName": "Burrows Hall Public Library", "address": "1081 Progress Ave", "phone": "416-396-8740", "url": "https://www.torontopubliclibrary.ca/detail.jsp?R=LIB030", "imageUrl": "None", "monOpen": "0900", "monClose": "2030", "tueOpen": "0900", "tueClose": "2030", "wedOpen": "0900", "wedClose": "2030", "thuOpen": "0900", "thuClose": "2030", "friOpen": "0900", "friClose": "2030", "satOpen": "0900", "satClose": "1700", "sunOpen": "1200", "sunClose": "1700", "amenities": "WASHROOMS:WI_FI:ACCESS", "notes": "None", "eligibility": "None" }, "geometry": { "type": "MultiPoint", "coordinates": [ [ -79.23437, 43.794056 ] ] } },
{ "type": "Feature", "properties": { "_id": 219, "locationId": 396, "locationTypeCode": "COOL_LOCN", "locationTypeDesc": "Cooling Location", "locationCode": "LIBRARY", "locationDesc": "Library", "locationName": "Bridlewood Public Library", "address": "Bridlewood Mall, lower level, 2900 Warden Ave", "phone": "416-396-8960", "url": "https://www.torontopubliclibrary.ca/detail.jsp?R=LIB028", "imageUrl": "None", "monOpen": "0900", "monClose": "2030", "tueOpen": "0900", "tueClose": "2030", "wedOpen": "0900", "wedClose": "2030", "thuOpen": "0900", "thuClose": "2030", "friOpen": "0900", "friClose": "2030", "satOpen": "0900", "satClose": "1700", "sunOpen": "1200", "sunClose": "1700", "amenities": "WASHROOMS:WI_FI:ACCESS", "notes": "None", "eligibility": "None" }, "geometry": { "type": "MultiPoint", "coordinates": [ [ -79.318367, 43.798555 ] ] } },
{ "type": "Feature", "properties": { "_id": 220, "locationId": 535, "locationTypeCode": "COOL_LOCN", "locationTypeDesc": "Cooling Location", "locationCode": "COMM_CNTR", "locationDesc": "Community Centre", "locationName": "Northwood Community Centre", "address": "15 Clubhouse Crt", "phone": "416-395-7876", "url": "https://www.toronto.ca/data/parks/prd/facilities/complex/703/index.html", "imageUrl": "None", "monOpen": "0800", "monClose": "2200", "tueOpen": "0800", "tueClose": "2200", "wedOpen": "0800", "wedClose": "2200", "thuOpen": "0800", "thuClose": "2200", "friOpen": "0800", "friClose": "2200", "satOpen": "0800", "satClose": "2200", "sunOpen": "0800", "sunClose": "2200", "amenities": "WASHROOMS:SHOWERS:ACCESS:POOL", "notes": "None", "eligibility": "None" }, "geometry": { "type": "MultiPoint", "coordinates": [ [ -79.499993, 43.745526 ] ] } },
{ "type": "Feature", "properties": { "_id": 221, "locationId": 395, "locationTypeCode": "COOL_LOCN", "locationTypeDesc": "Cooling Location", "locationCode": "LIBRARY", "locationDesc": "Library", "locationName": "Brentwood Public Library", "address": "36 Brentwood Rd N", "phone": "416-394-5240", "url": "https://www.torontopubliclibrary.ca/detail.jsp?R=LIB07", "imageUrl": "None", "monOpen": "0900", "monClose": "2030", "tueOpen": "0900", "tueClose": "2030", "wedOpen": "0900", "wedClose": "2030", "thuOpen": "0900", "thuClose": "2030", "friOpen": "0900", "friClose": "2030", "satOpen": "0900", "satClose": "1700", "sunOpen": "1200", "sunClose": "1700", "amenities": "WASHROOMS:WI_FI:ACCESS", "notes": "None", "eligibility": "None" }, "geometry": { "type": "MultiPoint", "coordinates": [ [ -79.514311, 43.647433 ] ] } },
{ "type": "Feature", "properties": { "_id": 222, "locationId": 414, "locationTypeCode": "COOL_LOCN", "locationTypeDesc": "Cooling Location", "locationCode": "LIBRARY", "locationDesc": "Library", "locationName": "Evelyn Gregory Public Library", "address": "120 Trowell Ave", "phone": "416-394-1006", "url": "https://www.torontopubliclibrary.ca/detail.jsp?R=LIB044", "imageUrl": "None", "monOpen": "1000", "monClose": "2030", "tueOpen": "1230", "tueClose": "2030", "wedOpen": "1000", "wedClose": "1800", "thuOpen": "1230", "thuClose": "2030", "friOpen": "1000", "friClose": "1800", "satOpen": "0900", "satClose": "1700", "sunOpen": "CLOSED", "sunClose": "CLOSED", "amenities": "WI_FI:ACCESS", "notes": "None", "eligibility": "None" }, "geometry": { "type": "MultiPoint", "coordinates": [ [ -79.472367, 43.686332 ] ] } },
{ "type": "Feature", "properties": { "_id": 223, "locationId": 393, "locationTypeCode": "COOL_LOCN", "locationTypeDesc": "Cooling Location", "locationCode": "LIBRARY", "locationDesc": "Library", "locationName": "Black Creek Public Library", "address": "North York Sheridan Mall 1700 Wilson Ave", "phone": "416-395-5470", "url": "https://www.torontopubliclibrary.ca/detail.jsp?R=LIB027", "imageUrl": "None", "monOpen": "0900", "monClose": "2000", "tueOpen": "0900", "tueClose": "2000", "wedOpen": "0900", "wedClose": "2000", "thuOpen": "0900", "thuClose": "2000", "friOpen": "0900", "friClose": "2000", "satOpen": "0900", "satClose": "1700", "sunOpen": "1200", "sunClose": "1700", "amenities": "WASHROOMS:WI_FI:ACCESS", "notes": "None", "eligibility": "None" }, "geometry": { "type": "MultiPoint", "coordinates": [ [ -79.512531, 43.720971 ] ] } },
{ "type": "Feature", "properties": { "_id": 224, "locationId": 392, "locationTypeCode": "COOL_LOCN", "locationTypeDesc": "Cooling Location", "locationCode": "LIBRARY", "locationDesc": "Library", "locationName": "Bendale Public Library", "address": "1515 Danforth Rd", "phone": "416-396-8910", "url": "https://www.torontopubliclibrary.ca/detail.jsp?R=LIB026", "imageUrl": "None", "monOpen": "1000", "monClose": "2030", "tueOpen": "1230", "tueClose": "2030", "wedOpen": "1000", "wedClose": "1800", "thuOpen": "1230", "thuClose": "2030", "friOpen": "1000", "friClose": "1800", "satOpen": "0900", "satClose": "1700", "sunOpen": "1200", "sunClose": "1700", "amenities": "WASHROOMS:WI_FI:ACCESS", "notes": "None", "eligibility": "None" }, "geometry": { "type": "MultiPoint", "coordinates": [ [ -79.244027, 43.751082 ] ] } },
{ "type": "Feature", "properties": { "_id": 225, "locationId": 898, "locationTypeCode": "COOL_LOCN", "locationTypeDesc": "Cooling Location", "locationCode": "SPLASHPAD", "locationDesc": "Splashpad", "locationName": "Bob Hunter Park", "address": "205 GENERATION BLVD", "phone": "311", "url": "https://www.toronto.ca/data/parks/prd/facilities/complex/739/index.html", "imageUrl": "None", "monOpen": "0900", "monClose": "2030", "tueOpen": "0900", "tueClose": "2030", "wedOpen": "0900", "wedClose": "2030", "thuOpen": "0900", "thuClose": "2030", "friOpen": "0900", "friClose": "2030", "satOpen": "0900", "satClose": "2030", "sunOpen": "0900", "sunClose": "2030", "amenities": "None", "notes": "None", "eligibility": "None" }, "geometry": { "type": "MultiPoint", "coordinates": [ [ -79.161896, 43.800399 ] ] } },
{ "type": "Feature", "properties": { "_id": 226, "locationId": 1115, "locationTypeCode": "COOL_LOCN", "locationTypeDesc": "Cooling Location", "locationCode": "INDOOR_POOL", "locationDesc": "Indoor Pool", "locationName": "Pam McConnell Aquatic Centre", "address": "640 DUNDAS ST", "phone": "416-338-2237", "url": "https://www.toronto.ca/data/parks/prd/facilities/complex/2012/index.html", "imageUrl": "None", "monOpen": "0700", "monClose": "2100", "tueOpen": "0800", "tueClose": "2100", "wedOpen": "0700", "wedClose": "2100", "thuOpen": "0800", "thuClose": "2100", "friOpen": "0700", "friClose": "2100", "satOpen": "0900", "satClose": "1800", "sunOpen": "0830", "sunClose": "1900", "amenities": "WASHROOMS:SHOWERS:POOL", "notes": "None", "eligibility": "None" }, "geometry": { "type": "MultiPoint", "coordinates": [ [ -79.360937, 43.660828 ] ] } },
{ "type": "Feature", "properties": { "_id": 227, "locationId": 419, "locationTypeCode": "COOL_LOCN", "locationTypeDesc": "Cooling Location", "locationCode": "LIBRARY", "locationDesc": "Library", "locationName": "Gerrard/Ashdale Public Library", "address": "1432 Gerrard St E", "phone": "416-393-7717", "url": "https://www.torontopubliclibrary.ca/detail.jsp?R=LIB047", "imageUrl": "None", "monOpen": "1000", "monClose": "2030", "tueOpen": "1230", "tueClose": "2030", "wedOpen": "1000", "wedClose": "1800", "thuOpen": "1230", "thuClose": "2030", "friOpen": "1000", "friClose": "1800", "satOpen": "0900", "satClose": "1700", "sunOpen": "1200", "sunClose": "1700", "amenities": "WASHROOMS:WI_FI:ACCESS", "notes": "None", "eligibility": "None" }, "geometry": { "type": "MultiPoint", "coordinates": [ [ -79.322121, 43.67249 ] ] } },
{ "type": "Feature", "properties": { "_id": 228, "locationId": 1116, "locationTypeCode": "COOL_LOCN", "locationTypeDesc": "Cooling Location", "locationCode": "INDOOR_POOL", "locationDesc": "Indoor Pool", "locationName": "Trinity Community Recreation Centre", "address": "155 CRAWFORD ST", "phone": "416-392-0743", "url": "https://www.toronto.ca/data/parks/prd/facilities/complex/287/index.html", "imageUrl": "None", "monOpen": "0800", "monClose": "2100", "tueOpen": "0800", "tueClose": "2100", "wedOpen": "0800", "wedClose": "2100", "thuOpen": "0800", "thuClose": "2100", "friOpen": "0800", "friClose": "2100", "satOpen": "0900", "satClose": "1700", "sunOpen": "0900", "sunClose": "1700", "amenities": "WASHROOMS:SHOWERS:POOL", "notes": "None", "eligibility": "None" }, "geometry": { "type": "MultiPoint", "coordinates": [ [ -79.414973, 43.646444 ] ] } },
{ "type": "Feature", "properties": { "_id": 229, "locationId": 539, "locationTypeCode": "COOL_LOCN", "locationTypeDesc": "Cooling Location", "locationCode": "COMM_CNTR", "locationDesc": "Community Centre", "locationName": "Oriole Community Centre", "address": "2975 Don Mills Rd W", "phone": "416-395-6005", "url": "https://www.toronto.ca/data/parks/prd/facilities/complex/714/index.html", "imageUrl": "None", "monOpen": "0700", "monClose": "2300", "tueOpen": "0700", "tueClose": "2300", "wedOpen": "0700", "wedClose": "2300", "thuOpen": "0700", "thuClose": "2300", "friOpen": "0700", "friClose": "2300", "satOpen": "0700", "satClose": "2300", "sunOpen": "0700", "sunClose": "2300", "amenities": "WRT_FNT:ACCESS:POOL", "notes": "None", "eligibility": "None" }, "geometry": { "type": "MultiPoint", "coordinates": [ [ -79.351281, 43.78181 ] ] } },
{ "type": "Feature", "properties": { "_id": 230, "locationId": 1117, "locationTypeCode": "COOL_LOCN", "locationTypeDesc": "Cooling Location", "locationCode": "INDOOR_POOL", "locationDesc": "Indoor Pool", "locationName": "Wellesley Community Centre", "address": "495 Sherbourne St", "phone": "416-392-0227", "url": "https://www.toronto.ca/data/parks/prd/facilities/complex/451/index.html", "imageUrl": "None", "monOpen": "0700", "monClose": "2200", "tueOpen": "0700", "tueClose": "2200", "wedOpen": "0700", "wedClose": "2200", "thuOpen": "0700", "thuClose": "2200", "friOpen": "0700", "friClose": "2200", "satOpen": "0900", "satClose": "2200", "sunOpen": "0900", "sunClose": "1800", "amenities": "WASHROOMS:SHOWERS:WRT_FNT:ACCESS:POOL", "notes": "None", "eligibility": "None" }, "geometry": { "type": "MultiPoint", "coordinates": [ [ -79.374479, 43.667797 ] ] } },
{ "type": "Feature", "properties": { "_id": 231, "locationId": 418, "locationTypeCode": "COOL_LOCN", "locationTypeDesc": "Cooling Location", "locationCode": "LIBRARY", "locationDesc": "Library", "locationName": "Fort York Public Library", "address": "190 Fort York Blvd", "phone": "416-393-6240", "url": "https://www.torontopubliclibrary.ca/detail.jsp?R=LIB140", "imageUrl": "None", "monOpen": "0900", "monClose": "2030", "tueOpen": "0900", "tueClose": "2030", "wedOpen": "0900", "wedClose": "2030", "thuOpen": "0900", "thuClose": "2030", "friOpen": "0900", "friClose": "2030", "satOpen": "0900", "satClose": "1700", "sunOpen": "1200", "sunClose": "1700", "amenities": "WASHROOMS:WI_FI:ACCESS", "notes": "None", "eligibility": "None" }, "geometry": { "type": "MultiPoint", "coordinates": [ [ -79.400326, 43.639312 ] ] } },
{ "type": "Feature", "properties": { "_id": 232, "locationId": 1110, "locationTypeCode": "COOL_LOCN", "locationTypeDesc": "Cooling Location", "locationCode": "INDOOR_POOL", "locationDesc": "Indoor Pool", "locationName": "Alderwood Centre", "address": "2 Orianna Dr", "phone": "416-394-5310", "url": "https://www.toronto.ca/data/parks/prd/facilities/complex/897/index.html", "imageUrl": "None", "monOpen": "0600", "monClose": "2100", "tueOpen": "0600", "tueClose": "2030", "wedOpen": "0600", "wedClose": "2100", "thuOpen": "0600", "thuClose": "2030", "friOpen": "0600", "friClose": "1930", "satOpen": "1130", "satClose": "1530", "sunOpen": "1130", "sunClose": "1530", "amenities": "WI_FI:ACCESS", "notes": "None", "eligibility": "None" }, "geometry": { "type": "MultiPoint", "coordinates": [ [ -79.547356, 43.601905 ] ] } },
{ "type": "Feature", "properties": { "_id": 233, "locationId": 1109, "locationTypeCode": "COOL_LOCN", "locationTypeDesc": "Cooling Location", "locationCode": "COMM_CNTR", "locationDesc": "Community Centre", "locationName": "Main Square Community Centre", "address": "245 MAIN ST", "phone": "416-392-1070", "url": "https://www.toronto.ca/data/parks/prd/facilities/complex/85/index.html", "imageUrl": "None", "monOpen": "0630", "monClose": "2100", "tueOpen": "0630", "tueClose": "2100", "wedOpen": "0630", "wedClose": "2100", "thuOpen": "0630", "thuClose": "2100", "friOpen": "0630", "friClose": "2100", "satOpen": "0630", "satClose": "1700", "sunOpen": "0830", "sunClose": "1700", "amenities": "None", "notes": "None", "eligibility": "None" }, "geometry": { "type": "MultiPoint", "coordinates": [ [ -79.29985, 43.687164 ] ] } },
{ "type": "Feature", "properties": { "_id": 234, "locationId": 538, "locationTypeCode": "COOL_LOCN", "locationTypeDesc": "Cooling Location", "locationCode": "COMM_CNTR", "locationDesc": "Community Centre", "locationName": "Oakridge Community Recreation Centre", "address": "63 Pharmacy Ave", "phone": "416-338-1966", "url": "https://www.toronto.ca/data/parks/prd/facilities/complex/731/index.html", "imageUrl": "None", "monOpen": "0630", "monClose": "2130", "tueOpen": "0630", "tueClose": "2130", "wedOpen": "0630", "wedClose": "2130", "thuOpen": "0630", "thuClose": "2130", "friOpen": "0630", "friClose": "2130", "satOpen": "0800", "satClose": "1530", "sunOpen": "0800", "sunClose": "1530", "amenities": "WASHROOMS:WRT_FNT:WI_FI:ACCESS", "notes": "None", "eligibility": "None" }, "geometry": { "type": "MultiPoint", "coordinates": [ [ -79.28394, 43.694441 ] ] } },
{ "type": "Feature", "properties": { "_id": 235, "locationId": 417, "locationTypeCode": "COOL_LOCN", "locationTypeDesc": "Cooling Location", "locationCode": "LIBRARY", "locationDesc": "Library", "locationName": "Forest Hill Public Library", "address": "700 Eglinton Ave W", "phone": "416-393-7706", "url": "https://www.torontopubliclibrary.ca/detail.jsp?R=LIB046", "imageUrl": "None", "monOpen": "0900", "monClose": "2030", "tueOpen": "0900", "tueClose": "2030", "wedOpen": "0900", "wedClose": "2030", "thuOpen": "0900", "thuClose": "2030", "friOpen": "0900", "friClose": "2030", "satOpen": "0900", "satClose": "1700", "sunOpen": "1330", "sunClose": "1700", "amenities": "WASHROOMS:WI_FI:ACCESS", "notes": "None", "eligibility": "None" }, "geometry": { "type": "MultiPoint", "coordinates": [ [ -79.420802, 43.70223 ] ] } },
{ "type": "Feature", "properties": { "_id": 236, "locationId": 906, "locationTypeCode": "COOL_LOCN", "locationTypeDesc": "Cooling Location", "locationCode": "SPLASHPAD", "locationDesc": "Splashpad", "locationName": "Highfield Park", "address": "68 STEVENSON RD", "phone": "311", "url": "https://www.toronto.ca/data/parks/prd/facilities/complex/844/index.html", "imageUrl": "None", "monOpen": "0900", "monClose": "2030", "tueOpen": "0900", "tueClose": "2030", "wedOpen": "0900", "wedClose": "2030", "thuOpen": "0900", "thuClose": "2030", "friOpen": "0900", "friClose": "2030", "satOpen": "0900", "satClose": "2030", "sunOpen": "0900", "sunClose": "2030", "amenities": "None", "notes": "None", "eligibility": "None" }, "geometry": { "type": "MultiPoint", "coordinates": [ [ -79.589393, 43.74431 ] ] } },
{ "type": "Feature", "properties": { "_id": 237, "locationId": 537, "locationTypeCode": "COOL_LOCN", "locationTypeDesc": "Cooling Location", "locationCode": "COMM_CNTR", "locationDesc": "Community Centre", "locationName": "Oakdale Community Centre", "address": "350 Grandravine Dr", "phone": "416-395-0484", "url": "https://www.toronto.ca/data/parks/prd/facilities/complex/780/index.html", "imageUrl": "None", "monOpen": "CALL", "monClose": "CALL", "tueOpen": "CALL", "tueClose": "CALL", "wedOpen": "CALL", "wedClose": "CALL", "thuOpen": "CALL", "thuClose": "CALL", "friOpen": "CALL", "friClose": "CALL", "satOpen": "CALL", "satClose": "CALL", "sunOpen": "CALL", "sunClose": "CALL", "amenities": "ACCESS:POOL", "notes": "None", "eligibility": "None" }, "geometry": { "type": "MultiPoint", "coordinates": [ [ -79.51274, 43.748051 ] ] } },
{ "type": "Feature", "properties": { "_id": 238, "locationId": 905, "locationTypeCode": "COOL_LOCN", "locationTypeDesc": "Cooling Location", "locationCode": "SPLASHPAD", "locationDesc": "Splashpad", "locationName": "Walter Saunders Memorial Park", "address": "440 HOPEWELL AVE", "phone": "311", "url": "https://www.toronto.ca/data/parks/prd/facilities/complex/836/index.html", "imageUrl": "None", "monOpen": "0900", "monClose": "2030", "tueOpen": "0900", "tueClose": "2030", "wedOpen": "0900", "wedClose": "2030", "thuOpen": "0900", "thuClose": "2030", "friOpen": "0900", "friClose": "2030", "satOpen": "0900", "satClose": "2030", "sunOpen": "0900", "sunClose": "2030", "amenities": "None", "notes": "None", "eligibility": "None" }, "geometry": { "type": "MultiPoint", "coordinates": [ [ -79.447975, 43.699685 ] ] } },
{ "type": "Feature", "properties": { "_id": 239, "locationId": 416, "locationTypeCode": "COOL_LOCN", "locationTypeDesc": "Cooling Location", "locationCode": "LIBRARY", "locationDesc": "Library", "locationName": "Flemingdon Park Public Library", "address": "29 St. Dennis Dr", "phone": "416-395-5820", "url": "https://www.torontopubliclibrary.ca/detail.jsp?R=LIB045", "imageUrl": "None", "monOpen": "0900", "monClose": "2030", "tueOpen": "0900", "tueClose": "2030", "wedOpen": "0900", "wedClose": "2030", "thuOpen": "0900", "thuClose": "2030", "friOpen": "0900", "friClose": "2030", "satOpen": "0900", "satClose": "1700", "sunOpen": "CLOSED", "sunClose": "CLOSED", "amenities": "WI_FI:ACCESS", "notes": "None", "eligibility": "None" }, "geometry": { "type": "MultiPoint", "coordinates": [ [ -79.331687, 43.717941 ] ] } },
{ "type": "Feature", "properties": { "_id": 240, "locationId": 903, "locationTypeCode": "COOL_LOCN", "locationTypeDesc": "Cooling Location", "locationCode": "SPLASHPAD", "locationDesc": "Splashpad", "locationName": "Neilson Park - Scarborough", "address": "1555 NEILSON RD", "phone": "311", "url": "https://www.toronto.ca/data/parks/prd/facilities/complex/792/index.html", "imageUrl": "None", "monOpen": "0900", "monClose": "2030", "tueOpen": "0900", "tueClose": "2030", "wedOpen": "0900", "wedClose": "2030", "thuOpen": "0900", "thuClose": "2030", "friOpen": "0900", "friClose": "2030", "satOpen": "0900", "satClose": "2030", "sunOpen": "0900", "sunClose": "2030", "amenities": "None", "notes": "None", "eligibility": "None" }, "geometry": { "type": "MultiPoint", "coordinates": [ [ -79.224354, 43.813487 ] ] } },
{ "type": "Feature", "properties": { "_id": 241, "locationId": 1125, "locationTypeCode": "COOL_LOCN", "locationTypeDesc": "Cooling Location", "locationCode": "SPLASHPAD", "locationDesc": "Splashpad", "locationName": "Earlescourt Park", "address": "1200 Lansdowne Avenue", "phone": "None", "url": "https://www.toronto.ca/data/parks/prd/facilities/complex/514/index.html", "imageUrl": "None", "monOpen": "0900", "monClose": "2030", "tueOpen": "0900", "tueClose": "2030", "wedOpen": "0900", "wedClose": "2030", "thuOpen": "0900", "thuClose": "2030", "friOpen": "0900", "friClose": "2030", "satOpen": "0900", "satClose": "2030", "sunOpen": "0900", "sunClose": "2030", "amenities": "WATER", "notes": "None", "eligibility": "None" }, "geometry": { "type": "MultiPoint", "coordinates": [ [ -79.449447, 43.673552 ] ] } },
{ "type": "Feature", "properties": { "_id": 242, "locationId": 1124, "locationTypeCode": "COOL_LOCN", "locationTypeDesc": "Cooling Location", "locationCode": "SPLASHPAD", "locationDesc": "Splashpad", "locationName": "Clover Hill Park", "address": "50 St. Joseph St", "phone": "None", "url": "https://www.toronto.ca/data/parks/prd/facilities/complex/3697/index.html", "imageUrl": "None", "monOpen": "0900", "monClose": "2030", "tueOpen": "0900", "tueClose": "2030", "wedOpen": "0900", "wedClose": "2030", "thuOpen": "0900", "thuClose": "2030", "friOpen": "0900", "friClose": "2030", "satOpen": "0900", "satClose": "2030", "sunOpen": "0900", "sunClose": "2030", "amenities": "None", "notes": "None", "eligibility": "None" }, "geometry": { "type": "MultiPoint", "coordinates": [ [ -79.387925, 43.665686 ] ] } },
{ "type": "Feature", "properties": { "_id": 243, "locationId": 1122, "locationTypeCode": "COOL_LOCN", "locationTypeDesc": "Cooling Location", "locationCode": "SPLASHPAD", "locationDesc": "Splashpad", "locationName": "Canoe Landing", "address": "95 Fort York Blvd", "phone": "None", "url": "https://www.toronto.ca/data/parks/prd/facilities/complex/2708/index.html", "imageUrl": "None", "monOpen": "0900", "monClose": "2030", "tueOpen": "0900", "tueClose": "2030", "wedOpen": "0900", "wedClose": "2030", "thuOpen": "0900", "thuClose": "2030", "friOpen": "0900", "friClose": "2030", "satOpen": "0900", "satClose": "2030", "sunOpen": "0900", "sunClose": "2030", "amenities": "WATER", "notes": "None", "eligibility": "None" }, "geometry": { "type": "MultiPoint", "coordinates": [ [ -79.395004, 43.639965 ] ] } },
{ "type": "Feature", "properties": { "_id": 244, "locationId": 1121, "locationTypeCode": "COOL_LOCN", "locationTypeDesc": "Cooling Location", "locationCode": "SPLASHPAD", "locationDesc": "Splashpad", "locationName": "Albert Campbell Square", "address": "150 Borough Drive", "phone": "None", "url": "https://www.toronto.ca/data/parks/prd/facilities/complex/2155/index.html", "imageUrl": "None", "monOpen": "0900", "monClose": "2030", "tueOpen": "0900", "tueClose": "2030", "wedOpen": "0900", "wedClose": "2030", "thuOpen": "0900", "thuClose": "2030", "friOpen": "0900", "friClose": "2030", "satOpen": "0900", "satClose": "2030", "sunOpen": "0900", "sunClose": "2030", "amenities": "WATER", "notes": "None", "eligibility": "None" }, "geometry": { "type": "MultiPoint", "coordinates": [ [ -79.256729, 43.772167 ] ] } },
{ "type": "Feature", "properties": { "_id": 245, "locationId": 1119, "locationTypeCode": "COOL_LOCN", "locationTypeDesc": "Cooling Location", "locationCode": "LIBRARY", "locationDesc": "Library", "locationName": "Osborne Collection of Early Children's Books", "address": "239 College Street, 4th Floor", "phone": "416 393 7753", "url": "https://www.torontopubliclibrary.ca/osborne/", "imageUrl": "None", "monOpen": "0900", "monClose": "2030", "tueOpen": "0900", "tueClose": "2030", "wedOpen": "0900", "wedClose": "2030", "thuOpen": "0900", "thuClose": "2030", "friOpen": "0900", "friClose": "2030", "satOpen": "0900", "satClose": "1700", "sunOpen": "1200", "sunClose": "1700", "amenities": "WASHROOMS:WI_FI", "notes": "None", "eligibility": "None" }, "geometry": { "type": "MultiPoint", "coordinates": [ [ -79.397479, 43.658284 ] ] } },
{ "type": "Feature", "properties": { "_id": 246, "locationId": 1118, "locationTypeCode": "COOL_CNTR", "locationTypeDesc": "Cooling Centre", "locationCode": "LIBRARY", "locationDesc": "Library", "locationName": "Merrill Collection of Science Fiction, Speculation and Fantasy ", "address": "239 College Street, 3rd Floor", "phone": "416 393 7748", "url": "https://www.torontopubliclibrary.ca/merril/", "imageUrl": "None", "monOpen": "0900", "monClose": "2030", "tueOpen": "0900", "tueClose": "2030", "wedOpen": "0900", "wedClose": "2030", "thuOpen": "0900", "thuClose": "2030", "friOpen": "0900", "friClose": "2030", "satOpen": "0900", "satClose": "1700", "sunOpen": "1200", "sunClose": "1700", "amenities": "WASHROOMS:WI_FI", "notes": "None", "eligibility": "None" }, "geometry": { "type": "MultiPoint", "coordinates": [ [ -79.397479, 43.658284 ] ] } },
{ "type": "Feature", "properties": { "_id": 247, "locationId": 1099, "locationTypeCode": "COOL_LOCN", "locationTypeDesc": "Cooling Location", "locationCode": "SPLASHPAD", "locationDesc": "Splashpad", "locationName": "Greenbrae Parkette", "address": "100 Greenbrae Circt.", "phone": "311", "url": "https://www.toronto.ca/data/parks/prd/facilities/complex/2354/index.html", "imageUrl": "None", "monOpen": "0900", "monClose": "2030", "tueOpen": "0900", "tueClose": "2030", "wedOpen": "0900", "wedClose": "2030", "thuOpen": "0900", "thuClose": "2030", "friOpen": "0900", "friClose": "2030", "satOpen": "0900", "satClose": "2030", "sunOpen": "0900", "sunClose": "2030", "amenities": "None", "notes": "None", "eligibility": "None" }, "geometry": { "type": "MultiPoint", "coordinates": [ [ -79.230274, 43.760371 ] ] } },
{ "type": "Feature", "properties": { "_id": 248, "locationId": 1113, "locationTypeCode": "COOL_LOCN", "locationTypeDesc": "Cooling Location", "locationCode": "INDOOR_POOL", "locationDesc": "Indoor Pool", "locationName": "John Innes Community Recreation Centre", "address": "150 Sherbourne St", "phone": "416-392-6779", "url": "https://www.toronto.ca/data/parks/prd/facilities/complex/63/index.html", "imageUrl": "None", "monOpen": "0700", "monClose": "2300", "tueOpen": "0700", "tueClose": "2200", "wedOpen": "0700", "wedClose": "2200", "thuOpen": "0700", "thuClose": "2200", "friOpen": "0700", "friClose": "2200", "satOpen": "0700", "satClose": "2000", "sunOpen": "0700", "sunClose": "2000", "amenities": "WASHROOMS:SHOWERS:ACCESS:POOL", "notes": "None", "eligibility": "None" }, "geometry": { "type": "MultiPoint", "coordinates": [ [ -79.369955, 43.65557 ] ] } },
{ "type": "Feature", "properties": { "_id": 249, "locationId": 1114, "locationTypeCode": "COOL_LOCN", "locationTypeDesc": "Cooling Location", "locationCode": "INDOOR_POOL", "locationDesc": "Indoor Pool", "locationName": "Memorial Pool and Health Club", "address": "44 Montgomery Rd", "phone": "416-394-8731", "url": "https://www.toronto.ca/data/parks/prd/facilities/complex/891/index.html", "imageUrl": "None", "monOpen": "0630", "monClose": "2200", "tueOpen": "0630", "tueClose": "2200", "wedOpen": "0630", "wedClose": "2200", "thuOpen": "0630", "thuClose": "2200", "friOpen": "0630", "friClose": "2200", "satOpen": "0900", "satClose": "1630", "sunOpen": "0930", "sunClose": "1630", "amenities": "WASHROOMS:SHOWERS:ACCESS:POOL:GYM", "notes": "None", "eligibility": "None" }, "geometry": { "type": "MultiPoint", "coordinates": [ [ -79.519356, 43.648428 ] ] } },
{ "type": "Feature", "properties": { "_id": 250, "locationId": 663, "locationTypeCode": "COOL_LOCN", "locationTypeDesc": "Cooling Location", "locationCode": "INDOOR_POOL", "locationDesc": "Indoor Pool", "locationName": "North Toronto Memorial Community Centre", "address": "200 EGLINTON AVE", "phone": "416-392-6591", "url": "https://www.toronto.ca/data/parks/prd/facilities/complex/189/index.html", "imageUrl": "None", "monOpen": "0700", "monClose": "2130", "tueOpen": "0700", "tueClose": "2130", "wedOpen": "0700", "wedClose": "2130", "thuOpen": "0700", "thuClose": "2130", "friOpen": "0700", "friClose": "2130", "satOpen": "0830", "satClose": "2100", "sunOpen": "0830", "sunClose": "2100", "amenities": "WASHROOMS:SHOWERS:WRT_FNT:ACCESS:POOL", "notes": "None", "eligibility": "None" }, "geometry": { "type": "MultiPoint", "coordinates": [ [ -79.404249, 43.706186 ] ] } },
{ "type": "Feature", "properties": { "_id": 251, "locationId": 1136, "locationTypeCode": "COOL_LOCN", "locationTypeDesc": "Cooling Location", "locationCode": "SPLASHPAD", "locationDesc": "Splashpad", "locationName": "Trace Manes Park", "address": "110 Rumsey Road", "phone": "None", "url": "https://www.toronto.ca/data/parks/prd/facilities/complex/934/index.html", "imageUrl": "None", "monOpen": "0900", "monClose": "2030", "tueOpen": "0900", "tueClose": "2030", "wedOpen": "0900", "wedClose": "2030", "thuOpen": "0900", "thuClose": "2030", "friOpen": "0900", "friClose": "2030", "satOpen": "0900", "satClose": "2030", "sunOpen": "0900", "sunClose": "2030", "amenities": "WATER", "notes": "None", "eligibility": "None" }, "geometry": { "type": "MultiPoint", "coordinates": [ [ -79.366815, 43.704694 ] ] } },
{ "type": "Feature", "properties": { "_id": 252, "locationId": 784, "locationTypeCode": "COOL_LOCN", "locationTypeDesc": "Cooling Location", "locationCode": "OUTDOOR_POOL", "locationDesc": "Outdoor Pool", "locationName": "Lambton - Kingsway Park Outdoor Pool", "address": "37 MARQUIS AVE", "phone": "416-394-8489", "url": "https://www.toronto.ca/data/parks/prd/facilities/complex/902/index.html", "imageUrl": "None", "monOpen": "CALL", "monClose": "CALL", "tueOpen": "CALL", "tueClose": "CALL", "wedOpen": "CALL", "wedClose": "CALL", "thuOpen": "CALL", "thuClose": "CALL", "friOpen": "CALL", "friClose": "CALL", "satOpen": "CALL", "satClose": "CALL", "sunOpen": "CALL", "sunClose": "CALL", "amenities": "WASHROOMS:SHOWERS:POOL", "notes": "None", "eligibility": "None" }, "geometry": { "type": "MultiPoint", "coordinates": [ [ -79.508004, 43.657528 ] ] } },
{ "type": "Feature", "properties": { "_id": 253, "locationId": 1135, "locationTypeCode": "COOL_LOCN", "locationTypeDesc": "Cooling Location", "locationCode": "SPLASHPAD", "locationDesc": "Splashpad", "locationName": "Toronto Island Park - Centre Island", "address": "9 Queens Quay West", "phone": "None", "url": "https://www.toronto.ca/data/parks/prd/facilities/complex/2725/index.html", "imageUrl": "None", "monOpen": "0900", "monClose": "2030", "tueOpen": "0900", "tueClose": "2030", "wedOpen": "0900", "wedClose": "2030", "thuOpen": "0900", "thuClose": "2030", "friOpen": "0900", "friClose": "2030", "satOpen": "0900", "satClose": "2030", "sunOpen": "0900", "sunClose": "2030", "amenities": "WATER", "notes": "None", "eligibility": "None" }, "geometry": { "type": "MultiPoint", "coordinates": [ [ -79.376995, 43.641143 ] ] } },
{ "type": "Feature", "properties": { "_id": 254, "locationId": 421, "locationTypeCode": "COOL_LOCN", "locationTypeDesc": "Cooling Location", "locationCode": "LIBRARY", "locationDesc": "Library", "locationName": "Guildwood Public Library", "address": "Guildwood Plaza, 123 Guildwood Parkway", "phone": "416-396-8872", "url": "https://www.torontopubliclibrary.ca/detail.jsp?R=LIB139", "imageUrl": "None", "monOpen": "Closed", "monClose": "Closed", "tueOpen": "1230", "tueClose": "2030", "wedOpen": "1000", "wedClose": "1800", "thuOpen": "1230", "thuClose": "2030", "friOpen": "1000", "friClose": "1800", "satOpen": "0900", "satClose": "1700", "sunOpen": "1200", "sunClose": "1700", "amenities": "WASHROOMS:WI_FI:ACCESS", "notes": "None", "eligibility": "None" }, "geometry": { "type": "MultiPoint", "coordinates": [ [ -79.199374, 43.746852 ] ] } },
{ "type": "Feature", "properties": { "_id": 255, "locationId": 1134, "locationTypeCode": "COOL_LOCN", "locationTypeDesc": "Cooling Location", "locationCode": "SPLASHPAD", "locationDesc": "Splashpad", "locationName": "St. James Park", "address": "120 King Street East", "phone": "None", "url": "https://www.toronto.ca/data/parks/prd/facilities/complex/408/index.html", "imageUrl": "None", "monOpen": "0900", "monClose": "2030", "tueOpen": "0900", "tueClose": "2030", "wedOpen": "0900", "wedClose": "2030", "thuOpen": "0900", "thuClose": "2030", "friOpen": "0900", "friClose": "2030", "satOpen": "0900", "satClose": "2030", "sunOpen": "0900", "sunClose": "2030", "amenities": "WATER", "notes": "None", "eligibility": "None" }, "geometry": { "type": "MultiPoint", "coordinates": [ [ -79.358037, 43.655722 ] ] } },
{ "type": "Feature", "properties": { "_id": 256, "locationId": 1133, "locationTypeCode": "COOL_LOCN", "locationTypeDesc": "Cooling Location", "locationCode": "SPLASHPAD", "locationDesc": "Splashpad", "locationName": "Pessoa Park", "address": "405 Dufferin Street", "phone": "None", "url": "https://www.toronto.ca/data/parks/prd/facilities/complex/3703/index.html", "imageUrl": "None", "monOpen": "0900", "monClose": "2030", "tueOpen": "0900", "tueClose": "2030", "wedOpen": "0900", "wedClose": "2030", "thuOpen": "0900", "thuClose": "2030", "friOpen": "0900", "friClose": "2030", "satOpen": "0900", "satClose": "2030", "sunOpen": "0900", "sunClose": "2030", "amenities": "None", "notes": "None", "eligibility": "None" }, "geometry": { "type": "MultiPoint", "coordinates": [ [ -79.429085, 43.643448 ] ] } },
{ "type": "Feature", "properties": { "_id": 257, "locationId": 541, "locationTypeCode": "COOL_LOCN", "locationTypeDesc": "Cooling Location", "locationCode": "COMM_CNTR", "locationDesc": "Community Centre", "locationName": "Parkway Forest Community Centre", "address": "55 Forest Manor Rd", "phone": "416-392-6383", "url": "https://www.toronto.ca/data/parks/prd/facilities/complex/2791/index.html", "imageUrl": "None", "monOpen": "0800", "monClose": "2100", "tueOpen": "0800", "tueClose": "2100", "wedOpen": "0800", "wedClose": "2100", "thuOpen": "0800", "thuClose": "2100", "friOpen": "0800", "friClose": "2100", "satOpen": "0800", "satClose": "2100", "sunOpen": "0800", "sunClose": "2100", "amenities": "WRT_FNT:ACCESS", "notes": "None", "eligibility": "None" }, "geometry": { "type": "MultiPoint", "coordinates": [ [ -79.343894, 43.772537 ] ] } },
{ "type": "Feature", "properties": { "_id": 258, "locationId": 1131, "locationTypeCode": "COOL_LOCN", "locationTypeDesc": "Cooling Location", "locationCode": "SPLASHPAD", "locationDesc": "Splashpad", "locationName": "Morse Street Playground", "address": "76 Morse Street", "phone": "None", "url": "https://www.toronto.ca/data/parks/prd/facilities/complex/174/index.html", "imageUrl": "None", "monOpen": "0900", "monClose": "2030", "tueOpen": "0900", "tueClose": "2030", "wedOpen": "0900", "wedClose": "2030", "thuOpen": "0900", "thuClose": "2030", "friOpen": "0900", "friClose": "2030", "satOpen": "0900", "satClose": "2030", "sunOpen": "0900", "sunClose": "2030", "amenities": "None", "notes": "None", "eligibility": "None" }, "geometry": { "type": "MultiPoint", "coordinates": [ [ -79.339431, 43.656322 ] ] } },
{ "type": "Feature", "properties": { "_id": 259, "locationId": 420, "locationTypeCode": "COOL_LOCN", "locationTypeDesc": "Cooling Location", "locationCode": "LIBRARY", "locationDesc": "Library", "locationName": "Goldhawk Park Public Library", "address": "295 Alton Towers Circle", "phone": "416-396-8964", "url": "https://www.torontopubliclibrary.ca/detail.jsp?R=LIB048", "imageUrl": "None", "monOpen": "0900", "monClose": "2030", "tueOpen": "0900", "tueClose": "2030", "wedOpen": "0900", "wedClose": "2030", "thuOpen": "0900", "thuClose": "2030", "friOpen": "0900", "friClose": "1700", "satOpen": "0900", "satClose": "1700", "sunOpen": "1200", "sunClose": "1700", "amenities": "WASHROOMS:WI_FI:ACCESS", "notes": "None", "eligibility": "None" }, "geometry": { "type": "MultiPoint", "coordinates": [ [ -79.278195, 43.824089 ] ] } },
{ "type": "Feature", "properties": { "_id": 260, "locationId": 1130, "locationTypeCode": "COOL_LOCN", "locationTypeDesc": "Cooling Location", "locationCode": "SPLASHPAD", "locationDesc": "Splashpad", "locationName": "McCowan District Park", "address": "150 McCowan Road", "phone": "None", "url": "https://www.toronto.ca/data/parks/prd/facilities/complex/1500/index.html", "imageUrl": "None", "monOpen": "0900", "monClose": "2030", "tueOpen": "0900", "tueClose": "2030", "wedOpen": "0900", "wedClose": "2030", "thuOpen": "0900", "thuClose": "2030", "friOpen": "0900", "friClose": "2030", "satOpen": "0900", "satClose": "2030", "sunOpen": "0900", "sunClose": "2030", "amenities": "None", "notes": "None", "eligibility": "None" }, "geometry": { "type": "MultiPoint", "coordinates": [ [ -79.236221, 43.734073 ] ] } },
{ "type": "Feature", "properties": { "_id": 261, "locationId": 1129, "locationTypeCode": "COOL_LOCN", "locationTypeDesc": "Cooling Location", "locationCode": "SPLASHPAD", "locationDesc": "Splashpad", "locationName": "McCleary Playground", "address": "80 McGee Street", "phone": "None", "url": "https://www.toronto.ca/data/parks/prd/facilities/complex/2466/index.html", "imageUrl": "None", "monOpen": "0900", "monClose": "2030", "tueOpen": "0900", "tueClose": "2030", "wedOpen": "0900", "wedClose": "2030", "thuOpen": "0900", "thuClose": "2030", "friOpen": "0900", "friClose": "2030", "satOpen": "0900", "satClose": "2030", "sunOpen": "0900", "sunClose": "2030", "amenities": "None", "notes": "None", "eligibility": "None" }, "geometry": { "type": "MultiPoint", "coordinates": [ [ -79.344795, 43.658306 ] ] } },
{ "type": "Feature", "properties": { "_id": 262, "locationId": 783, "locationTypeCode": "COOL_LOCN", "locationTypeDesc": "Cooling Location", "locationCode": "OUTDOOR_POOL", "locationDesc": "Outdoor Pool", "locationName": "Eringate Park Outdoor Pool", "address": "121 WELLESWORTH DR", "phone": "416-394-8485", "url": "https://www.toronto.ca/data/parks/prd/facilities/complex/901/index.html", "imageUrl": "None", "monOpen": "CALL", "monClose": "CALL", "tueOpen": "CALL", "tueClose": "CALL", "wedOpen": "CALL", "wedClose": "CALL", "thuOpen": "CALL", "thuClose": "CALL", "friOpen": "CALL", "friClose": "CALL", "satOpen": "CALL", "satClose": "CALL", "sunOpen": "CALL", "sunClose": "CALL", "amenities": "WASHROOMS:SHOWERS:POOL", "notes": "None", "eligibility": "None" }, "geometry": { "type": "MultiPoint", "coordinates": [ [ -79.581093, 43.662572 ] ] } },
{ "type": "Feature", "properties": { "_id": 263, "locationId": 782, "locationTypeCode": "COOL_LOCN", "locationTypeDesc": "Cooling Location", "locationCode": "OUTDOOR_POOL", "locationDesc": "Outdoor Pool", "locationName": "Westgrove Park Outdoor Pool", "address": "15 REDGRAVE DR", "phone": "416-394-8500", "url": "https://www.toronto.ca/data/parks/prd/facilities/complex/900/index.html", "imageUrl": "None", "monOpen": "CALL", "monClose": "CALL", "tueOpen": "CALL", "tueClose": "CALL", "wedOpen": "CALL", "wedClose": "CALL", "thuOpen": "CALL", "thuClose": "CALL", "friOpen": "CALL", "friClose": "CALL", "satOpen": "CALL", "satClose": "CALL", "sunOpen": "CALL", "sunClose": "CALL", "amenities": "WASHROOMS:SHOWERS:POOL", "notes": "None", "eligibility": "None" }, "geometry": { "type": "MultiPoint", "coordinates": [ [ -79.567855, 43.681766 ] ] } },
{ "type": "Feature", "properties": { "_id": 264, "locationId": 1128, "locationTypeCode": "COOL_LOCN", "locationTypeDesc": "Cooling Location", "locationCode": "SPLASHPAD", "locationDesc": "Splashpad", "locationName": "John Tabor Park", "address": "240 John Tabor Trail", "phone": "None", "url": "https://www.toronto.ca/data/parks/prd/facilities/complex/622/index.html", "imageUrl": "None", "monOpen": "None", "monClose": "None", "tueOpen": "None", "tueClose": "None", "wedOpen": "None", "wedClose": "None", "thuOpen": "None", "thuClose": "None", "friOpen": "None", "friClose": "None", "satOpen": "None", "satClose": "None", "sunOpen": "None", "sunClose": "None", "amenities": "None", "notes": "None", "eligibility": "None" }, "geometry": { "type": "MultiPoint", "coordinates": [ [ -79.204711, 43.806652 ] ] } },
{ "type": "Feature", "properties": { "_id": 265, "locationId": 1126, "locationTypeCode": "COOL_LOCN", "locationTypeDesc": "Cooling Location", "locationCode": "SPLASHPAD", "locationDesc": "Splashpad", "locationName": "Flemingdon Park", "address": "150 Grenoble Drive", "phone": "None", "url": "https://www.toronto.ca/data/parks/prd/facilities/complex/583/index.html", "imageUrl": "None", "monOpen": "0900", "monClose": "2030", "tueOpen": "0900", "tueClose": "2030", "wedOpen": "0900", "wedClose": "2030", "thuOpen": "0900", "thuClose": "2030", "friOpen": "0900", "friClose": "2030", "satOpen": "0900", "satClose": "2030", "sunOpen": "0900", "sunClose": "2030", "amenities": "WATER", "notes": "None", "eligibility": "None" }, "geometry": { "type": "MultiPoint", "coordinates": [ [ -79.326828, 43.713359 ] ] } },
{ "type": "Feature", "properties": { "_id": 266, "locationId": 540, "locationTypeCode": "COOL_LOCN", "locationTypeDesc": "Cooling Location", "locationCode": "COMM_CNTR", "locationDesc": "Community Centre", "locationName": "Ourland Community Centre", "address": "18 Ourland Ave", "phone": "416-394-8673", "url": "https://www.toronto.ca/data/parks/prd/facilities/complex/793/index.html", "imageUrl": "None", "monOpen": "0900", "monClose": "1700", "tueOpen": "0900", "tueClose": "1700", "wedOpen": "0900", "wedClose": "1700", "thuOpen": "0900", "thuClose": "1700", "friOpen": "0900", "friClose": "1700", "satOpen": "0900", "satClose": "1700", "sunOpen": "0900", "sunClose": "1700", "amenities": "ACCESS", "notes": "None", "eligibility": "None" }, "geometry": { "type": "MultiPoint", "coordinates": [ [ -79.508258, 43.615097 ] ] } },
{ "type": "Feature", "properties": { "_id": 267, "locationId": 1127, "locationTypeCode": "COOL_LOCN", "locationTypeDesc": "Cooling Location", "locationCode": "SPLASHPAD", "locationDesc": "Splashpad", "locationName": "George Webster Park", "address": "30 Chapman Avenue", "phone": "None", "url": "https://www.toronto.ca/data/parks/prd/facilities/complex/426/index.html", "imageUrl": "None", "monOpen": "0900", "monClose": "2030", "tueOpen": "0900", "tueClose": "2030", "wedOpen": "0900", "wedClose": "2030", "thuOpen": "0900", "thuClose": "2030", "friOpen": "0900", "friClose": "2030", "satOpen": "0900", "satClose": "2030", "sunOpen": "0900", "sunClose": "2030", "amenities": "None", "notes": "None", "eligibility": "None" }, "geometry": { "type": "MultiPoint", "coordinates": [ [ -79.300941, 43.700382 ] ] } },
{ "type": "Feature", "properties": { "_id": 268, "locationId": 1147, "locationTypeCode": "COOL_LOCN", "locationTypeDesc": "Cooling Location", "locationCode": "COMM_CNTR", "locationDesc": "Community Centre", "locationName": "Jimmie Simpson Recreation Centre", "address": "870 Queen Street East", "phone": "416-392-0751", "url": "https://www.toronto.ca/data/parks/prd/facilities/complex/58/index.html", "imageUrl": "None", "monOpen": "0700", "monClose": "2200", "tueOpen": "0900", "tueClose": "2200", "wedOpen": "0700", "wedClose": "2200", "thuOpen": "0900", "thuClose": "2200", "friOpen": "0700", "friClose": "2200", "satOpen": "0900", "satClose": "1700", "sunOpen": "0900", "sunClose": "1700", "amenities": "WASHROOMS:SHOWERS:POOL", "notes": "None", "eligibility": "None" }, "geometry": { "type": "MultiPoint", "coordinates": [ [ -79.344955, 43.659977 ] ] } },
{ "type": "Feature", "properties": { "_id": 269, "locationId": 1146, "locationTypeCode": "COOL_LOCN", "locationTypeDesc": "Cooling Location", "locationCode": "COMM_CNTR", "locationDesc": "Community Centre", "locationName": "Holy Family Community Centre", "address": "141 Close Avenue", "phone": "416-392-6695", "url": "https://www.toronto.ca/data/parks/prd/facilities/complex/52/index.html", "imageUrl": "None", "monOpen": "1530", "monClose": "2100", "tueOpen": "1530", "tueClose": "2100", "wedOpen": "1530", "wedClose": "2100", "thuOpen": "1530", "thuClose": "2100", "friOpen": "1530", "friClose": "2100", "satOpen": "CLOSED", "satClose": "CLOSED", "sunOpen": "CLOSED", "sunClose": "CLOSED", "amenities": "None", "notes": "None", "eligibility": "None" }, "geometry": { "type": "MultiPoint", "coordinates": [ [ -79.435387, 43.637642 ] ] } },
{ "type": "Feature", "properties": { "_id": 270, "locationId": 424, "locationTypeCode": "COOL_LOCN", "locationTypeDesc": "Cooling Location", "locationCode": "LIBRARY", "locationDesc": "Library", "locationName": "Hillcrest Public Library", "address": "5801 Leslie St", "phone": "416-395-5830", "url": "https://www.torontopubliclibrary.ca/detail.jsp?R=LIB051", "imageUrl": "None", "monOpen": "0900", "monClose": "2030", "tueOpen": "0900", "tueClose": "2030", "wedOpen": "0900", "wedClose": "2030", "thuOpen": "0900", "thuClose": "2030", "friOpen": "0900", "friClose": "1700", "satOpen": "0900", "satClose": "1700", "sunOpen": "1200", "sunClose": "1700", "amenities": "WASHROOMS:WI_FI:ACCESS", "notes": "None", "eligibility": "None" }, "geometry": { "type": "MultiPoint", "coordinates": [ [ -79.369016, 43.797117 ] ] } },
{ "type": "Feature", "properties": { "_id": 271, "locationId": 1145, "locationTypeCode": "COOL_LOCN", "locationTypeDesc": "Cooling Location", "locationCode": "COMM_CNTR", "locationDesc": "Community Centre", "locationName": "Earl Beatty Community Centre", "address": "455 Glebeholme Blvd", "phone": "416-392-0752", "url": "https://www.toronto.ca/data/parks/prd/facilities/complex/36/index.html", "imageUrl": "None", "monOpen": "1600", "monClose": "2100", "tueOpen": "1600", "tueClose": "2100", "wedOpen": "1500", "wedClose": "2100", "thuOpen": "1500", "thuClose": "2130", "friOpen": "1400", "friClose": "2000", "satOpen": "0900", "satClose": "1630", "sunOpen": "0900", "sunClose": "1700", "amenities": "None", "notes": "None", "eligibility": "None" }, "geometry": { "type": "MultiPoint", "coordinates": [ [ -79.3211, 43.68655 ] ] } },
{ "type": "Feature", "properties": { "_id": 272, "locationId": 786, "locationTypeCode": "COOL_LOCN", "locationTypeDesc": "Cooling Location", "locationCode": "OUTDOOR_POOL", "locationDesc": "Outdoor Pool", "locationName": "West Deane Park Outdoor Pool", "address": "19 SEDGEBROOK CRES", "phone": "416-394-8497", "url": "https://www.toronto.ca/data/parks/prd/facilities/complex/904/index.html", "imageUrl": "None", "monOpen": "CALL", "monClose": "CALL", "tueOpen": "CALL", "tueClose": "CALL", "wedOpen": "CALL", "wedClose": "CALL", "thuOpen": "CALL", "thuClose": "CALL", "friOpen": "CALL", "friClose": "CALL", "satOpen": "CALL", "satClose": "CALL", "sunOpen": "CALL", "sunClose": "CALL", "amenities": "WASHROOMS:SHOWERS:POOL", "notes": "None", "eligibility": "None" }, "geometry": { "type": "MultiPoint", "coordinates": [ [ -79.561863, 43.660649 ] ] } },
{ "type": "Feature", "properties": { "_id": 273, "locationId": 544, "locationTypeCode": "COOL_LOCN", "locationTypeDesc": "Cooling Location", "locationCode": "COMM_CNTR", "locationDesc": "Community Centre", "locationName": "Regent Park Community Centre", "address": "402 Shuter St", "phone": "416-392-5490", "url": "https://www.toronto.ca/data/parks/prd/facilities/complex/3502/index.html", "imageUrl": "None", "monOpen": "0730", "monClose": "2200", "tueOpen": "0730", "tueClose": "2200", "wedOpen": "0730", "wedClose": "2200", "thuOpen": "0730", "thuClose": "2200", "friOpen": "0730", "friClose": "2200", "satOpen": "0900", "satClose": "1800", "sunOpen": "1000", "sunClose": "1800", "amenities": "WRT_FNT:WI_FI:ACCESS", "notes": "None", "eligibility": "None" }, "geometry": { "type": "MultiPoint", "coordinates": [ [ -79.36174, 43.657994 ] ] } },
{ "type": "Feature", "properties": { "_id": 274, "locationId": 423, "locationTypeCode": "COOL_LOCN", "locationTypeDesc": "Cooling Location", "locationCode": "LIBRARY", "locationDesc": "Library", "locationName": "Highland Creek Public Library", "address": "3550 Ellesmere Rd", "phone": "416-396-8876", "url": "https://www.torontopubliclibrary.ca/detail.jsp?R=LIB050", "imageUrl": "None", "monOpen": "Closed", "monClose": "Closed", "tueOpen": "1230", "tueClose": "2030", "wedOpen": "1000", "wedClose": "1800", "thuOpen": "1230", "thuClose": "2030", "friOpen": "1000", "friClose": "1800", "satOpen": "0900", "satClose": "1700", "sunOpen": "1200", "sunClose": "1700", "amenities": "WASHROOMS:WI_FI:ACCESS", "notes": "None", "eligibility": "None" }, "geometry": { "type": "MultiPoint", "coordinates": [ [ -79.175238, 43.790069 ] ] } },
{ "type": "Feature", "properties": { "_id": 275, "locationId": 1143, "locationTypeCode": "COOL_LOCN", "locationTypeDesc": "Cooling Location", "locationCode": "COMM_CNTR", "locationDesc": "Community Centre", "locationName": "David Appleton Community Recreation Centre", "address": "33 Pritchard Avenue", "phone": "416-394-4826", "url": "https://www.toronto.ca/data/parks/prd/facilities/complex/25/index.html", "imageUrl": "None", "monOpen": "CLOSED", "monClose": "CLOSED", "tueOpen": "CLOSED", "tueClose": "CLOSED", "wedOpen": "1000", "wedClose": "1400", "thuOpen": "CLOSED", "thuClose": "CLOSED", "friOpen": "CLOSED", "friClose": "CLOSED", "satOpen": "CLOSED", "satClose": "CLOSED", "sunOpen": "CLOSED", "sunClose": "CLOSED", "amenities": "WASHROOMS:ACCESS", "notes": "None", "eligibility": "None" }, "geometry": { "type": "MultiPoint", "coordinates": [ [ -79.488739, 43.670456 ] ] } },
{ "type": "Feature", "properties": { "_id": 276, "locationId": 785, "locationTypeCode": "COOL_LOCN", "locationTypeDesc": "Cooling Location", "locationCode": "OUTDOOR_POOL", "locationDesc": "Outdoor Pool", "locationName": "Wedgewood Park  Outdoor Pool", "address": "15 SWAN AVE", "phone": "416-394-8496", "url": "https://www.toronto.ca/data/parks/prd/facilities/complex/903/index.html", "imageUrl": "None", "monOpen": "CALL", "monClose": "CALL", "tueOpen": "CALL", "tueClose": "CALL", "wedOpen": "CALL", "wedClose": "CALL", "thuOpen": "CALL", "thuClose": "CALL", "friOpen": "CALL", "friClose": "CALL", "satOpen": "CALL", "satClose": "CALL", "sunOpen": "CALL", "sunClose": "CALL", "amenities": "WASHROOMS:SHOWERS:POOL", "notes": "None", "eligibility": "None" }, "geometry": { "type": "MultiPoint", "coordinates": [ [ -79.54773, 43.644415 ] ] } },
{ "type": "Feature", "properties": { "_id": 277, "locationId": 543, "locationTypeCode": "COOL_LOCN", "locationTypeDesc": "Cooling Location", "locationCode": "COMM_CNTR", "locationDesc": "Community Centre", "locationName": "Port Union Community Recreation Centre", "address": "5450 Lawrence Ave E", "phone": "416-396-4031", "url": "https://www.toronto.ca/data/parks/prd/facilities/complex/883/index.html", "imageUrl": "None", "monOpen": "0630", "monClose": "2130", "tueOpen": "0630", "tueClose": "2130", "wedOpen": "0630", "wedClose": "2130", "thuOpen": "0630", "thuClose": "2130", "friOpen": "0630", "friClose": "2000", "satOpen": "0730", "satClose": "1700", "sunOpen": "1030", "sunClose": "1600", "amenities": "ACCESS", "notes": "None", "eligibility": "None" }, "geometry": { "type": "MultiPoint", "coordinates": [ [ -79.140291, 43.779665 ] ] } },
{ "type": "Feature", "properties": { "_id": 278, "locationId": 422, "locationTypeCode": "COOL_LOCN", "locationTypeDesc": "Cooling Location", "locationCode": "LIBRARY", "locationDesc": "Library", "locationName": "High Park Public Library", "address": "228 Roncesvalles Ave", "phone": "416-393-7671", "url": "https://www.torontopubliclibrary.ca/detail.jsp?R=LIB049", "imageUrl": "None", "monOpen": "0900", "monClose": "2030", "tueOpen": "0900", "tueClose": "2030", "wedOpen": "0900", "wedClose": "2030", "thuOpen": "0900", "thuClose": "2030", "friOpen": "0900", "friClose": "1700", "satOpen": "0900", "satClose": "1700", "sunOpen": "1200", "sunClose": "1700", "amenities": "WASHROOMS:WI_FI:ACCESS", "notes": "None", "eligibility": "None" }, "geometry": { "type": "MultiPoint", "coordinates": [ [ -79.448963, 43.645135 ] ] } },
{ "type": "Feature", "properties": { "_id": 279, "locationId": 542, "locationTypeCode": "COOL_LOCN", "locationTypeDesc": "Cooling Location", "locationCode": "COMM_CNTR", "locationDesc": "Community Centre", "locationName": "Pleasantview Community Centre", "address": "545 Van Horne Ave", "phone": "416-395-6006", "url": "https://www.toronto.ca/data/parks/prd/facilities/complex/732/index.html", "imageUrl": "None", "monOpen": "0730", "monClose": "2230", "tueOpen": "0730", "tueClose": "2230", "wedOpen": "0730", "wedClose": "2230", "thuOpen": "0730", "thuClose": "2230", "friOpen": "0730", "friClose": "2230", "satOpen": "0730", "satClose": "2230", "sunOpen": "0730", "sunClose": "2230", "amenities": "WRT_FNT:ACCESS:POOL", "notes": "None", "eligibility": "None" }, "geometry": { "type": "MultiPoint", "coordinates": [ [ -79.336705, 43.787003 ] ] } },
{ "type": "Feature", "properties": { "_id": 280, "locationId": 789, "locationTypeCode": "COOL_LOCN", "locationTypeDesc": "Cooling Location", "locationCode": "OUTDOOR_POOL", "locationDesc": "Outdoor Pool", "locationName": "Ourland Park Outdoor Pool", "address": "36 OURLAND AVE", "phone": "416-394-8490", "url": "https://www.toronto.ca/data/parks/prd/facilities/complex/907/index.html", "imageUrl": "None", "monOpen": "CALL", "monClose": "CALL", "tueOpen": "CALL", "tueClose": "CALL", "wedOpen": "CALL", "wedClose": "CALL", "thuOpen": "CALL", "thuClose": "CALL", "friOpen": "CALL", "friClose": "CALL", "satOpen": "CALL", "satClose": "CALL", "sunOpen": "CALL", "sunClose": "CALL", "amenities": "WASHROOMS:SHOWERS:POOL", "notes": "None", "eligibility": "None" }, "geometry": { "type": "MultiPoint", "coordinates": [ [ -79.508892, 43.615497 ] ] } },
{ "type": "Feature", "properties": { "_id": 281, "locationId": 547, "locationTypeCode": "COOL_LOCN", "locationTypeDesc": "Cooling Location", "locationCode": "COMM_CNTR", "locationDesc": "Community Centre", "locationName": "Scarborough Village Recreation Centre", "address": "3600 Kingston Rd", "phone": "416-396-4048", "url": "https://www.toronto.ca/data/parks/prd/facilities/complex/743/index.html", "imageUrl": "None", "monOpen": "0830", "monClose": "2200", "tueOpen": "0830", "tueClose": "2200", "wedOpen": "0830", "wedClose": "2200", "thuOpen": "0830", "thuClose": "2200", "friOpen": "0830", "friClose": "2200", "satOpen": "0830", "satClose": "2200", "sunOpen": "0830", "sunClose": "2200", "amenities": "WRT_FNT:ACCESS", "notes": "None", "eligibility": "None" }, "geometry": { "type": "MultiPoint", "coordinates": [ [ -79.216758, 43.739991 ] ] } },
{ "type": "Feature", "properties": { "_id": 282, "locationId": 426, "locationTypeCode": "COOL_LOCN", "locationTypeDesc": "Cooling Location", "locationCode": "LIBRARY", "locationDesc": "Library", "locationName": "Humber Summit Public Library", "address": "2990 Islington Ave", "phone": "416-395-5840", "url": "https://www.torontopubliclibrary.ca/detail.jsp?R=LIB053", "imageUrl": "None", "monOpen": "1000", "monClose": "2030", "tueOpen": "1230", "tueClose": "2030", "wedOpen": "1000", "wedClose": "1800", "thuOpen": "1230", "thuClose": "2030", "friOpen": "1000", "friClose": "1800", "satOpen": "0900", "satClose": "1700", "sunOpen": "1200", "sunClose": "1700", "amenities": "WASHROOMS:WI_FI:ACCESS", "notes": "None", "eligibility": "None" }, "geometry": { "type": "MultiPoint", "coordinates": [ [ -79.571599, 43.759038 ] ] } },
{ "type": "Feature", "properties": { "_id": 283, "locationId": 546, "locationTypeCode": "COOL_LOCN", "locationTypeDesc": "Cooling Location", "locationCode": "COMM_CNTR", "locationDesc": "Community Centre", "locationName": "Roding Community Centre", "address": "600 Roding St", "phone": "416-395-7964", "url": "https://www.toronto.ca/data/parks/prd/facilities/complex/744/index.html", "imageUrl": "None", "monOpen": "0700", "monClose": "2200", "tueOpen": "0700", "tueClose": "2200", "wedOpen": "0700", "wedClose": "2200", "thuOpen": "0700", "thuClose": "2200", "friOpen": "0700", "friClose": "2200", "satOpen": "0700", "satClose": "2200", "sunOpen": "0700", "sunClose": "2200", "amenities": "ACCESS:POOL", "notes": "None", "eligibility": "None" }, "geometry": { "type": "MultiPoint", "coordinates": [ [ -79.492501, 43.729092 ] ] } },
{ "type": "Feature", "properties": { "_id": 284, "locationId": 425, "locationTypeCode": "COOL_LOCN", "locationTypeDesc": "Cooling Location", "locationCode": "LIBRARY", "locationDesc": "Library", "locationName": "Humber Bay Public Library", "address": "200 Park Lawn Rd", "phone": "416-394-5300", "url": "https://www.torontopubliclibrary.ca/detail.jsp?R=LIB052", "imageUrl": "None", "monOpen": "CLOSED", "monClose": "CLOSED", "tueOpen": "1000", "tueClose": "1800", "wedOpen": "1230", "wedClose": "2030", "thuOpen": "1230", "thuClose": "2030", "friOpen": "1000", "friClose": "1800", "satOpen": "0900", "satClose": "1700", "sunOpen": "1200", "sunClose": "1700", "amenities": "WASHROOMS:WI_FI:ACCESS", "notes": "None", "eligibility": "None" }, "geometry": { "type": "MultiPoint", "coordinates": [ [ -79.491253, 43.630324 ] ] } },
{ "type": "Feature", "properties": { "_id": 285, "locationId": 788, "locationTypeCode": "COOL_LOCN", "locationTypeDesc": "Cooling Location", "locationCode": "OUTDOOR_POOL", "locationDesc": "Outdoor Pool", "locationName": "Amos Waites Park Outdoor Pool", "address": "2441 LAKE SHORE BLVD", "phone": "416-394-8484", "url": "https://www.toronto.ca/data/parks/prd/facilities/complex/906/index.html", "imageUrl": "None", "monOpen": "CALL", "monClose": "CALL", "tueOpen": "CALL", "tueClose": "CALL", "wedOpen": "CALL", "wedClose": "CALL", "thuOpen": "CALL", "thuClose": "CALL", "friOpen": "CALL", "friClose": "CALL", "satOpen": "CALL", "satClose": "CALL", "sunOpen": "CALL", "sunClose": "CALL", "amenities": "WASHROOMS:SHOWERS:POOL", "notes": "None", "eligibility": "None" }, "geometry": { "type": "MultiPoint", "coordinates": [ [ -79.488513, 43.613291 ] ] } },
{ "type": "Feature", "properties": { "_id": 286, "locationId": 787, "locationTypeCode": "COOL_LOCN", "locationTypeDesc": "Cooling Location", "locationCode": "OUTDOOR_POOL", "locationDesc": "Outdoor Pool", "locationName": "West Mall Outdoor Pool", "address": "380 THE WEST MALL", "phone": "416-394-8498", "url": "https://www.toronto.ca/data/parks/prd/facilities/complex/905/index.html", "imageUrl": "None", "monOpen": "CALL", "monClose": "CALL", "tueOpen": "CALL", "tueClose": "CALL", "wedOpen": "CALL", "wedClose": "CALL", "thuOpen": "CALL", "thuClose": "CALL", "friOpen": "CALL", "friClose": "CALL", "satOpen": "CALL", "satClose": "CALL", "sunOpen": "CALL", "sunClose": "CALL", "amenities": "WASHROOMS:SHOWERS", "notes": "None", "eligibility": "None" }, "geometry": { "type": "MultiPoint", "coordinates": [ [ -79.566893, 43.642492 ] ] } },
{ "type": "Feature", "properties": { "_id": 287, "locationId": 1148, "locationTypeCode": "COOL_LOCN", "locationTypeDesc": "Cooling Location", "locationCode": "COMM_CNTR", "locationDesc": "Community Centre", "locationName": "Matty Eckler Recreation Centre", "address": "953 Gerrard Street East", "phone": "416-392-0790", "url": "https://www.toronto.ca/data/parks/prd/facilities/complex/234/index.html", "imageUrl": "None", "monOpen": "0900", "monClose": "2200", "tueOpen": "0900", "tueClose": "2200", "wedOpen": "0900", "wedClose": "2200", "thuOpen": "0900", "thuClose": "2200", "friOpen": "0900", "friClose": "2200", "satOpen": "0900", "satClose": "2000", "sunOpen": "0900", "sunClose": "2000", "amenities": "None", "notes": "None", "eligibility": "None" }, "geometry": { "type": "MultiPoint", "coordinates": [ [ -79.3398, 43.66789 ] ] } },
{ "type": "Feature", "properties": { "_id": 288, "locationId": 545, "locationTypeCode": "COOL_LOCN", "locationTypeDesc": "Cooling Location", "locationCode": "COMM_CNTR", "locationDesc": "Community Centre", "locationName": "Regent Park Aquatic Centre", "address": "640 Dundas St E", "phone": "416-338-2237", "url": "https://www.toronto.ca/data/parks/prd/facilities/complex/2012/index.html", "imageUrl": "None", "monOpen": "1030", "monClose": "1700", "tueOpen": "1030", "tueClose": "1700", "wedOpen": "1030", "wedClose": "1700", "thuOpen": "1030", "thuClose": "1700", "friOpen": "1030", "friClose": "1700", "satOpen": "1030", "satClose": "1700", "sunOpen": "1030", "sunClose": "1700", "amenities": "WRT_FNT:ACCESS:POOL", "notes": "None", "eligibility": "None" }, "geometry": { "type": "MultiPoint", "coordinates": [ [ -79.360993, 43.661286 ] ] } },
{ "type": "Feature", "properties": { "_id": 289, "locationId": 790, "locationTypeCode": "COOL_LOCN", "locationTypeDesc": "Cooling Location", "locationCode": "OUTDOOR_POOL", "locationDesc": "Outdoor Pool", "locationName": "Rotary Peace Park Outdoor Pool", "address": "25 ELEVENTH ST", "phone": "416-394-8494", "url": "https://www.toronto.ca/data/parks/prd/facilities/complex/909/index.html", "imageUrl": "None", "monOpen": "CALL", "monClose": "CALL", "tueOpen": "CALL", "tueClose": "CALL", "wedOpen": "CALL", "wedClose": "CALL", "thuOpen": "CALL", "thuClose": "CALL", "friOpen": "CALL", "friClose": "CALL", "satOpen": "CALL", "satClose": "CALL", "sunOpen": "CALL", "sunClose": "CALL", "amenities": "WASHROOMS:SHOWERS:POOL", "notes": "None", "eligibility": "None" }, "geometry": { "type": "MultiPoint", "coordinates": [ [ -79.505916, 43.59389 ] ] } },
{ "type": "Feature", "properties": { "_id": 290, "locationId": 429, "locationTypeCode": "COOL_LOCN", "locationTypeDesc": "Cooling Location", "locationCode": "LIBRARY", "locationDesc": "Library", "locationName": "Jane/Sheppard Public Library", "address": "1906 Sheppard Ave W", "phone": "416-395-5966", "url": "https://www.torontopubliclibrary.ca/detail.jsp?R=LIB056", "imageUrl": "None", "monOpen": "1000", "monClose": "2030", "tueOpen": "1230", "tueClose": "2030", "wedOpen": "1000", "wedClose": "1800", "thuOpen": "1230", "thuClose": "2030", "friOpen": "1000", "friClose": "1800", "satOpen": "0900", "satClose": "1700", "sunOpen": "1200", "sunClose": "1700", "amenities": "WASHROOMS:WI_FI:ACCESS", "notes": "None", "eligibility": "None" }, "geometry": { "type": "MultiPoint", "coordinates": [ [ -79.510036, 43.73996 ] ] } },
{ "type": "Feature", "properties": { "_id": 291, "locationId": 549, "locationTypeCode": "COOL_LOCN", "locationTypeDesc": "Cooling Location", "locationCode": "COMM_CNTR", "locationDesc": "Community Centre", "locationName": "S.H. Armstrong Community Centre", "address": "56 Woodfield Rd", "phone": "416-392-0734", "url": "https://www.toronto.ca/data/parks/prd/facilities/complex/267/index.html", "imageUrl": "None", "monOpen": "CALL", "monClose": "CALL", "tueOpen": "CALL", "tueClose": "CALL", "wedOpen": "CALL", "wedClose": "CALL", "thuOpen": "CALL", "thuClose": "CALL", "friOpen": "CALL", "friClose": "CALL", "satOpen": "CALL", "satClose": "CALL", "sunOpen": "CALL", "sunClose": "CALL", "amenities": "WRT_FNT:ACCESS:POOL", "notes": "None", "eligibility": "None" }, "geometry": { "type": "MultiPoint", "coordinates": [ [ -79.322838, 43.66595 ] ] } },
{ "type": "Feature", "properties": { "_id": 292, "locationId": 548, "locationTypeCode": "COOL_LOCN", "locationTypeDesc": "Cooling Location", "locationCode": "COMM_CNTR", "locationDesc": "Community Centre", "locationName": "Seneca Village Community Centre", "address": "1700 Finch Ave E", "phone": "416-395-7671", "url": "https://www.toronto.ca/data/parks/prd/facilities/complex/751/index.html", "imageUrl": "None", "monOpen": "0900", "monClose": "1800", "tueOpen": "0900", "tueClose": "1800", "wedOpen": "0900", "wedClose": "1800", "thuOpen": "0900", "thuClose": "1800", "friOpen": "0900", "friClose": "1800", "satOpen": "0800", "satClose": "1800", "sunOpen": "0800", "sunClose": "1800", "amenities": "ACCESS", "notes": "None", "eligibility": "None" }, "geometry": { "type": "MultiPoint", "coordinates": [ [ -79.351292, 43.793884 ] ] } },
{ "type": "Feature", "properties": { "_id": 293, "locationId": 427, "locationTypeCode": "COOL_LOCN", "locationTypeDesc": "Cooling Location", "locationCode": "LIBRARY", "locationDesc": "Library", "locationName": "Humberwood Public Library", "address": "850 Humberwood Blvd", "phone": "416-394-5210", "url": "https://www.torontopubliclibrary.ca/detail.jsp?R=LIB054", "imageUrl": "None", "monOpen": "0900", "monClose": "2030", "tueOpen": "0900", "tueClose": "2030", "wedOpen": "0900", "wedClose": "2030", "thuOpen": "0900", "thuClose": "2030", "friOpen": "0900", "friClose": "1700", "satOpen": "0900", "satClose": "1700", "sunOpen": "1200", "sunClose": "1700", "amenities": "WASHROOMS:WI_FI:ACCESS", "notes": "None", "eligibility": "None" }, "geometry": { "type": "MultiPoint", "coordinates": [ [ -79.619182, 43.728886 ] ] } },
{ "type": "Feature", "properties": { "_id": 294, "locationId": 430, "locationTypeCode": "COOL_LOCN", "locationTypeDesc": "Cooling Location", "locationCode": "LIBRARY", "locationDesc": "Library", "locationName": "Jones Public Library", "address": "118 Jones Ave", "phone": "416-393-7715", "url": "https://www.torontopubliclibrary.ca/detail.jsp?R=LIB057", "imageUrl": "None", "monOpen": "1000", "monClose": "1800", "tueOpen": "1000", "tueClose": "2030", "wedOpen": "1230", "wedClose": "2030", "thuOpen": "1230", "thuClose": "2030", "friOpen": "1000", "friClose": "1800", "satOpen": "0900", "satClose": "1700", "sunOpen": "1200", "sunClose": "1700", "amenities": "WASHROOMS:WI_FI:ACCESS", "notes": "None", "eligibility": "None" }, "geometry": { "type": "MultiPoint", "coordinates": [ [ -79.334547, 43.665955 ] ] } },
{ "type": "Feature", "properties": { "_id": 295, "locationId": 432, "locationTypeCode": "COOL_LOCN", "locationTypeDesc": "Cooling Location", "locationCode": "LIBRARY", "locationDesc": "Library", "locationName": "Leaside Public Library", "address": "165 McRae Dr", "phone": "416-396-3835", "url": "https://www.torontopubliclibrary.ca/detail.jsp?R=LIB059", "imageUrl": "None", "monOpen": "0900", "monClose": "2030", "tueOpen": "0900", "tueClose": "2030", "wedOpen": "0900", "wedClose": "2030", "thuOpen": "0900", "thuClose": "2030", "friOpen": "0900", "friClose": "1700", "satOpen": "0900", "satClose": "1700", "sunOpen": "1200", "sunClose": "1700", "amenities": "WASHROOMS:WI_FI:ACCESS", "notes": "None", "eligibility": "None" }, "geometry": { "type": "MultiPoint", "coordinates": [ [ -79.36756, 43.706461 ] ] } },
{ "type": "Feature", "properties": { "_id": 296, "locationId": 552, "locationTypeCode": "COOL_LOCN", "locationTypeDesc": "Cooling Location", "locationCode": "COMM_CNTR", "locationDesc": "Community Centre", "locationName": "Stephen Leacock Community Recreation Centre", "address": "2500 Birchmount Rd", "phone": "416-396-4184", "url": "https://www.toronto.ca/data/parks/prd/facilities/complex/1105/index.html", "imageUrl": "None", "monOpen": "0800", "monClose": "2200", "tueOpen": "0800", "tueClose": "2200", "wedOpen": "0800", "wedClose": "2200", "thuOpen": "0800", "thuClose": "2200", "friOpen": "0800", "friClose": "2200", "satOpen": "0800", "satClose": "2200", "sunOpen": "0800", "sunClose": "2200", "amenities": "WASHROOMS:WRT_FNT:ACCESS", "notes": "None", "eligibility": "None" }, "geometry": { "type": "MultiPoint", "coordinates": [ [ -79.302354, 43.786528 ] ] } },
{ "type": "Feature", "properties": { "_id": 297, "locationId": 431, "locationTypeCode": "COOL_LOCN", "locationTypeDesc": "Cooling Location", "locationCode": "LIBRARY", "locationDesc": "Library", "locationName": "Kennedy/Eglinton Public Library", "address": "Liberty Square Plaza, 2380 Eglinton Ave E", "phone": "416-396-8924", "url": "https://www.torontopubliclibrary.ca/detail.jsp?R=LIB138", "imageUrl": "None", "monOpen": "0900", "monClose": "2030", "tueOpen": "0900", "tueClose": "2030", "wedOpen": "0900", "wedClose": "2030", "thuOpen": "0900", "thuClose": "2030", "friOpen": "0900", "friClose": "2030", "satOpen": "0900", "satClose": "1700", "sunOpen": "CLOSED", "sunClose": "CLOSED", "amenities": "WASHROOMS:WI_FI:ACCESS", "notes": "None", "eligibility": "None" }, "geometry": { "type": "MultiPoint", "coordinates": [ [ -79.270364, 43.732263 ] ] } },
{ "type": "Feature", "properties": { "_id": 298, "locationId": 551, "locationTypeCode": "COOL_LOCN", "locationTypeDesc": "Cooling Location", "locationCode": "COMM_CNTR", "locationDesc": "Community Centre", "locationName": "Stan Wadlow Clubhouse", "address": "373 Cedarvale Ave", "phone": "416-396-2842", "url": "https://www.toronto.ca/data/parks/prd/facilities/complex/297/index.html", "imageUrl": "None", "monOpen": "0900", "monClose": "1800", "tueOpen": "0900", "tueClose": "1800", "wedOpen": "0900", "wedClose": "1800", "thuOpen": "0900", "thuClose": "1800", "friOpen": "0900", "friClose": "1800", "satOpen": "CLOSED", "satClose": "CLOSED", "sunOpen": "CLOSED", "sunClose": "CLOSED", "amenities": "ACCESS", "notes": "None", "eligibility": "None" }, "geometry": { "type": "MultiPoint", "coordinates": [ [ -79.31515, 43.698148 ] ] } },
{ "type": "Feature", "properties": { "_id": 299, "locationId": 433, "locationTypeCode": "COOL_LOCN", "locationTypeDesc": "Cooling Location", "locationCode": "LIBRARY", "locationDesc": "Library", "locationName": "Lillian H. Smith Public Library", "address": "239 College St", "phone": "416-393-7746", "url": "https://www.torontopubliclibrary.ca/detail.jsp?R=LIB011", "imageUrl": "None", "monOpen": "0900", "monClose": "2030", "tueOpen": "0900", "tueClose": "2030", "wedOpen": "0900", "wedClose": "2030", "thuOpen": "0900", "thuClose": "2030", "friOpen": "0900", "friClose": "2030", "satOpen": "0900", "satClose": "1700", "sunOpen": "1200", "sunClose": "1700", "amenities": "WASHROOMS:WI_FI:ACCESS", "notes": "None", "eligibility": "None" }, "geometry": { "type": "MultiPoint", "coordinates": [ [ -79.398386, 43.657926 ] ] } },
{ "type": "Feature", "properties": { "_id": 300, "locationId": 553, "locationTypeCode": "COOL_LOCN", "locationTypeDesc": "Cooling Location", "locationCode": "COMM_CNTR", "locationDesc": "Community Centre", "locationName": "Trace Manes Park Community Centre", "address": "110 Rumsey Rd", "phone": "416-396-2853", "url": "https://www.toronto.ca/data/parks/prd/facilities/complex/705/index.html", "imageUrl": "None", "monOpen": "0900", "monClose": "1800", "tueOpen": "0900", "tueClose": "1800", "wedOpen": "0900", "wedClose": "1800", "thuOpen": "0900", "thuClose": "1800", "friOpen": "0900", "friClose": "1400", "satOpen": "CLOSED", "satClose": "CLOSED", "sunOpen": "CLOSED", "sunClose": "CLOSED", "amenities": "WRT_FNT:ACCESS", "notes": "None", "eligibility": "None" }, "geometry": { "type": "MultiPoint", "coordinates": [ [ -79.367173, 43.705726 ] ] } },
{ "type": "Feature", "properties": { "_id": 301, "locationId": 555, "locationTypeCode": "COOL_LOCN", "locationTypeDesc": "Cooling Location", "locationCode": "COMM_CNTR", "locationDesc": "Community Centre", "locationName": "Viewmount Community Centre", "address": "169 Viewmount Ave", "phone": "416-395-6021", "url": "https://www.toronto.ca/data/parks/prd/facilities/complex/839/index.html", "imageUrl": "None", "monOpen": "CALL", "monClose": "CALL", "tueOpen": "CALL", "tueClose": "CALL", "wedOpen": "CALL", "wedClose": "CALL", "thuOpen": "CALL", "thuClose": "CALL", "friOpen": "CALL", "friClose": "CALL", "satOpen": "CALL", "satClose": "CALL", "sunOpen": "CALL", "sunClose": "CALL", "amenities": "ACCESS", "notes": "None", "eligibility": "None" }, "geometry": { "type": "MultiPoint", "coordinates": [ [ -79.437241, 43.707493 ] ] } },
{ "type": "Feature", "properties": { "_id": 302, "locationId": 676, "locationTypeCode": "COOL_LOCN", "locationTypeDesc": "Cooling Location", "locationCode": "INDOOR_POOL", "locationDesc": "Indoor Pool", "locationName": "Matty Eckler Recreation Centre", "address": "953 Gerrard St", "phone": "416-392-0750", "url": "https://www.toronto.ca/data/parks/prd/facilities/complex/234/index.html", "imageUrl": "None", "monOpen": "0900", "monClose": "2200", "tueOpen": "0900", "tueClose": "2200", "wedOpen": "0900", "wedClose": "2200", "thuOpen": "0900", "thuClose": "2200", "friOpen": "0900", "friClose": "2200", "satOpen": "0900", "satClose": "2000", "sunOpen": "0900", "sunClose": "2000", "amenities": "WASHROOMS:SHOWERS:ACCESS:POOL", "notes": "None", "eligibility": "None" }, "geometry": { "type": "MultiPoint", "coordinates": [ [ -79.339771, 43.667886 ] ] } },
{ "type": "Feature", "properties": { "_id": 303, "locationId": 434, "locationTypeCode": "COOL_LOCN", "locationTypeDesc": "Cooling Location", "locationCode": "LIBRARY", "locationDesc": "Library", "locationName": "Locke Public Library", "address": "3083 Yonge St", "phone": "416-393-7730", "url": "https://www.torontopubliclibrary.ca/detail.jsp?R=LIB060", "imageUrl": "None", "monOpen": "0900", "monClose": "2030", "tueOpen": "0900", "tueClose": "2030", "wedOpen": "0900", "wedClose": "2030", "thuOpen": "0900", "thuClose": "2030", "friOpen": "0900", "friClose": "1700", "satOpen": "0900", "satClose": "1700", "sunOpen": "1200", "sunClose": "1700", "amenities": "WASHROOMS:WI_FI:ACCESS", "notes": "None", "eligibility": "None" }, "geometry": { "type": "MultiPoint", "coordinates": [ [ -79.401732, 43.724895 ] ] } },
{ "type": "Feature", "properties": { "_id": 304, "locationId": 554, "locationTypeCode": "COOL_LOCN", "locationTypeDesc": "Cooling Location", "locationCode": "COMM_CNTR", "locationDesc": "Community Centre", "locationName": "Victoria Village ", "address": "190 Bermondsey Road", "phone": "416-395-0143", "url": "https://www.toronto.ca/data/parks/prd/facilities/complex/771/index.html", "imageUrl": "None", "monOpen": "0900", "monClose": "2200", "tueOpen": "0900", "tueClose": "2200", "wedOpen": "0900", "wedClose": "2200", "thuOpen": "0900", "thuClose": "2200", "friOpen": "0900", "friClose": "2200", "satOpen": "CLOSED", "satClose": "CLOSED", "sunOpen": "CALL", "sunClose": "CLOSED", "amenities": "None", "notes": "None", "eligibility": "None" }, "geometry": { "type": "MultiPoint", "coordinates": [ [ -79.31579, 43.72309 ] ] } },
{ "type": "Feature", "properties": { "_id": 305, "locationId": 620, "locationTypeCode": "COOL_LOCN", "locationTypeDesc": "Cooling Location", "locationCode": "INDOOR_POOL", "locationDesc": "Indoor Pool", "locationName": "Antibes Community Centre", "address": "140 Antibes Dr", "phone": "416-395-0096", "url": "https://www.toronto.ca/data/parks/prd/facilities/complex/42/index.html", "imageUrl": "None", "monOpen": "0700", "monClose": "2200", "tueOpen": "0700", "tueClose": "2200", "wedOpen": "0700", "wedClose": "2200", "thuOpen": "0700", "thuClose": "2200", "friOpen": "0700", "friClose": "2200", "satOpen": "0700", "satClose": "2000", "sunOpen": "0700", "sunClose": "2000", "amenities": "None", "notes": "None", "eligibility": "None" }, "geometry": { "type": "MultiPoint", "coordinates": [ [ -79.446795, 43.781211 ] ] } },
{ "type": "Feature", "properties": { "_id": 306, "locationId": 861, "locationTypeCode": "COOL_LOCN", "locationTypeDesc": "Cooling Location", "locationCode": "SPLASHPAD", "locationDesc": "Splashpad", "locationName": "Balmoral Park", "address": "170 FAYWOOD BLVD", "phone": "311", "url": "https://www.toronto.ca/data/parks/prd/facilities/complex/505/index.html", "imageUrl": "None", "monOpen": "0900", "monClose": "2030", "tueOpen": "0900", "tueClose": "2030", "wedOpen": "0900", "wedClose": "2030", "thuOpen": "0900", "thuClose": "2030", "friOpen": "0900", "friClose": "2030", "satOpen": "0900", "satClose": "2030", "sunOpen": "0900", "sunClose": "2030", "amenities": "None", "notes": "None", "eligibility": "None" }, "geometry": { "type": "MultiPoint", "coordinates": [ [ -79.450082, 43.744809 ] ] } },
{ "type": "Feature", "properties": { "_id": 307, "locationId": 860, "locationTypeCode": "COOL_LOCN", "locationTypeDesc": "Cooling Location", "locationCode": "SPLASHPAD", "locationDesc": "Splashpad", "locationName": "Smythe Park", "address": "61 BLACK CREEK BLVD", "phone": "416-394-2741", "url": "https://www.toronto.ca/data/parks/prd/facilities/complex/504/index.html", "imageUrl": "None", "monOpen": "0900", "monClose": "2030", "tueOpen": "0900", "tueClose": "2030", "wedOpen": "0900", "wedClose": "2030", "thuOpen": "0900", "thuClose": "2030", "friOpen": "0900", "friClose": "2030", "satOpen": "0900", "satClose": "2030", "sunOpen": "0900", "sunClose": "2030", "amenities": "None", "notes": "None", "eligibility": "None" }, "geometry": { "type": "MultiPoint", "coordinates": [ [ -79.497846, 43.675065 ] ] } },
{ "type": "Feature", "properties": { "_id": 308, "locationId": 741, "locationTypeCode": "COOL_LOCN", "locationTypeDesc": "Cooling Location", "locationCode": "OUTDOOR_POOL", "locationDesc": "Outdoor Pool", "locationName": "Goulding Community Centre", "address": "45 GOULDING AVE", "phone": "416-395-0123", "url": "https://www.toronto.ca/data/parks/prd/facilities/complex/643/index.html", "imageUrl": "None", "monOpen": "CALL", "monClose": "CALL", "tueOpen": "CALL", "tueClose": "CALL", "wedOpen": "CALL", "wedClose": "CALL", "thuOpen": "CALL", "thuClose": "CALL", "friOpen": "CALL", "friClose": "CALL", "satOpen": "CALL", "satClose": "CALL", "sunOpen": "CALL", "sunClose": "CALL", "amenities": "WASHROOMS:SHOWERS:POOL", "notes": "None", "eligibility": "None" }, "geometry": { "type": "MultiPoint", "coordinates": [ [ -79.422164, 43.790626 ] ] } },
{ "type": "Feature", "properties": { "_id": 309, "locationId": 501, "locationTypeCode": "COOL_LOCN", "locationTypeDesc": "Cooling Location", "locationCode": "COMM_CNTR", "locationDesc": "Community Centre", "locationName": "Cummer Park Community Centre", "address": "6000 Leslie St", "phone": "416-395-7803", "url": "https://www.toronto.ca/data/parks/prd/facilities/complex/499/index.html", "imageUrl": "None", "monOpen": "CALL", "monClose": "CALL", "tueOpen": "CALL", "tueClose": "CALL", "wedOpen": "CALL", "wedClose": "CALL", "thuOpen": "CALL", "thuClose": "CALL", "friOpen": "CALL", "friClose": "CALL", "satOpen": "CALL", "satClose": "CALL", "sunOpen": "CALL", "sunClose": "CALL", "amenities": "WRT_FNT:ACCESS:POOL", "notes": "None", "eligibility": "None" }, "geometry": { "type": "MultiPoint", "coordinates": [ [ -79.371262, 43.800104 ] ] } },
{ "type": "Feature", "properties": { "_id": 310, "locationId": 864, "locationTypeCode": "COOL_LOCN", "locationTypeDesc": "Cooling Location", "locationCode": "SPLASHPAD", "locationDesc": "Splashpad", "locationName": "Bellbury Park", "address": "55 VAN HORNE AVE", "phone": "311", "url": "https://www.toronto.ca/data/parks/prd/facilities/complex/518/index.html", "imageUrl": "None", "monOpen": "0900", "monClose": "2030", "tueOpen": "0900", "tueClose": "2030", "wedOpen": "0900", "wedClose": "2030", "thuOpen": "0900", "thuClose": "2030", "friOpen": "0900", "friClose": "2030", "satOpen": "0900", "satClose": "2030", "sunOpen": "0900", "sunClose": "2030", "amenities": "None", "notes": "None", "eligibility": "None" }, "geometry": { "type": "MultiPoint", "coordinates": [ [ -79.361572, 43.783705 ] ] } },
{ "type": "Feature", "properties": { "_id": 311, "locationId": 742, "locationTypeCode": "COOL_LOCN", "locationTypeDesc": "Cooling Location", "locationCode": "OUTDOOR_POOL", "locationDesc": "Outdoor Pool", "locationName": "Grandravine Community Recreation Centre", "address": "23 GRANDRAVINE DR", "phone": "416-395-6171", "url": "https://www.toronto.ca/data/parks/prd/facilities/complex/647/index.html", "imageUrl": "None", "monOpen": "0900", "monClose": "2100", "tueOpen": "0900", "tueClose": "2100", "wedOpen": "0900", "wedClose": "2100", "thuOpen": "0900", "thuClose": "2100", "friOpen": "0900", "friClose": "2100", "satOpen": "0900", "satClose": "2100", "sunOpen": "0900", "sunClose": "2100", "amenities": "WASHROOMS:SHOWERS:POOL", "notes": "None", "eligibility": "None" }, "geometry": { "type": "MultiPoint", "coordinates": [ [ -79.490574, 43.751803 ] ] } },
{ "type": "Feature", "properties": { "_id": 312, "locationId": 621, "locationTypeCode": "COOL_LOCN", "locationTypeDesc": "Cooling Location", "locationCode": "INDOOR_POOL", "locationDesc": "Indoor Pool", "locationName": "Harrison Pool", "address": "15 STEPHANIE ST", "phone": "416-392-7984", "url": "https://www.toronto.ca/data/parks/prd/facilities/complex/45/index.html", "imageUrl": "None", "monOpen": "1000", "monClose": "1800", "tueOpen": "1000", "tueClose": "1800", "wedOpen": "1000", "wedClose": "1800", "thuOpen": "1000", "thuClose": "1800", "friOpen": "1000", "friClose": "1800", "satOpen": "0900", "satClose": "1600", "sunOpen": "0900", "sunClose": "1600", "amenities": "WASHROOMS:SHOWERS:ACCESS:POOL", "notes": "None", "eligibility": "None" }, "geometry": { "type": "MultiPoint", "coordinates": [ [ -79.390796, 43.651081 ] ] } },
{ "type": "Feature", "properties": { "_id": 313, "locationId": 862, "locationTypeCode": "COOL_LOCN", "locationTypeDesc": "Cooling Location", "locationCode": "SPLASHPAD", "locationDesc": "Splashpad", "locationName": "Weston Lions Park", "address": "2125 LAWRENCE AVE", "phone": "416-394-2743", "url": "https://www.toronto.ca/data/parks/prd/facilities/complex/508/index.html", "imageUrl": "None", "monOpen": "0900", "monClose": "2030", "tueOpen": "0900", "tueClose": "2030", "wedOpen": "0900", "wedClose": "2030", "thuOpen": "0900", "thuClose": "2030", "friOpen": "0900", "friClose": "2030", "satOpen": "0900", "satClose": "2030", "sunOpen": "0900", "sunClose": "2030", "amenities": "None", "notes": "None", "eligibility": "None" }, "geometry": { "type": "MultiPoint", "coordinates": [ [ -79.517735, 43.69789 ] ] } },
{ "type": "Feature", "properties": { "_id": 314, "locationId": 743, "locationTypeCode": "COOL_LOCN", "locationTypeDesc": "Cooling Location", "locationCode": "OUTDOOR_POOL", "locationDesc": "Outdoor Pool", "locationName": "Irving W. Chapley Community Centre", "address": "205 WILMINGTON AVE", "phone": "416-395-0453", "url": "https://www.toronto.ca/data/parks/prd/facilities/complex/664/index.html", "imageUrl": "None", "monOpen": "1000", "monClose": "2100", "tueOpen": "1000", "tueClose": "2200", "wedOpen": "1000", "wedClose": "2200", "thuOpen": "1000", "thuClose": "2200", "friOpen": "1000", "friClose": "2200", "satOpen": "1000", "satClose": "2200", "sunOpen": "1000", "sunClose": "2200", "amenities": "WASHROOMS:SHOWERS:POOL", "notes": "None", "eligibility": "None" }, "geometry": { "type": "MultiPoint", "coordinates": [ [ -79.456089, 43.761588 ] ] } },
{ "type": "Feature", "properties": { "_id": 315, "locationId": 503, "locationTypeCode": "COOL_LOCN", "locationTypeDesc": "Cooling Location", "locationCode": "COMM_CNTR", "locationDesc": "Community Centre", "locationName": "Dennis R. Timbrell Resource Centre", "address": "29 St Dennis Dr", "phone": "416-395-7972", "url": "https://www.toronto.ca/data/parks/prd/facilities/complex/1056/index.html", "imageUrl": "None", "monOpen": "CALL", "monClose": "CALL", "tueOpen": "CALL", "tueClose": "CALL", "wedOpen": "CALL", "wedClose": "CALL", "thuOpen": "CALL", "thuClose": "CALL", "friOpen": "CALL", "friClose": "CALL", "satOpen": "CALL", "satClose": "CALL", "sunOpen": "CALL", "sunClose": "CALL", "amenities": "ACCESS:POOL", "notes": "None", "eligibility": "None" }, "geometry": { "type": "MultiPoint", "coordinates": [ [ -79.331687, 43.717941 ] ] } },
{ "type": "Feature", "properties": { "_id": 316, "locationId": 866, "locationTypeCode": "COOL_LOCN", "locationTypeDesc": "Cooling Location", "locationCode": "SPLASHPAD", "locationDesc": "Splashpad", "locationName": "Berner Trail Park", "address": "45 NAHANNI TER", "phone": "311", "url": "https://www.toronto.ca/data/parks/prd/facilities/complex/538/index.html", "imageUrl": "None", "monOpen": "0900", "monClose": "2030", "tueOpen": "0900", "tueClose": "2030", "wedOpen": "0900", "wedClose": "2030", "thuOpen": "0900", "thuClose": "2030", "friOpen": "0900", "friClose": "2030", "satOpen": "0900", "satClose": "2030", "sunOpen": "0900", "sunClose": "2030", "amenities": "None", "notes": "None", "eligibility": "None" }, "geometry": { "type": "MultiPoint", "coordinates": [ [ -79.223456, 43.801256 ] ] } },
{ "type": "Feature", "properties": { "_id": 317, "locationId": 623, "locationTypeCode": "COOL_LOCN", "locationTypeDesc": "Cooling Location", "locationCode": "INDOOR_POOL", "locationDesc": "Indoor Pool", "locationName": "Hillcrest Community Centre", "address": "1339 Bathurst Street", "phone": "416-392-0746", "url": "https://www.toronto.ca/data/parks/prd/facilities/complex/48/index.html", "imageUrl": "None", "monOpen": "0900", "monClose": "2100", "tueOpen": "0900", "tueClose": "2100", "wedOpen": "0900", "wedClose": "2100", "thuOpen": "0900", "thuClose": "2100", "friOpen": "0900", "friClose": "2100", "satOpen": "1100", "satClose": "1800", "sunOpen": "1100", "sunClose": "1800", "amenities": "WASHROOMS:SHOWERS:POOL", "notes": "None", "eligibility": "None" }, "geometry": { "type": "MultiPoint", "coordinates": [ [ -79.415687, 43.679051 ] ] } },
{ "type": "Feature", "properties": { "_id": 318, "locationId": 744, "locationTypeCode": "COOL_LOCN", "locationTypeDesc": "Cooling Location", "locationCode": "OUTDOOR_POOL", "locationDesc": "Outdoor Pool", "locationName": "Lawrence Heights Community Centre", "address": "5 REPLIN RD", "phone": "416-395-6118", "url": "https://www.toronto.ca/data/parks/prd/facilities/complex/675/index.html", "imageUrl": "None", "monOpen": "0900", "monClose": "2200", "tueOpen": "0900", "tueClose": "2200", "wedOpen": "0900", "wedClose": "2200", "thuOpen": "0900", "thuClose": "2200", "friOpen": "0900", "friClose": "2200", "satOpen": "0900", "satClose": "2200", "sunOpen": "0900", "sunClose": "2200", "amenities": "None", "notes": "None", "eligibility": "None" }, "geometry": { "type": "MultiPoint", "coordinates": [ [ -79.443102, 43.71847 ] ] } },
{ "type": "Feature", "properties": { "_id": 319, "locationId": 502, "locationTypeCode": "COOL_LOCN", "locationTypeDesc": "Cooling Location", "locationCode": "COMM_CNTR", "locationDesc": "Community Centre", "locationName": "Curran Hall Community Centre", "address": "277 Orton Park Rd", "phone": "416-396-5156", "url": "https://www.toronto.ca/data/parks/prd/facilities/complex/782/index.html", "imageUrl": "None", "monOpen": "CALL", "monClose": "CALL", "tueOpen": "CALL", "tueClose": "CALL", "wedOpen": "CALL", "wedClose": "CALL", "thuOpen": "CALL", "thuClose": "CALL", "friOpen": "CALL", "friClose": "CALL", "satOpen": "CALL", "satClose": "CALL", "sunOpen": "CALL", "sunClose": "CALL", "amenities": "ACCESS", "notes": "None", "eligibility": "None" }, "geometry": { "type": "MultiPoint", "coordinates": [ [ -79.210847, 43.777425 ] ] } },
{ "type": "Feature", "properties": { "_id": 320, "locationId": 746, "locationTypeCode": "COOL_LOCN", "locationTypeDesc": "Cooling Location", "locationCode": "OUTDOOR_POOL", "locationDesc": "Outdoor Pool", "locationName": "Ledbury Park", "address": "160 LEDBURY ST", "phone": "416-395-6688", "url": "https://www.toronto.ca/data/parks/prd/facilities/complex/678/index.html", "imageUrl": "None", "monOpen": "CALL", "monClose": "CALL", "tueOpen": "CALL", "tueClose": "CALL", "wedOpen": "CALL", "wedClose": "CALL", "thuOpen": "CALL", "thuClose": "CALL", "friOpen": "CALL", "friClose": "CALL", "satOpen": "CALL", "satClose": "CALL", "sunOpen": "CALL", "sunClose": "CALL", "amenities": "None", "notes": "None", "eligibility": "None" }, "geometry": { "type": "MultiPoint", "coordinates": [ [ -79.42596, 43.726787 ] ] } },
{ "type": "Feature", "properties": { "_id": 321, "locationId": 868, "locationTypeCode": "COOL_LOCN", "locationTypeDesc": "Cooling Location", "locationCode": "SPLASHPAD", "locationDesc": "Splashpad", "locationName": "Totts Tot Lot", "address": "1 GRADWELL DR", "phone": "311", "url": "https://www.toronto.ca/data/parks/prd/facilities/complex/547/index.html", "imageUrl": "None", "monOpen": "0900", "monClose": "2030", "tueOpen": "0900", "tueClose": "2030", "wedOpen": "0900", "wedClose": "2030", "thuOpen": "0900", "thuClose": "2030", "friOpen": "0900", "friClose": "2030", "satOpen": "0900", "satClose": "2030", "sunOpen": "0900", "sunClose": "2030", "amenities": "None", "notes": "None", "eligibility": "None" }, "geometry": { "type": "MultiPoint", "coordinates": [ [ -79.234429, 43.713204 ] ] } },
{ "type": "Feature", "properties": { "_id": 322, "locationId": 505, "locationTypeCode": "COOL_LOCN", "locationTypeDesc": "Cooling Location", "locationCode": "COMM_CNTR", "locationDesc": "Community Centre", "locationName": "Don Montgomery Community Centre", "address": "2467 Eglinton Ave E", "phone": "416-396-4043", "url": "https://www.toronto.ca/data/parks/prd/facilities/complex/712/index.html", "imageUrl": "None", "monOpen": "0800", "monClose": "2300", "tueOpen": "0800", "tueClose": "2300", "wedOpen": "0800", "wedClose": "2300", "thuOpen": "0800", "thuClose": "2300", "friOpen": "0800", "friClose": "2300", "satOpen": "0700", "satClose": "2300", "sunOpen": "0700", "sunClose": "2300", "amenities": "WASHROOMS:WRT_FNT:ACCESS", "notes": "None", "eligibility": "None" }, "geometry": { "type": "MultiPoint", "coordinates": [ [ -79.261665, 43.732663 ] ] } },
{ "type": "Feature", "properties": { "_id": 323, "locationId": 867, "locationTypeCode": "COOL_LOCN", "locationTypeDesc": "Cooling Location", "locationCode": "SPLASHPAD", "locationDesc": "Splashpad", "locationName": "Thomson Memorial Park", "address": "1005 BRIMLEY RD", "phone": "311", "url": "https://www.toronto.ca/data/parks/prd/facilities/complex/543/index.html", "imageUrl": "None", "monOpen": "0900", "monClose": "2030", "tueOpen": "0900", "tueClose": "2030", "wedOpen": "0900", "wedClose": "2030", "thuOpen": "0900", "thuClose": "2030", "friOpen": "0900", "friClose": "2030", "satOpen": "0900", "satClose": "2030", "sunOpen": "0900", "sunClose": "2030", "amenities": "None", "notes": "None", "eligibility": "None" }, "geometry": { "type": "MultiPoint", "coordinates": [ [ -79.253268, 43.75792 ] ] } },
{ "type": "Feature", "properties": { "_id": 324, "locationId": 625, "locationTypeCode": "COOL_LOCN", "locationTypeDesc": "Cooling Location", "locationCode": "INDOOR_POOL", "locationDesc": "Indoor Pool", "locationName": "Jimmie Simpson Recreation Centre", "address": "870 Queen St", "phone": "416-392-0751", "url": "https://www.toronto.ca/data/parks/prd/facilities/complex/58/index.html", "imageUrl": "None", "monOpen": "0700", "monClose": "2200", "tueOpen": "0900", "tueClose": "2200", "wedOpen": "0700", "wedClose": "2200", "thuOpen": "0900", "thuClose": "2200", "friOpen": "0700", "friClose": "2200", "satOpen": "0900", "satClose": "1700", "sunOpen": "0900", "sunClose": "1930", "amenities": "WASHROOMS:SHOWERS:ACCESS:POOL", "notes": "None", "eligibility": "None" }, "geometry": { "type": "MultiPoint", "coordinates": [ [ -79.344948, 43.660041 ] ] } },
{ "type": "Feature", "properties": { "_id": 325, "locationId": 627, "locationTypeCode": "COOL_LOCN", "locationTypeDesc": "Cooling Location", "locationCode": "COMM_CNTR", "locationDesc": "Community Centre", "locationName": "John Innes Community Recreation Centre", "address": "150 SHERBOURNE ST", "phone": "416-392-6779", "url": "https://www.toronto.ca/data/parks/prd/facilities/complex/63/index.html", "imageUrl": "None", "monOpen": "0900", "monClose": "2130", "tueOpen": "0900", "tueClose": "2130", "wedOpen": "0900", "wedClose": "2130", "thuOpen": "0900", "thuClose": "2130", "friOpen": "0900", "friClose": "2130", "satOpen": "0900", "satClose": "1700", "sunOpen": "0900", "sunClose": "1700", "amenities": "WASHROOMS:SHOWERS:POOL", "notes": "None", "eligibility": "None" }, "geometry": { "type": "MultiPoint", "coordinates": [ [ -79.369955, 43.65557 ] ] } },
{ "type": "Feature", "properties": { "_id": 326, "locationId": 869, "locationTypeCode": "COOL_LOCN", "locationTypeDesc": "Cooling Location", "locationCode": "SPLASHPAD", "locationDesc": "Splashpad", "locationName": "Elm Park - North York", "address": "230 GOSFORD BLVD", "phone": "311", "url": "https://www.toronto.ca/data/parks/prd/facilities/complex/554/index.html", "imageUrl": "None", "monOpen": "0900", "monClose": "2030", "tueOpen": "0900", "tueClose": "2030", "wedOpen": "0900", "wedClose": "2030", "thuOpen": "0900", "thuClose": "2030", "friOpen": "0900", "friClose": "2030", "satOpen": "0900", "satClose": "2030", "sunOpen": "0900", "sunClose": "2030", "amenities": "None", "notes": "None", "eligibility": "None" }, "geometry": { "type": "MultiPoint", "coordinates": [ [ -79.525416, 43.769832 ] ] } },
{ "type": "Feature", "properties": { "_id": 327, "locationId": 506, "locationTypeCode": "COOL_LOCN", "locationTypeDesc": "Cooling Location", "locationCode": "COMM_CNTR", "locationDesc": "Community Centre", "locationName": "Douglas Snow Aquatic Centre", "address": "5100 Yonge St", "phone": "416-395-7585", "url": "https://www.toronto.ca/data/parks/prd/facilities/complex/567/index.html", "imageUrl": "None", "monOpen": "0700", "monClose": "1900", "tueOpen": "0700", "tueClose": "1900", "wedOpen": "0700", "wedClose": "1900", "thuOpen": "0700", "thuClose": "1900", "friOpen": "0700", "friClose": "1900", "satOpen": "1200", "satClose": "1600", "sunOpen": "1200", "sunClose": "1600", "amenities": "WRT_FNT:ACCESS:POOL", "notes": "None", "eligibility": "None" }, "geometry": { "type": "MultiPoint", "coordinates": [ [ -79.414889, 43.767268 ] ] } },
{ "type": "Feature", "properties": { "_id": 328, "locationId": 1100, "locationTypeCode": "COOL_LOCN", "locationTypeDesc": "Cooling Location", "locationCode": "SPLASHPAD", "locationDesc": "Splashpad", "locationName": "Lithuania Park", "address": "155 OAKMOUNT RD", "phone": "311", "url": "https://www.toronto.ca/data/parks/prd/facilities/complex/125/index.html", "imageUrl": "None", "monOpen": "0900", "monClose": "2030", "tueOpen": "0900", "tueClose": "2030", "wedOpen": "0900", "wedClose": "2030", "thuOpen": "0900", "thuClose": "2030", "friOpen": "0900", "friClose": "2030", "satOpen": "0900", "satClose": "2030", "sunOpen": "0900", "sunClose": "2030", "amenities": "None", "notes": "None", "eligibility": "None" }, "geometry": { "type": "MultiPoint", "coordinates": [ [ -79.466166, 43.658677 ] ] } },
{ "type": "Feature", "properties": { "_id": 329, "locationId": 629, "locationTypeCode": "COOL_LOCN", "locationTypeDesc": "Cooling Location", "locationCode": "OUTDOOR_POOL", "locationDesc": "Outdoor Pool", "locationName": "Greenwood Park", "address": "150 GREENWOOD AVE", "phone": "416-392-7804", "url": "https://www.toronto.ca/data/parks/prd/facilities/complex/70/index.html", "imageUrl": "None", "monOpen": "CALL", "monClose": "CALL", "tueOpen": "CALL", "tueClose": "CALL", "wedOpen": "CALL", "wedClose": "CALL", "thuOpen": "CALL", "thuClose": "CALL", "friOpen": "CALL", "friClose": "CALL", "satOpen": "CALL", "satClose": "CALL", "sunOpen": "CALL", "sunClose": "CALL", "amenities": "WASHROOMS:SHOWERS:POOL", "notes": "None", "eligibility": "None" }, "geometry": { "type": "MultiPoint", "coordinates": [ [ -79.328748, 43.66855 ] ] } },
{ "type": "Feature", "properties": { "_id": 330, "locationId": 1101, "locationTypeCode": "COOL_LOCN", "locationTypeDesc": "Cooling Location", "locationCode": "SPLASHPAD", "locationDesc": "Splashpad", "locationName": "Rexlington Park", "address": "30 BERGAMOT AVE", "phone": "311", "url": "https://www.toronto.ca/data/parks/prd/facilities/complex/863/index.html", "imageUrl": "None", "monOpen": "0900", "monClose": "2030", "tueOpen": "0900", "tueClose": "2030", "wedOpen": "0900", "wedClose": "2030", "thuOpen": "0900", "thuClose": "2030", "friOpen": "0900", "friClose": "2030", "satOpen": "0900", "satClose": "2030", "sunOpen": "0900", "sunClose": "2030", "amenities": "None", "notes": "None", "eligibility": "None" }, "geometry": { "type": "MultiPoint", "coordinates": [ [ -79.559179, 43.716415 ] ] } },
{ "type": "Feature", "properties": { "_id": 331, "locationId": 1102, "locationTypeCode": "COOL_LOCN", "locationTypeDesc": "Cooling Location", "locationCode": "SPLASHPAD", "locationDesc": "Splashpad", "locationName": "Sackville Playground", "address": "420 KING ST E", "phone": "311", "url": "https://www.toronto.ca/data/parks/prd/facilities/complex/148/index.html", "imageUrl": "None", "monOpen": "0900", "monClose": "2030", "tueOpen": "0900", "tueClose": "2030", "wedOpen": "0900", "wedClose": "2030", "thuOpen": "0900", "thuClose": "2030", "friOpen": "0900", "friClose": "2030", "satOpen": "0900", "satClose": "2030", "sunOpen": "0900", "sunClose": "2030", "amenities": "None", "notes": "None", "eligibility": "None" }, "geometry": { "type": "MultiPoint", "coordinates": [ [ -79.360702, 43.654496 ] ] } },
{ "type": "Feature", "properties": { "_id": 332, "locationId": 1103, "locationTypeCode": "COOL_LOCN", "locationTypeDesc": "Cooling Location", "locationCode": "SPLASHPAD", "locationDesc": "Splashpad", "locationName": "Bert Robinson Park", "address": "400 CALEDONIA RD", "phone": "311", "url": "https://www.toronto.ca/data/parks/prd/facilities/complex/606/index.html", "imageUrl": "None", "monOpen": "0900", "monClose": "2030", "tueOpen": "0900", "tueClose": "2030", "wedOpen": "0900", "wedClose": "2030", "thuOpen": "0900", "thuClose": "2030", "friOpen": "0900", "friClose": "2030", "satOpen": "0900", "satClose": "2030", "sunOpen": "0900", "sunClose": "2030", "amenities": "None", "notes": "None", "eligibility": "None" }, "geometry": { "type": "MultiPoint", "coordinates": [ [ -79.461057, 43.687788 ] ] } },
{ "type": "Feature", "properties": { "_id": 333, "locationId": 749, "locationTypeCode": "COOL_LOCN", "locationTypeDesc": "Cooling Location", "locationCode": "OUTDOOR_POOL", "locationDesc": "Outdoor Pool", "locationName": "Mitchell Field Community Centre", "address": "89 CHURCH AVE", "phone": "416-395-0265", "url": "https://www.toronto.ca/data/parks/prd/facilities/complex/693/index.html", "imageUrl": "None", "monOpen": "0900", "monClose": "1700", "tueOpen": "0900", "tueClose": "1700", "wedOpen": "0900", "wedClose": "1700", "thuOpen": "0900", "thuClose": "1700", "friOpen": "0900", "friClose": "1700", "satOpen": "CLOSED", "satClose": "CLOSED", "sunOpen": "CLOSED", "sunClose": "CLOSED", "amenities": "WASHROOMS:SHOWERS:POOL", "notes": "None", "eligibility": "None" }, "geometry": { "type": "MultiPoint", "coordinates": [ [ -79.408281, 43.774539 ] ] } },
{ "type": "Feature", "properties": { "_id": 334, "locationId": 1104, "locationTypeCode": "COOL_LOCN", "locationTypeDesc": "Cooling Location", "locationCode": "COMM_CNTR", "locationDesc": "Community Centre", "locationName": "Canoe Landing Community Recreation Centre", "address": "45 Fort York Blvd", "phone": "None", "url": "https://www.toronto.ca/data/parks/prd/facilities/complex/3643/index.html", "imageUrl": "None", "monOpen": "0800", "monClose": "2200", "tueOpen": "0800", "tueClose": "2200", "wedOpen": "0800", "wedClose": "2200", "thuOpen": "0800", "thuClose": "2200", "friOpen": "0800", "friClose": "2200", "satOpen": "0900", "satClose": "2000", "sunOpen": "0900", "sunClose": "1800", "amenities": "None", "notes": "None", "eligibility": "None" }, "geometry": { "type": "MultiPoint", "coordinates": [ [ -79.39867, 43.639764 ] ] } },
{ "type": "Feature", "properties": { "_id": 335, "locationId": 923, "locationTypeCode": "COOL_LOCN", "locationTypeDesc": "Cooling Location", "locationCode": "SPLASHPAD", "locationDesc": "Splashpad", "locationName": "Dentonia Park", "address": "80 THYRA AVE", "phone": "311", "url": "https://www.toronto.ca/data/parks/prd/facilities/complex/1057/index.html", "imageUrl": "None", "monOpen": "0900", "monClose": "2030", "tueOpen": "0900", "tueClose": "2030", "wedOpen": "0900", "wedClose": "2030", "thuOpen": "0900", "thuClose": "2030", "friOpen": "0900", "friClose": "2030", "satOpen": "0900", "satClose": "2030", "sunOpen": "0900", "sunClose": "2030", "amenities": "None", "notes": "None", "eligibility": "None" }, "geometry": { "type": "MultiPoint", "coordinates": [ [ -79.293737, 43.693628 ] ] } },
{ "type": "Feature", "properties": { "_id": 336, "locationId": 922, "locationTypeCode": "COOL_LOCN", "locationTypeDesc": "Cooling Location", "locationCode": "SPLASHPAD", "locationDesc": "Splashpad", "locationName": "Eastview Park", "address": "33 CORONATION DR", "phone": "311", "url": "https://www.toronto.ca/data/parks/prd/facilities/complex/1039/index.html", "imageUrl": "None", "monOpen": "0900", "monClose": "2030", "tueOpen": "0900", "tueClose": "2030", "wedOpen": "0900", "wedClose": "2030", "thuOpen": "0900", "thuClose": "2030", "friOpen": "0900", "friClose": "2030", "satOpen": "0900", "satClose": "2030", "sunOpen": "0900", "sunClose": "2030", "amenities": "None", "notes": "None", "eligibility": "None" }, "geometry": { "type": "MultiPoint", "coordinates": [ [ -79.190349, 43.760681 ] ] } },
{ "type": "Feature", "properties": { "_id": 337, "locationId": 921, "locationTypeCode": "COOL_LOCN", "locationTypeDesc": "Cooling Location", "locationCode": "SPLASHPAD", "locationDesc": "Splashpad", "locationName": "Michael Power Park", "address": "5055 DUNDAS ST", "phone": "311", "url": "https://www.toronto.ca/data/parks/prd/facilities/complex/1034/index.html", "imageUrl": "None", "monOpen": "0900", "monClose": "2030", "tueOpen": "0900", "tueClose": "2030", "wedOpen": "0900", "wedClose": "2030", "thuOpen": "0900", "thuClose": "2030", "friOpen": "0900", "friClose": "2030", "satOpen": "0900", "satClose": "2030", "sunOpen": "0900", "sunClose": "2030", "amenities": "None", "notes": "None", "eligibility": "None" }, "geometry": { "type": "MultiPoint", "coordinates": [ [ -79.531238, 43.645228 ] ] } },
{ "type": "Feature", "properties": { "_id": 338, "locationId": 926, "locationTypeCode": "COOL_LOCN", "locationTypeDesc": "Cooling Location", "locationCode": "SPLASHPAD", "locationDesc": "Splashpad", "locationName": "De Havilland 'Mossie' Park", "address": "111 ANTHONY RD", "phone": "311", "url": "https://www.toronto.ca/data/parks/prd/facilities/complex/1425/index.html", "imageUrl": "None", "monOpen": "0900", "monClose": "2030", "tueOpen": "0900", "tueClose": "2030", "wedOpen": "0900", "wedClose": "2030", "thuOpen": "0900", "thuClose": "2030", "friOpen": "0900", "friClose": "2030", "satOpen": "0900", "satClose": "2030", "sunOpen": "0900", "sunClose": "2030", "amenities": "None", "notes": "None", "eligibility": "None" }, "geometry": { "type": "MultiPoint", "coordinates": [ [ -79.468025, 43.7273 ] ] } },
{ "type": "Feature", "properties": { "_id": 339, "locationId": 925, "locationTypeCode": "COOL_LOCN", "locationTypeDesc": "Cooling Location", "locationCode": "SPLASHPAD", "locationDesc": "Splashpad", "locationName": "Port Union Village Common Park", "address": "105 BRIDGEND ST", "phone": "311", "url": "https://www.toronto.ca/data/parks/prd/facilities/complex/1094/index.html", "imageUrl": "None", "monOpen": "CALL", "monClose": "CALL", "tueOpen": "CALL", "tueClose": "CALL", "wedOpen": "CALL", "wedClose": "CALL", "thuOpen": "CALL", "thuClose": "CALL", "friOpen": "CALL", "friClose": "CALL", "satOpen": "CALL", "satClose": "CALL", "sunOpen": "CALL", "sunClose": "CALL", "amenities": "None", "notes": "None", "eligibility": "None" }, "geometry": { "type": "MultiPoint", "coordinates": [ [ -79.135303, 43.775692 ] ] } },
{ "type": "Feature", "properties": { "_id": 340, "locationId": 750, "locationTypeCode": "COOL_LOCN", "locationTypeDesc": "Cooling Location", "locationCode": "OUTDOOR_POOL", "locationDesc": "Outdoor Pool", "locationName": "Northwood Community Centre", "address": "15 CLUBHOUSE CRT", "phone": "416-395-7876", "url": "https://www.toronto.ca/data/parks/prd/facilities/complex/703/index.html", "imageUrl": "None", "monOpen": "0800", "monClose": "2200", "tueOpen": "0800", "tueClose": "2200", "wedOpen": "0800", "wedClose": "2200", "thuOpen": "0800", "thuClose": "2200", "friOpen": "0800", "friClose": "2200", "satOpen": "0800", "satClose": "2000", "sunOpen": "0900", "sunClose": "2000", "amenities": "None", "notes": "None", "eligibility": "None" }, "geometry": { "type": "MultiPoint", "coordinates": [ [ -79.500372, 43.745563 ] ] } },
{ "type": "Feature", "properties": { "_id": 341, "locationId": 871, "locationTypeCode": "COOL_LOCN", "locationTypeDesc": "Cooling Location", "locationCode": "SPLASHPAD", "locationDesc": "Splashpad", "locationName": "Fennimore Park", "address": "78 FENNIMORE CRES", "phone": "311", "url": "https://www.toronto.ca/data/parks/prd/facilities/complex/559/index.html", "imageUrl": "None", "monOpen": "0900", "monClose": "2030", "tueOpen": "0900", "tueClose": "2030", "wedOpen": "0900", "wedClose": "2030", "thuOpen": "0900", "thuClose": "2030", "friOpen": "0900", "friClose": "2030", "satOpen": "0900", "satClose": "2030", "sunOpen": "0900", "sunClose": "2030", "amenities": "None", "notes": "None", "eligibility": "None" }, "geometry": { "type": "MultiPoint", "coordinates": [ [ -79.522491, 43.745593 ] ] } },
{ "type": "Feature", "properties": { "_id": 342, "locationId": 803, "locationTypeCode": "COOL_LOCN", "locationTypeDesc": "Cooling Location", "locationCode": "INDOOR_POOL", "locationDesc": "Indoor Pool", "locationName": "Scadding Court Community Centre", "address": "707 DUNDAS ST", "phone": "416-392-0335", "url": "https://www.toronto.ca/data/parks/prd/facilities/complex/1098/index.html", "imageUrl": "None", "monOpen": "0830", "monClose": "2130", "tueOpen": "0830", "tueClose": "2130", "wedOpen": "0830", "wedClose": "2130", "thuOpen": "0830", "thuClose": "2130", "friOpen": "0830", "friClose": "2130", "satOpen": "0900", "satClose": "1700", "sunOpen": "0900", "sunClose": "1500", "amenities": "WASHROOMS:SHOWERS:POOL:GYM", "notes": "None", "eligibility": "None" }, "geometry": { "type": "MultiPoint", "coordinates": [ [ -79.404953, 43.651665 ] ] } },
{ "type": "Feature", "properties": { "_id": 343, "locationId": 924, "locationTypeCode": "COOL_LOCN", "locationTypeDesc": "Cooling Location", "locationCode": "SPLASHPAD", "locationDesc": "Splashpad", "locationName": "Milliken Park", "address": "5555 STEELES AVE", "phone": "311", "url": "https://www.toronto.ca/data/parks/prd/facilities/complex/1088/index.html", "imageUrl": "None", "monOpen": "0900", "monClose": "2030", "tueOpen": "0900", "tueClose": "2030", "wedOpen": "0900", "wedClose": "2030", "thuOpen": "0900", "thuClose": "2030", "friOpen": "0900", "friClose": "2030", "satOpen": "0900", "satClose": "2030", "sunOpen": "0900", "sunClose": "2030", "amenities": "None", "notes": "None", "eligibility": "None" }, "geometry": { "type": "MultiPoint", "coordinates": [ [ -79.270694, 43.829425 ] ] } },
{ "type": "Feature", "properties": { "_id": 344, "locationId": 870, "locationTypeCode": "COOL_LOCN", "locationTypeDesc": "Cooling Location", "locationCode": "SPLASHPAD", "locationDesc": "Splashpad", "locationName": "Vradenberg Park", "address": "40 VRADENBERG DR", "phone": "311", "url": "https://www.toronto.ca/data/parks/prd/facilities/complex/556/index.html", "imageUrl": "None", "monOpen": "0900", "monClose": "2030", "tueOpen": "0900", "tueClose": "2030", "wedOpen": "0900", "wedClose": "2030", "thuOpen": "0900", "thuClose": "2030", "friOpen": "0900", "friClose": "2030", "satOpen": "0900", "satClose": "2030", "sunOpen": "0900", "sunClose": "2030", "amenities": "None", "notes": "None", "eligibility": "None" }, "geometry": { "type": "MultiPoint", "coordinates": [ [ -79.310396, 43.77479 ] ] } },
{ "type": "Feature", "properties": { "_id": 345, "locationId": 802, "locationTypeCode": "COOL_LOCN", "locationTypeDesc": "Cooling Location", "locationCode": "OUTDOOR_POOL", "locationDesc": "Outdoor Pool", "locationName": "O'Connor Community Centre", "address": "1386 VICTORIA PARK AVE", "phone": "416-395-7957", "url": "https://www.toronto.ca/data/parks/prd/facilities/complex/1093/index.html", "imageUrl": "None", "monOpen": "0900", "monClose": "2130", "tueOpen": "0900", "tueClose": "2100", "wedOpen": "0900", "wedClose": "2100", "thuOpen": "0900", "thuClose": "2100", "friOpen": "0900", "friClose": "2100", "satOpen": "0900", "satClose": "2000", "sunOpen": "0900", "sunClose": "1700", "amenities": "WASHROOMS:SHOWERS:POOL", "notes": "None", "eligibility": "None" }, "geometry": { "type": "MultiPoint", "coordinates": [ [ -79.301931, 43.717663 ] ] } },
{ "type": "Feature", "properties": { "_id": 346, "locationId": 928, "locationTypeCode": "COOL_LOCN", "locationTypeDesc": "Cooling Location", "locationCode": "SPLASHPAD", "locationDesc": "Splashpad", "locationName": "Morningside Park", "address": "390 MORNINGSIDE AVE", "phone": "311", "url": "https://www.toronto.ca/data/parks/prd/facilities/complex/1470/index.html", "imageUrl": "None", "monOpen": "0900", "monClose": "2030", "tueOpen": "0900", "tueClose": "2030", "wedOpen": "0900", "wedClose": "2030", "thuOpen": "0900", "thuClose": "2030", "friOpen": "0900", "friClose": "2030", "satOpen": "0900", "satClose": "2030", "sunOpen": "0900", "sunClose": "2030", "amenities": "None", "notes": "None", "eligibility": "None" }, "geometry": { "type": "MultiPoint", "coordinates": [ [ -79.196507, 43.779444 ] ] } },
{ "type": "Feature", "properties": { "_id": 347, "locationId": 752, "locationTypeCode": "COOL_LOCN", "locationTypeDesc": "Cooling Location", "locationCode": "OUTDOOR_POOL", "locationDesc": "Outdoor Pool", "locationName": "Oriole Community Centre", "address": "2975 DON MILLS RD", "phone": "416-395-6005", "url": "https://www.toronto.ca/data/parks/prd/facilities/complex/714/index.html", "imageUrl": "None", "monOpen": "0900", "monClose": "2100", "tueOpen": "0900", "tueClose": "2100", "wedOpen": "0900", "wedClose": "2100", "thuOpen": "0900", "thuClose": "2100", "friOpen": "0900", "friClose": "2100", "satOpen": "0900", "satClose": "2100", "sunOpen": "0900", "sunClose": "2100", "amenities": "WASHROOMS:SHOWERS:POOL", "notes": "None", "eligibility": "None" }, "geometry": { "type": "MultiPoint", "coordinates": [ [ -79.351131, 43.78187 ] ] } },
{ "type": "Feature", "properties": { "_id": 348, "locationId": 927, "locationTypeCode": "COOL_LOCN", "locationTypeDesc": "Cooling Location", "locationCode": "SPLASHPAD", "locationDesc": "Splashpad", "locationName": "Grange Park", "address": "26 Grange Rd", "phone": "311", "url": "https://www.toronto.ca/data/parks/prd/facilities/complex/1431/index.html", "imageUrl": "None", "monOpen": "0900", "monClose": "2030", "tueOpen": "0900", "tueClose": "2030", "wedOpen": "0900", "wedClose": "2030", "thuOpen": "0900", "thuClose": "2030", "friOpen": "0900", "friClose": "2030", "satOpen": "0900", "satClose": "2030", "sunOpen": "0900", "sunClose": "2030", "amenities": "None", "notes": "None", "eligibility": "None" }, "geometry": { "type": "MultiPoint", "coordinates": [ [ -79.392427, 43.652495 ] ] } },
{ "type": "Feature", "properties": { "_id": 349, "locationId": 872, "locationTypeCode": "COOL_LOCN", "locationTypeDesc": "Cooling Location", "locationCode": "SPLASHPAD", "locationDesc": "Splashpad", "locationName": "White Haven Park", "address": "63 INVERGORDON AVE", "phone": "311", "url": "https://www.toronto.ca/data/parks/prd/facilities/complex/573/index.html", "imageUrl": "None", "monOpen": "0900", "monClose": "2030", "tueOpen": "0900", "tueClose": "2030", "wedOpen": "0900", "wedClose": "2030", "thuOpen": "0900", "thuClose": "2030", "friOpen": "0900", "friClose": "2030", "satOpen": "0900", "satClose": "2030", "sunOpen": "0900", "sunClose": "2030", "amenities": "None", "notes": "None", "eligibility": "None" }, "geometry": { "type": "MultiPoint", "coordinates": [ [ -79.249966, 43.786413 ] ] } },
{ "type": "Feature", "properties": { "_id": 350, "locationId": 930, "locationTypeCode": "COOL_LOCN", "locationTypeDesc": "Cooling Location", "locationCode": "SPLASHPAD", "locationDesc": "Splashpad", "locationName": "Oates Park", "address": "10 OATES DR", "phone": "311", "url": "https://www.toronto.ca/data/parks/prd/facilities/complex/1495/index.html", "imageUrl": "None", "monOpen": "0900", "monClose": "2030", "tueOpen": "0900", "tueClose": "2030", "wedOpen": "0900", "wedClose": "2030", "thuOpen": "0900", "thuClose": "2030", "friOpen": "0900", "friClose": "2030", "satOpen": "0900", "satClose": "2030", "sunOpen": "0900", "sunClose": "2030", "amenities": "None", "notes": "None", "eligibility": "None" }, "geometry": { "type": "MultiPoint", "coordinates": [ [ -79.274424, 43.704348 ] ] } },
{ "type": "Feature", "properties": { "_id": 351, "locationId": 874, "locationTypeCode": "COOL_LOCN", "locationTypeDesc": "Cooling Location", "locationCode": "SPLASHPAD", "locationDesc": "Splashpad", "locationName": "Bridlewood Park", "address": "445 HUNTINGWOOD DR", "phone": "311", "url": "https://www.toronto.ca/data/parks/prd/facilities/complex/578/index.html", "imageUrl": "None", "monOpen": "0900", "monClose": "2030", "tueOpen": "0900", "tueClose": "2030", "wedOpen": "0900", "wedClose": "2030", "thuOpen": "0900", "thuClose": "2030", "friOpen": "0900", "friClose": "2030", "satOpen": "0900", "satClose": "2030", "sunOpen": "0900", "sunClose": "2030", "amenities": "None", "notes": "None", "eligibility": "None" }, "geometry": { "type": "MultiPoint", "coordinates": [ [ -79.316586, 43.78271 ] ] } },
{ "type": "Feature", "properties": { "_id": 352, "locationId": 755, "locationTypeCode": "COOL_LOCN", "locationTypeDesc": "Cooling Location", "locationCode": "OUTDOOR_POOL", "locationDesc": "Outdoor Pool", "locationName": "Roding Community Centre", "address": "600 RODING ST", "phone": "416-395-7964", "url": "https://www.toronto.ca/data/parks/prd/facilities/complex/744/index.html", "imageUrl": "None", "monOpen": "0900", "monClose": "2200", "tueOpen": "0900", "tueClose": "2200", "wedOpen": "0900", "wedClose": "2200", "thuOpen": "0900", "thuClose": "2200", "friOpen": "0900", "friClose": "2200", "satOpen": "0900", "satClose": "2200", "sunOpen": "0900", "sunClose": "2200", "amenities": "WASHROOMS:SHOWERS:POOL", "notes": "None", "eligibility": "None" }, "geometry": { "type": "MultiPoint", "coordinates": [ [ -79.492601, 43.729276 ] ] } },
{ "type": "Feature", "properties": { "_id": 353, "locationId": 933, "locationTypeCode": "COOL_LOCN", "locationTypeDesc": "Cooling Location", "locationCode": "SPLASHPAD", "locationDesc": "Splashpad", "locationName": "Lee Centre Park", "address": "112 CORPORATE DR", "phone": "311", "url": "https://www.toronto.ca/data/parks/prd/facilities/complex/1849/index.html", "imageUrl": "None", "monOpen": "0900", "monClose": "2030", "tueOpen": "0900", "tueClose": "2030", "wedOpen": "0900", "wedClose": "2030", "thuOpen": "0900", "thuClose": "2030", "friOpen": "0900", "friClose": "2030", "satOpen": "0900", "satClose": "2030", "sunOpen": "0900", "sunClose": "2030", "amenities": "None", "notes": "None", "eligibility": "None" }, "geometry": { "type": "MultiPoint", "coordinates": [ [ -79.246799, 43.780958 ] ] } },
{ "type": "Feature", "properties": { "_id": 354, "locationId": 875, "locationTypeCode": "COOL_LOCN", "locationTypeDesc": "Cooling Location", "locationCode": "SPLASHPAD", "locationDesc": "Splashpad", "locationName": "Flemington Park West", "address": "2 FLEMINGTON RD", "phone": "311", "url": "https://www.toronto.ca/data/parks/prd/facilities/complex/588/index.html", "imageUrl": "None", "monOpen": "0900", "monClose": "2030", "tueOpen": "0900", "tueClose": "2030", "wedOpen": "0900", "wedClose": "2030", "thuOpen": "0900", "thuClose": "2030", "friOpen": "0900", "friClose": "2030", "satOpen": "0900", "satClose": "2030", "sunOpen": "0900", "sunClose": "2030", "amenities": "None", "notes": "None", "eligibility": "None" }, "geometry": { "type": "MultiPoint", "coordinates": [ [ -79.444791, 43.721254 ] ] } },
{ "type": "Feature", "properties": { "_id": 355, "locationId": 932, "locationTypeCode": "COOL_LOCN", "locationTypeDesc": "Cooling Location", "locationCode": "SPLASHPAD", "locationDesc": "Splashpad", "locationName": "Scarboro Crescent Park", "address": "61 UNDERCLIFF DR", "phone": "311", "url": "https://www.toronto.ca/data/parks/prd/facilities/complex/1748/index.html", "imageUrl": "None", "monOpen": "0900", "monClose": "2030", "tueOpen": "0900", "tueClose": "2030", "wedOpen": "0900", "wedClose": "2030", "thuOpen": "0900", "thuClose": "2030", "friOpen": "0900", "friClose": "2030", "satOpen": "0900", "satClose": "2030", "sunOpen": "0900", "sunClose": "2030", "amenities": "None", "notes": "None", "eligibility": "None" }, "geometry": { "type": "MultiPoint", "coordinates": [ [ -79.24222, 43.703204 ] ] } },
{ "type": "Feature", "properties": { "_id": 356, "locationId": 512, "locationTypeCode": "COOL_LOCN", "locationTypeDesc": "Cooling Location", "locationCode": "COMM_CNTR", "locationDesc": "Community Centre", "locationName": "Elmbank Community Centre", "address": "10 Rampart Rd", "phone": "416-394-8671", "url": "https://www.toronto.ca/data/parks/prd/facilities/complex/750/index.html", "imageUrl": "None", "monOpen": "0900", "monClose": "1800", "tueOpen": "0900", "tueClose": "1800", "wedOpen": "0900", "wedClose": "1800", "thuOpen": "0900", "thuClose": "1800", "friOpen": "0900", "friClose": "1800", "satOpen": "0900", "satClose": "1700", "sunOpen": "0900", "sunClose": "1700", "amenities": "WASHROOMS:ACCESS", "notes": "None", "eligibility": "None" }, "geometry": { "type": "MultiPoint", "coordinates": [ [ -79.588706, 43.7348 ] ] } },
{ "type": "Feature", "properties": { "_id": 357, "locationId": 931, "locationTypeCode": "COOL_LOCN", "locationTypeDesc": "Cooling Location", "locationCode": "SPLASHPAD", "locationDesc": "Splashpad", "locationName": "Oakridge Park", "address": "3459 DANFORTH AVE", "phone": "311", "url": "https://www.toronto.ca/data/parks/prd/facilities/complex/1496/index.html", "imageUrl": "None", "monOpen": "0900", "monClose": "2030", "tueOpen": "0900", "tueClose": "2030", "wedOpen": "0900", "wedClose": "2030", "thuOpen": "0900", "thuClose": "2030", "friOpen": "0900", "friClose": "2030", "satOpen": "0900", "satClose": "2030", "sunOpen": "0900", "sunClose": "2030", "amenities": "None", "notes": "None", "eligibility": "None" }, "geometry": { "type": "MultiPoint", "coordinates": [ [ -79.278987, 43.692351 ] ] } },
{ "type": "Feature", "properties": { "_id": 358, "locationId": 753, "locationTypeCode": "COOL_LOCN", "locationTypeDesc": "Cooling Location", "locationCode": "OUTDOOR_POOL", "locationDesc": "Outdoor Pool", "locationName": "Pleasantview Community Centre", "address": "545 VAN HORNE AVE", "phone": "416-395-6006", "url": "https://www.toronto.ca/data/parks/prd/facilities/complex/732/index.html", "imageUrl": "None", "monOpen": "0900", "monClose": "2200", "tueOpen": "0900", "tueClose": "2200", "wedOpen": "0900", "wedClose": "2200", "thuOpen": "0900", "thuClose": "2200", "friOpen": "0900", "friClose": "2200", "satOpen": "0900", "satClose": "2200", "sunOpen": "0900", "sunClose": "2200", "amenities": "WASHROOMS:SHOWERS:POOL", "notes": "None", "eligibility": "None" }, "geometry": { "type": "MultiPoint", "coordinates": [ [ -79.337102, 43.786962 ] ] } },
{ "type": "Feature", "properties": { "_id": 359, "locationId": 511, "locationTypeCode": "COOL_LOCN", "locationTypeDesc": "Cooling Location", "locationCode": "COMM_CNTR", "locationDesc": "Community Centre", "locationName": "Ellesmere Community Centre", "address": "20 Canadian Rd", "phone": "416-396-5536", "url": "https://www.toronto.ca/data/parks/prd/facilities/complex/617/index.html", "imageUrl": "None", "monOpen": "0800", "monClose": "2300", "tueOpen": "0800", "tueClose": "2300", "wedOpen": "0800", "wedClose": "2300", "thuOpen": "0800", "thuClose": "2300", "friOpen": "0800", "friClose": "2300", "satOpen": "0800", "satClose": "2300", "sunOpen": "0800", "sunClose": "2300", "amenities": "WASHROOMS:WRT_FNT:ACCESS", "notes": "None", "eligibility": "None" }, "geometry": { "type": "MultiPoint", "coordinates": [ [ -79.29861, 43.760978 ] ] } },
{ "type": "Feature", "properties": { "_id": 360, "locationId": 936, "locationTypeCode": "COOL_LOCN", "locationTypeDesc": "Cooling Location", "locationCode": "SPLASHPAD", "locationDesc": "Splashpad", "locationName": "Fairfield Park", "address": "90 LOTHIAN AVE", "phone": "311", "url": "https://www.toronto.ca/data/parks/prd/facilities/complex/1882/index.html", "imageUrl": "None", "monOpen": "0900", "monClose": "2030", "tueOpen": "0900", "tueClose": "2030", "wedOpen": "0900", "wedClose": "2030", "thuOpen": "0900", "thuClose": "2030", "friOpen": "0900", "friClose": "2030", "satOpen": "0900", "satClose": "2030", "sunOpen": "0900", "sunClose": "2030", "amenities": "None", "notes": "None", "eligibility": "None" }, "geometry": { "type": "MultiPoint", "coordinates": [ [ -79.519801, 43.638826 ] ] } },
{ "type": "Feature", "properties": { "_id": 361, "locationId": 935, "locationTypeCode": "COOL_LOCN", "locationTypeDesc": "Cooling Location", "locationCode": "SPLASHPAD", "locationDesc": "Splashpad", "locationName": "Warden Hilltop Community Centre", "address": "25 MENDELSSOHN ST", "phone": "416-392-7640", "url": "https://www.toronto.ca/data/parks/prd/facilities/complex/1865/index.html", "imageUrl": "None", "monOpen": "0900", "monClose": "2030", "tueOpen": "0900", "tueClose": "2030", "wedOpen": "0900", "wedClose": "2030", "thuOpen": "0900", "thuClose": "2030", "friOpen": "0900", "friClose": "2030", "satOpen": "0900", "satClose": "2030", "sunOpen": "0900", "sunClose": "2030", "amenities": "None", "notes": "None", "eligibility": "None" }, "geometry": { "type": "MultiPoint", "coordinates": [ [ -79.280944, 43.714559 ] ] } },
{ "type": "Feature", "properties": { "_id": 362, "locationId": 513, "locationTypeCode": "COOL_LOCN", "locationTypeDesc": "Cooling Location", "locationCode": "COMM_CNTR", "locationDesc": "Community Centre", "locationName": "Fairbank Memorial Community Centre", "address": "2213 Dufferin St", "phone": "416-394-2473", "url": "https://www.toronto.ca/data/parks/prd/facilities/complex/482/index.html", "imageUrl": "None", "monOpen": "0800", "monClose": "2100", "tueOpen": "0800", "tueClose": "2100", "wedOpen": "0800", "wedClose": "2100", "thuOpen": "0800", "thuClose": "2100", "friOpen": "0800", "friClose": "2100", "satOpen": "0900", "satClose": "1600", "sunOpen": "1000", "sunClose": "1500", "amenities": "WASHROOMS:WRT_FNT:ACCESS", "notes": "None", "eligibility": "None" }, "geometry": { "type": "MultiPoint", "coordinates": [ [ -79.447997, 43.691282 ] ] } },
{ "type": "Feature", "properties": { "_id": 363, "locationId": 634, "locationTypeCode": "COOL_LOCN", "locationTypeDesc": "Cooling Location", "locationCode": "OUTDOOR_POOL", "locationDesc": "Outdoor Pool", "locationName": "High Park", "address": "1873 BLOOR ST", "phone": "416-392-7807", "url": "https://www.toronto.ca/data/parks/prd/facilities/complex/77/index.html", "imageUrl": "None", "monOpen": "CALL", "monClose": "CALL", "tueOpen": "CALL", "tueClose": "CALL", "wedOpen": "CALL", "wedClose": "CALL", "thuOpen": "CALL", "thuClose": "CALL", "friOpen": "CALL", "friClose": "CALL", "satOpen": "CALL", "satClose": "CALL", "sunOpen": "CALL", "sunClose": "CALL", "amenities": "WASHROOMS:SHOWERS:POOL", "notes": "None", "eligibility": "None" }, "geometry": { "type": "MultiPoint", "coordinates": [ [ -79.463497, 43.64654 ] ] } },
{ "type": "Feature", "properties": { "_id": 364, "locationId": 934, "locationTypeCode": "COOL_LOCN", "locationTypeDesc": "Cooling Location", "locationCode": "SPLASHPAD", "locationDesc": "Splashpad", "locationName": "Sherbourne Common", "address": "5 LOWER SHERBOURNE ST", "phone": "311", "url": "https://www.toronto.ca/data/parks/prd/facilities/complex/1860/index.html", "imageUrl": "None", "monOpen": "0900", "monClose": "2030", "tueOpen": "0900", "tueClose": "2030", "wedOpen": "0900", "wedClose": "2030", "thuOpen": "0900", "thuClose": "2030", "friOpen": "0900", "friClose": "2030", "satOpen": "0900", "satClose": "2030", "sunOpen": "0900", "sunClose": "2030", "amenities": "None", "notes": "None", "eligibility": "None" }, "geometry": { "type": "MultiPoint", "coordinates": [ [ -79.364938, 43.644414 ] ] } },
{ "type": "Feature", "properties": { "_id": 365, "locationId": 878, "locationTypeCode": "COOL_LOCN", "locationTypeDesc": "Cooling Location", "locationCode": "SPLASHPAD", "locationDesc": "Splashpad", "locationName": "Shawn Blu Rose Park", "address": "30 EMPRINGHAM DR", "phone": "311", "url": "https://www.toronto.ca/data/parks/prd/facilities/complex/598/index.html", "imageUrl": "None", "monOpen": "0900", "monClose": "2030", "tueOpen": "0900", "tueClose": "2030", "wedOpen": "0900", "wedClose": "2030", "thuOpen": "0900", "thuClose": "2030", "friOpen": "0900", "friClose": "2030", "satOpen": "0900", "satClose": "2030", "sunOpen": "0900", "sunClose": "2030", "amenities": "None", "notes": "None", "eligibility": "None" }, "geometry": { "type": "MultiPoint", "coordinates": [ [ -79.20993, 43.812021 ] ] } },
{ "type": "Feature", "properties": { "_id": 366, "locationId": 757, "locationTypeCode": "COOL_LOCN", "locationTypeDesc": "Cooling Location", "locationCode": "OUTDOOR_POOL", "locationDesc": "Outdoor Pool", "locationName": "Halbert Park", "address": "24 ROCKWOOD DR", "phone": "416-396-4125", "url": "https://www.toronto.ca/data/parks/prd/facilities/complex/768/index.html", "imageUrl": "None", "monOpen": "CALL", "monClose": "CALL", "tueOpen": "CALL", "tueClose": "CALL", "wedOpen": "CALL", "wedClose": "CALL", "thuOpen": "CALL", "thuClose": "CALL", "friOpen": "CALL", "friClose": "CALL", "satOpen": "CALL", "satClose": "CALL", "sunOpen": "CALL", "sunClose": "CALL", "amenities": "WASHROOMS:SHOWERS:POOL", "notes": "None", "eligibility": "None" }, "geometry": { "type": "MultiPoint", "coordinates": [ [ -79.231513, 43.728773 ] ] } },
{ "type": "Feature", "properties": { "_id": 367, "locationId": 939, "locationTypeCode": "COOL_LOCN", "locationTypeDesc": "Cooling Location", "locationCode": "SPLASHPAD", "locationDesc": "Splashpad", "locationName": "Six Points Park", "address": "10 VIKING LANE", "phone": "311", "url": "https://www.toronto.ca/data/parks/prd/facilities/complex/2020/index.html", "imageUrl": "None", "monOpen": "0900", "monClose": "2030", "tueOpen": "0900", "tueClose": "2030", "wedOpen": "0900", "wedClose": "2030", "thuOpen": "0900", "thuClose": "2030", "friOpen": "0900", "friClose": "2030", "satOpen": "0900", "satClose": "2030", "sunOpen": "0900", "sunClose": "2030", "amenities": "None", "notes": "None", "eligibility": "None" }, "geometry": { "type": "MultiPoint", "coordinates": [ [ -79.536136, 43.639574 ] ] } },
{ "type": "Feature", "properties": { "_id": 368, "locationId": 938, "locationTypeCode": "COOL_LOCN", "locationTypeDesc": "Cooling Location", "locationCode": "SPLASHPAD", "locationDesc": "Splashpad", "locationName": "Birchcrest Park", "address": "89 BEVERLY GLEN BLVD", "phone": "311", "url": "https://www.toronto.ca/data/parks/prd/facilities/complex/2019/index.html", "imageUrl": "None", "monOpen": "0900", "monClose": "2030", "tueOpen": "0900", "tueClose": "2030", "wedOpen": "0900", "wedClose": "2030", "thuOpen": "0900", "thuClose": "2030", "friOpen": "0900", "friClose": "2030", "satOpen": "0900", "satClose": "2030", "sunOpen": "0900", "sunClose": "2030", "amenities": "None", "notes": "None", "eligibility": "None" }, "geometry": { "type": "MultiPoint", "coordinates": [ [ -79.321991, 43.798595 ] ] } },
{ "type": "Feature", "properties": { "_id": 369, "locationId": 877, "locationTypeCode": "COOL_LOCN", "locationTypeDesc": "Cooling Location", "locationCode": "SPLASHPAD", "locationDesc": "Splashpad", "locationName": "Elizabeth Simcoe Park", "address": "180 SYLVAN AVE", "phone": "311", "url": "https://www.toronto.ca/data/parks/prd/facilities/complex/594/index.html", "imageUrl": "None", "monOpen": "0900", "monClose": "2030", "tueOpen": "0900", "tueClose": "2030", "wedOpen": "0900", "wedClose": "2030", "thuOpen": "0900", "thuClose": "2030", "friOpen": "0900", "friClose": "2030", "satOpen": "0900", "satClose": "2030", "sunOpen": "0900", "sunClose": "2030", "amenities": "None", "notes": "None", "eligibility": "None" }, "geometry": { "type": "MultiPoint", "coordinates": [ [ -79.204954, 43.739387 ] ] } },
{ "type": "Feature", "properties": { "_id": 370, "locationId": 514, "locationTypeCode": "COOL_LOCN", "locationTypeDesc": "Cooling Location", "locationCode": "COMM_CNTR", "locationDesc": "Community Centre", "locationName": "Fairmount Park Community Centre", "address": "1757 Gerrard St E", "phone": "416-392-7060", "url": "https://www.toronto.ca/data/parks/prd/facilities/complex/308/index.html", "imageUrl": "None", "monOpen": "0900", "monClose": "2100", "tueOpen": "0900", "tueClose": "2100", "wedOpen": "0900", "wedClose": "2100", "thuOpen": "0900", "thuClose": "2100", "friOpen": "0900", "friClose": "2100", "satOpen": "0900", "satClose": "1600", "sunOpen": "1000", "sunClose": "1500", "amenities": "WASHROOMS:SHOWERS:WRT_FNT:ACCESS:POOL", "notes": "None", "eligibility": "None" }, "geometry": { "type": "MultiPoint", "coordinates": [ [ -79.315116, 43.676646 ] ] } },
{ "type": "Feature", "properties": { "_id": 371, "locationId": 937, "locationTypeCode": "COOL_LOCN", "locationTypeDesc": "Cooling Location", "locationCode": "SPLASHPAD", "locationDesc": "Splashpad", "locationName": "Florence Gell Park", "address": "85 VARSITY RD", "phone": "311", "url": "https://www.toronto.ca/data/parks/prd/facilities/complex/2015/index.html", "imageUrl": "None", "monOpen": "0900", "monClose": "2030", "tueOpen": "0900", "tueClose": "2030", "wedOpen": "0900", "wedClose": "2030", "thuOpen": "0900", "thuClose": "2030", "friOpen": "0900", "friClose": "2030", "satOpen": "0900", "satClose": "2030", "sunOpen": "0900", "sunClose": "2030", "amenities": "None", "notes": "None", "eligibility": "None" }, "geometry": { "type": "MultiPoint", "coordinates": [ [ -79.498363, 43.661891 ] ] } },
{ "type": "Feature", "properties": { "_id": 372, "locationId": 876, "locationTypeCode": "COOL_LOCN", "locationTypeDesc": "Cooling Location", "locationCode": "SPLASHPAD", "locationDesc": "Splashpad", "locationName": "Seven Oaks Park", "address": "372 MILITARY TRL", "phone": "311", "url": "https://www.toronto.ca/data/parks/prd/facilities/complex/590/index.html", "imageUrl": "None", "monOpen": "0900", "monClose": "2030", "tueOpen": "0900", "tueClose": "2030", "wedOpen": "0900", "wedClose": "2030", "thuOpen": "0900", "thuClose": "2030", "friOpen": "0900", "friClose": "2030", "satOpen": "0900", "satClose": "2030", "sunOpen": "0900", "sunClose": "2030", "amenities": "None", "notes": "None", "eligibility": "None" }, "geometry": { "type": "MultiPoint", "coordinates": [ [ -79.210788, 43.788195 ] ] } },
{ "type": "Feature", "properties": { "_id": 373, "locationId": 940, "locationTypeCode": "COOL_LOCN", "locationTypeDesc": "Cooling Location", "locationCode": "SPLASHPAD", "locationDesc": "Splashpad", "locationName": "Rita Cox Park", "address": "14 MACHELLS AVE", "phone": "311", "url": "https://www.toronto.ca/data/parks/prd/facilities/complex/2021/index.html", "imageUrl": "None", "monOpen": "0900", "monClose": "2030", "tueOpen": "0900", "tueClose": "2030", "wedOpen": "0900", "wedClose": "2030", "thuOpen": "0900", "thuClose": "2030", "friOpen": "0900", "friClose": "2030", "satOpen": "0900", "satClose": "2030", "sunOpen": "0900", "sunClose": "2030", "amenities": "None", "notes": "None", "eligibility": "None" }, "geometry": { "type": "MultiPoint", "coordinates": [ [ -79.425772, 43.640078 ] ] } },
{ "type": "Feature", "properties": { "_id": 374, "locationId": 945, "locationTypeCode": "COOL_LOCN", "locationTypeDesc": "Cooling Location", "locationCode": "SPLASHPAD", "locationDesc": "Splashpad", "locationName": "Gledhill Park", "address": "125 GLEDHILL AVE", "phone": "311", "url": "https://www.toronto.ca/data/parks/prd/facilities/complex/2030/index.html", "imageUrl": "None", "monOpen": "0900", "monClose": "2030", "tueOpen": "0900", "tueClose": "2030", "wedOpen": "0900", "wedClose": "2030", "thuOpen": "0900", "thuClose": "2030", "friOpen": "0900", "friClose": "2030", "satOpen": "0900", "satClose": "2030", "sunOpen": "0900", "sunClose": "2030", "amenities": "WATER", "notes": "None", "eligibility": "None" }, "geometry": { "type": "MultiPoint", "coordinates": [ [ -79.310114, 43.690795 ] ] } },
{ "type": "Feature", "properties": { "_id": 375, "locationId": 944, "locationTypeCode": "COOL_LOCN", "locationTypeDesc": "Cooling Location", "locationCode": "SPLASHPAD", "locationDesc": "Splashpad", "locationName": "Dufferin And King Park", "address": "256 DUFFERIN ST", "phone": "311", "url": "https://www.toronto.ca/data/parks/prd/facilities/complex/2027/index.html", "imageUrl": "None", "monOpen": "0900", "monClose": "2030", "tueOpen": "0900", "tueClose": "2030", "wedOpen": "0900", "wedClose": "2030", "thuOpen": "0900", "thuClose": "2030", "friOpen": "0900", "friClose": "2030", "satOpen": "0900", "satClose": "2030", "sunOpen": "0900", "sunClose": "2030", "amenities": "None", "notes": "None", "eligibility": "None" }, "geometry": { "type": "MultiPoint", "coordinates": [ [ -79.427726, 43.638069 ] ] } },
{ "type": "Feature", "properties": { "_id": 376, "locationId": 518, "locationTypeCode": "COOL_LOCN", "locationTypeDesc": "Cooling Location", "locationCode": "COMM_CNTR", "locationDesc": "Community Centre", "locationName": "Gord and Irene Risk Community Centre", "address": "2650 Finch Ave WÂ ", "phone": "416-395-0355", "url": "https://www.toronto.ca/data/parks/prd/facilities/complex/642/index.html", "imageUrl": "None", "monOpen": "0900", "monClose": "2200", "tueOpen": "0900", "tueClose": "2200", "wedOpen": "0900", "wedClose": "2200", "thuOpen": "0900", "thuClose": "2200", "friOpen": "0900", "friClose": "2200", "satOpen": "0900", "satClose": "2200", "sunOpen": "0900", "sunClose": "2200", "amenities": "ACCESS:POOL", "notes": "None", "eligibility": "None" }, "geometry": { "type": "MultiPoint", "coordinates": [ [ -79.566743, 43.747318 ] ] } },
{ "type": "Feature", "properties": { "_id": 377, "locationId": 943, "locationTypeCode": "COOL_LOCN", "locationTypeDesc": "Cooling Location", "locationCode": "SPLASHPAD", "locationDesc": "Splashpad", "locationName": "Heron Park", "address": "292  MANSE RD", "phone": "311", "url": "https://www.toronto.ca/data/parks/prd/facilities/complex/2025/index.html", "imageUrl": "None", "monOpen": "0900", "monClose": "2030", "tueOpen": "0900", "tueClose": "2030", "wedOpen": "0900", "wedClose": "2030", "thuOpen": "0900", "thuClose": "2030", "friOpen": "0900", "friClose": "2030", "satOpen": "0900", "satClose": "2030", "sunOpen": "0900", "sunClose": "2030", "amenities": "None", "notes": "None", "eligibility": "None" }, "geometry": { "type": "MultiPoint", "coordinates": [ [ -79.177505, 43.769227 ] ] } },
{ "type": "Feature", "properties": { "_id": 378, "locationId": 759, "locationTypeCode": "COOL_LOCN", "locationTypeDesc": "Cooling Location", "locationCode": "OUTDOOR_POOL", "locationDesc": "Outdoor Pool", "locationName": "Oakdale Community Centre", "address": "350 GRANDRAVINE DR", "phone": "416-395-0484", "url": "https://www.toronto.ca/data/parks/prd/facilities/complex/780/index.html", "imageUrl": "None", "monOpen": "0800", "monClose": "2200", "tueOpen": "0800", "tueClose": "2200", "wedOpen": "0800", "wedClose": "2200", "thuOpen": "0800", "thuClose": "2200", "friOpen": "0800", "friClose": "2200", "satOpen": "0800", "satClose": "2000", "sunOpen": "0900", "sunClose": "2000", "amenities": "WASHROOMS:SHOWERS:POOL", "notes": "None", "eligibility": "None" }, "geometry": { "type": "MultiPoint", "coordinates": [ [ -79.513149, 43.747788 ] ] } },
{ "type": "Feature", "properties": { "_id": 379, "locationId": 517, "locationTypeCode": "COOL_LOCN", "locationTypeDesc": "Cooling Location", "locationCode": "COMM_CNTR", "locationDesc": "Community Centre", "locationName": "Glen Long Community Centre", "address": "35 Glen Long Ave", "phone": "416-395-7961", "url": "https://www.toronto.ca/data/parks/prd/facilities/complex/638/index.html", "imageUrl": "None", "monOpen": "0800", "monClose": "2200", "tueOpen": "0800", "tueClose": "2200", "wedOpen": "0800", "wedClose": "2200", "thuOpen": "0800", "thuClose": "2200", "friOpen": "0800", "friClose": "2200", "satOpen": "0800", "satClose": "2200", "sunOpen": "0800", "sunClose": "2200", "amenities": "WRT_FNT:ACCESS:POOL", "notes": "None", "eligibility": "None" }, "geometry": { "type": "MultiPoint", "coordinates": [ [ -79.455802, 43.708626 ] ] } },
{ "type": "Feature", "properties": { "_id": 380, "locationId": 637, "locationTypeCode": "COOL_LOCN", "locationTypeDesc": "Cooling Location", "locationCode": "INDOOR_POOL", "locationDesc": "Indoor Pool", "locationName": "Main Square Community Centre", "address": "245 Main St", "phone": "416-392-1070", "url": "https://www.toronto.ca/data/parks/prd/facilities/complex/85/index.html", "imageUrl": "None", "monOpen": "0630", "monClose": "2130", "tueOpen": "0630", "tueClose": "2130", "wedOpen": "0630", "wedClose": "2130", "thuOpen": "0630", "thuClose": "2130", "friOpen": "0630", "friClose": "2130", "satOpen": "0630", "satClose": "1700", "sunOpen": "0830", "sunClose": "1700", "amenities": "WASHROOMS:SHOWERS:POOL", "notes": "None", "eligibility": "None" }, "geometry": { "type": "MultiPoint", "coordinates": [ [ -79.29985, 43.687164 ] ] } },
{ "type": "Feature", "properties": { "_id": 381, "locationId": 942, "locationTypeCode": "COOL_LOCN", "locationTypeDesc": "Cooling Location", "locationCode": "SPLASHPAD", "locationDesc": "Splashpad", "locationName": "Toronto Island Park", "address": "9 QUEENS QUAY", "phone": "311", "url": "https://www.toronto.ca/data/parks/prd/facilities/complex/2024/index.html", "imageUrl": "None", "monOpen": "0900", "monClose": "2030", "tueOpen": "0900", "tueClose": "2030", "wedOpen": "0900", "wedClose": "2030", "thuOpen": "0900", "thuClose": "2030", "friOpen": "0900", "friClose": "2030", "satOpen": "0900", "satClose": "2030", "sunOpen": "0900", "sunClose": "2030", "amenities": "None", "notes": "None", "eligibility": "None" }, "geometry": { "type": "MultiPoint", "coordinates": [ [ -79.380825, 43.622246 ] ] } },
{ "type": "Feature", "properties": { "_id": 382, "locationId": 516, "locationTypeCode": "COOL_LOCN", "locationTypeDesc": "Cooling Location", "locationCode": "COMM_CNTR", "locationDesc": "Community Centre", "locationName": "Flemingdon Community Centre and Playground Paradise", "address": "150 Grenoble Dr", "phone": "416-395-6014", "url": "https://www.toronto.ca/data/parks/prd/facilities/complex/583/index.html", "imageUrl": "None", "monOpen": "0900", "monClose": "2000", "tueOpen": "0900", "tueClose": "2000", "wedOpen": "0900", "wedClose": "2000", "thuOpen": "0900", "thuClose": "2000", "friOpen": "0900", "friClose": "2000", "satOpen": "0900", "satClose": "2000", "sunOpen": "0900", "sunClose": "2000", "amenities": "WRT_FNT:ACCESS", "notes": "None", "eligibility": "None" }, "geometry": { "type": "MultiPoint", "coordinates": [ [ -79.326603, 43.713531 ] ] } },
{ "type": "Feature", "properties": { "_id": 383, "locationId": 823, "locationTypeCode": "COOL_LOCN", "locationTypeDesc": "Cooling Location", "locationCode": "OUTDOOR_POOL", "locationDesc": "Outdoor Pool", "locationName": "Stanley Park South - Toronto", "address": "700 WELLINGTON ST", "phone": "416-392-0703", "url": "https://www.toronto.ca/data/parks/prd/facilities/complex/2750/index.html", "imageUrl": "None", "monOpen": "CALL", "monClose": "CALL", "tueOpen": "CALL", "tueClose": "CALL", "wedOpen": "CALL", "wedClose": "CALL", "thuOpen": "CALL", "thuClose": "CALL", "friOpen": "CALL", "friClose": "CALL", "satOpen": "CALL", "satClose": "CALL", "sunOpen": "CALL", "sunClose": "CALL", "amenities": "WASHROOMS:SHOWERS:POOL", "notes": "None", "eligibility": "None" }, "geometry": { "type": "MultiPoint", "coordinates": [ [ -79.409133, 43.641854 ] ] } },
{ "type": "Feature", "properties": { "_id": 384, "locationId": 948, "locationTypeCode": "COOL_LOCN", "locationTypeDesc": "Cooling Location", "locationCode": "SPLASHPAD", "locationDesc": "Splashpad", "locationName": "Stephen Leacock Park", "address": "2530 BIRCHMOUNT RD", "phone": "311", "url": "https://www.toronto.ca/data/parks/prd/facilities/complex/2034/index.html", "imageUrl": "None", "monOpen": "0900", "monClose": "2030", "tueOpen": "0900", "tueClose": "2030", "wedOpen": "0900", "wedClose": "2030", "thuOpen": "0900", "thuClose": "2030", "friOpen": "0900", "friClose": "2030", "satOpen": "0900", "satClose": "2030", "sunOpen": "0900", "sunClose": "2030", "amenities": "None", "notes": "None", "eligibility": "None" }, "geometry": { "type": "MultiPoint", "coordinates": [ [ -79.302686, 43.787162 ] ] } },
{ "type": "Feature", "properties": { "_id": 385, "locationId": 827, "locationTypeCode": "COOL_LOCN", "locationTypeDesc": "Cooling Location", "locationCode": "SPLASHPAD", "locationDesc": "Splashpad", "locationName": "Marie Curtis Park", "address": "2 FORTY SECOND ST", "phone": "311", "url": "https://www.toronto.ca/data/parks/prd/facilities/complex/6/index.html", "imageUrl": "None", "monOpen": "0900", "monClose": "2030", "tueOpen": "0900", "tueClose": "2030", "wedOpen": "0900", "wedClose": "2030", "thuOpen": "0900", "thuClose": "2030", "friOpen": "0900", "friClose": "2030", "satOpen": "0900", "satClose": "2030", "sunOpen": "0900", "sunClose": "2030", "amenities": "None", "notes": "None", "eligibility": "None" }, "geometry": { "type": "MultiPoint", "coordinates": [ [ -79.544072, 43.585643 ] ] } },
{ "type": "Feature", "properties": { "_id": 386, "locationId": 1154, "locationTypeCode": "COOL_CNTR", "locationTypeDesc": "Cooling Centre", "locationCode": "COMM_CNTR", "locationDesc": "Community Centre", "locationName": "Pelmo Park", "address": "171 Pellatt Avenue", "phone": "416-394-2747", "url": "https://www.toronto.ca/data/parks/prd/facilities/complex/722/index.html", "imageUrl": "None", "monOpen": "0900", "monClose": "1600", "tueOpen": "0900", "tueClose": "1600", "wedOpen": "0900", "wedClose": "1600", "thuOpen": "0900", "thuClose": "1600", "friOpen": "0900", "friClose": "1600", "satOpen": "CLOSED", "satClose": "CLOSED", "sunOpen": "CLOSED", "sunClose": "CLOSED", "amenities": "WASHROOMS:WRT_FNT:ACCESS", "notes": "None", "eligibility": "None" }, "geometry": { "type": "MultiPoint", "coordinates": [ [ -79.520162, 43.714559 ] ] } },
{ "type": "Feature", "properties": { "_id": 387, "locationId": 947, "locationTypeCode": "COOL_LOCN", "locationTypeDesc": "Cooling Location", "locationCode": "SPLASHPAD", "locationDesc": "Splashpad", "locationName": "Woburn Park - Scarborough", "address": "50 DORMINGTON DR", "phone": "311", "url": "https://www.toronto.ca/data/parks/prd/facilities/complex/2032/index.html", "imageUrl": "None", "monOpen": "0900", "monClose": "2030", "tueOpen": "0900", "tueClose": "2030", "wedOpen": "0900", "wedClose": "2030", "thuOpen": "0900", "thuClose": "2030", "friOpen": "0900", "friClose": "2030", "satOpen": "0900", "satClose": "2030", "sunOpen": "0900", "sunClose": "2030", "amenities": "None", "notes": "None", "eligibility": "None" }, "geometry": { "type": "MultiPoint", "coordinates": [ [ -79.227859, 43.781429 ] ] } },
{ "type": "Feature", "properties": { "_id": 388, "locationId": 825, "locationTypeCode": "COOL_LOCN", "locationTypeDesc": "Cooling Location", "locationCode": "COMM_CNTR", "locationDesc": "Community Centre", "locationName": "York Recreation Centre", "address": "115 Black Creek Dr", "phone": " 416-392-967", "url": "https://www.toronto.ca/data/parks/prd/facilities/complex/3501/index.html", "imageUrl": "None", "monOpen": "0700", "monClose": "2230", "tueOpen": "0700", "tueClose": "2200", "wedOpen": "0700", "wedClose": "2200", "thuOpen": "0700", "thuClose": "2200", "friOpen": "0700", "friClose": "2200", "satOpen": "1200", "satClose": "2000", "sunOpen": "1200", "sunClose": "2000", "amenities": "None", "notes": "This facility has a lobby area that people can access to keep cool.", "eligibility": "None" }, "geometry": { "type": "MultiPoint", "coordinates": [ [ -79.480119, 43.686618 ] ] } },
{ "type": "Feature", "properties": { "_id": 389, "locationId": 704, "locationTypeCode": "COOL_LOCN", "locationTypeDesc": "Cooling Location", "locationCode": "INDOOR_POOL", "locationDesc": "Indoor Pool", "locationName": "East York Community Centre", "address": "1081 Pape Avenue", "phone": "416-396-2880", "url": "https://www.toronto.ca/data/parks/prd/facilities/complex/329/index.html", "imageUrl": "None", "monOpen": "0700", "monClose": "2200", "tueOpen": "0700", "tueClose": "2200", "wedOpen": "0700", "wedClose": "2200", "thuOpen": "0700", "thuClose": "2200", "friOpen": "0700", "friClose": "2200", "satOpen": "0900", "satClose": "2000", "sunOpen": "0900", "sunClose": "2000", "amenities": "WASHROOMS:SHOWERS:WRT_FNT:ACCESS:POOL", "notes": "None", "eligibility": "None" }, "geometry": { "type": "MultiPoint", "coordinates": [ [ -79.349401, 43.691732 ] ] } },
{ "type": "Feature", "properties": { "_id": 390, "locationId": 1156, "locationTypeCode": "COOL_CNTR", "locationTypeDesc": "Cooling Centre", "locationCode": "INDOOR_POOL", "locationDesc": "Indoor Pool", "locationName": "Gus Ryder Pool and Health Club", "address": "1 Faustina Drive", "phone": "416-394-8726", "url": "https://www.toronto.ca/data/parks/prd/facilities/complex/896/index.html", "imageUrl": "None", "monOpen": "0600", "monClose": "2100", "tueOpen": "0600", "tueClose": "2100", "wedOpen": "0600", "wedClose": "2100", "thuOpen": "0600", "thuClose": "2100", "friOpen": "0600", "friClose": "2100", "satOpen": "0900", "satClose": "1600", "sunOpen": "0900", "sunClose": "1600", "amenities": "WASHROOMS:SHOWERS:POOL", "notes": "None", "eligibility": "None" }, "geometry": { "type": "MultiPoint", "coordinates": [ [ -79.522468, 43.600757 ] ] } },
{ "type": "Feature", "properties": { "_id": 391, "locationId": 1155, "locationTypeCode": "COOL_CNTR", "locationTypeDesc": "Cooling Centre", "locationCode": "CVC_CNTR", "locationDesc": "Civic Centre", "locationName": "York Civic Centre", "address": "2700 Eglinton Ave West", "phone": "311", "url": "https://www.toronto.ca/services-payments/venues-facilities-bookings/booking-city-facilities/civic-centres/", "imageUrl": "None", "monOpen": "0800", "monClose": "1700", "tueOpen": "0800", "tueClose": "1700", "wedOpen": "0800", "wedClose": "1700", "thuOpen": "0800", "thuClose": "1700", "friOpen": "0800", "friClose": "1700", "satOpen": "CLOSED", "satClose": "CLOSED", "sunOpen": "CLOSED", "sunClose": "CLOSED", "amenities": "WASHROOMS", "notes": "None", "eligibility": "None" }, "geometry": { "type": "MultiPoint", "coordinates": [ [ -79.478281, 43.689916 ] ] } },
{ "type": "Feature", "properties": { "_id": 392, "locationId": 829, "locationTypeCode": "COOL_LOCN", "locationTypeDesc": "Cooling Location", "locationCode": "SPLASHPAD", "locationDesc": "Splashpad", "locationName": "Greenwood Park", "address": "150 GREENWOOD AVE", "phone": "416-392-7804", "url": "https://www.toronto.ca/data/parks/prd/facilities/complex/70/index.html", "imageUrl": "None", "monOpen": "0900", "monClose": "2030", "tueOpen": "0900", "tueClose": "2030", "wedOpen": "0900", "wedClose": "2030", "thuOpen": "0900", "thuClose": "2030", "friOpen": "0900", "friClose": "2030", "satOpen": "0900", "satClose": "2030", "sunOpen": "0900", "sunClose": "2030", "amenities": "None", "notes": "None", "eligibility": "None" }, "geometry": { "type": "MultiPoint", "coordinates": [ [ -79.328748, 43.66855 ] ] } },
{ "type": "Feature", "properties": { "_id": 393, "locationId": 1159, "locationTypeCode": "COOL_CNTR", "locationTypeDesc": "Cooling Centre", "locationCode": "HALL", "locationDesc": "Multi-Purpose Facilities/Halls", "locationName": "Malvern Family Resource Centre", "address": "90 Littles Rd", "phone": "416-284-4184", "url": "https://mfrc.org/", "imageUrl": "None", "monOpen": "0900", "monClose": "1700", "tueOpen": "0900", "tueClose": "1700", "wedOpen": "0900", "wedClose": "1700", "thuOpen": "0900", "thuClose": "1700", "friOpen": "0900", "friClose": "1700", "satOpen": "CLOSED", "satClose": "CLOSED", "sunOpen": "CLOSED", "sunClose": "CLOSED", "amenities": "WASHROOMS:WRT_FNT:WI_FI:ACCESS", "notes": "None", "eligibility": "None" }, "geometry": { "type": "MultiPoint", "coordinates": [ [ -79.205206, 43.818517 ] ] } },
{ "type": "Feature", "properties": { "_id": 394, "locationId": 949, "locationTypeCode": "COOL_LOCN", "locationTypeDesc": "Cooling Location", "locationCode": "SPLASHPAD", "locationDesc": "Splashpad", "locationName": "McGregor Park", "address": "2231 LAWRENCE AVE", "phone": "311", "url": "https://www.toronto.ca/data/parks/prd/facilities/complex/2036/index.html", "imageUrl": "None", "monOpen": "0900", "monClose": "2030", "tueOpen": "0900", "tueClose": "2030", "wedOpen": "0900", "wedClose": "2030", "thuOpen": "0900", "thuClose": "2030", "friOpen": "0900", "friClose": "2030", "satOpen": "0900", "satClose": "2030", "sunOpen": "0900", "sunClose": "2030", "amenities": "None", "notes": "None", "eligibility": "None" }, "geometry": { "type": "MultiPoint", "coordinates": [ [ -79.280762, 43.747247 ] ] } },
{ "type": "Feature", "properties": { "_id": 395, "locationId": 832, "locationTypeCode": "COOL_LOCN", "locationTypeDesc": "Cooling Location", "locationCode": "SPLASHPAD", "locationDesc": "Splashpad", "locationName": "Orchard Park", "address": "1987 DUNDAS ST", "phone": "311", "url": "https://www.toronto.ca/data/parks/prd/facilities/complex/115/index.html", "imageUrl": "None", "monOpen": "0900", "monClose": "2030", "tueOpen": "0900", "tueClose": "2030", "wedOpen": "0900", "wedClose": "2030", "thuOpen": "0900", "thuClose": "2030", "friOpen": "0900", "friClose": "2030", "satOpen": "0900", "satClose": "2030", "sunOpen": "0900", "sunClose": "2030", "amenities": "None", "notes": "None", "eligibility": "None" }, "geometry": { "type": "MultiPoint", "coordinates": [ [ -79.314339, 43.668669 ] ] } },
{ "type": "Feature", "properties": { "_id": 396, "locationId": 711, "locationTypeCode": "COOL_LOCN", "locationTypeDesc": "Cooling Location", "locationCode": "INDOOR_POOL", "locationDesc": "Indoor Pool", "locationName": "Humber Community Pool", "address": "205 Humber College Blvd", "phone": "416-394-6050", "url": "https://www.toronto.ca/data/parks/prd/facilities/complex/357/index.html", "imageUrl": "None", "monOpen": "0700", "monClose": "2030", "tueOpen": "0700", "tueClose": "2030", "wedOpen": "0700", "wedClose": "2030", "thuOpen": "0700", "thuClose": "2030", "friOpen": "0700", "friClose": "1430", "satOpen": "CALL", "satClose": "CALL", "sunOpen": "CALL", "sunClose": "CALL", "amenities": "WASHROOMS:SHOWERS:WRT_FNT:ACCESS:POOL", "notes": "None", "eligibility": "None" }, "geometry": { "type": "MultiPoint", "coordinates": [ [ -79.608844, 43.730849 ] ] } },
{ "type": "Feature", "properties": { "_id": 397, "locationId": 952, "locationTypeCode": "COOL_LOCN", "locationTypeDesc": "Cooling Location", "locationCode": "SPLASHPAD", "locationDesc": "Splashpad", "locationName": "Trudelle Park", "address": "36 TRUDELLE ST", "phone": "311", "url": "https://www.toronto.ca/data/parks/prd/facilities/complex/2251/index.html", "imageUrl": "None", "monOpen": "0900", "monClose": "2030", "tueOpen": "0900", "tueClose": "2030", "wedOpen": "0900", "wedClose": "2030", "thuOpen": "0900", "thuClose": "2030", "friOpen": "0900", "friClose": "2030", "satOpen": "0900", "satClose": "2030", "sunOpen": "0900", "sunClose": "2030", "amenities": "None", "notes": "None", "eligibility": "None" }, "geometry": { "type": "MultiPoint", "coordinates": [ [ -79.244937, 43.741475 ] ] } },
{ "type": "Feature", "properties": { "_id": 398, "locationId": 710, "locationTypeCode": "COOL_LOCN", "locationTypeDesc": "Cooling Location", "locationCode": "OUTDOOR_POOL", "locationDesc": "Outdoor Pool", "locationName": "Kiwanis Outdoor Pool", "address": "375 CEDARVALE AVE", "phone": "416-396-2847", "url": "https://www.toronto.ca/data/parks/prd/facilities/complex/353/index.html", "imageUrl": "None", "monOpen": "CALL", "monClose": "CALL", "tueOpen": "CALL", "tueClose": "CALL", "wedOpen": "CALL", "wedClose": "CALL", "thuOpen": "CALL", "thuClose": "CALL", "friOpen": "CALL", "friClose": "CALL", "satOpen": "CALL", "satClose": "CALL", "sunOpen": "CALL", "sunClose": "CALL", "amenities": "WASHROOMS:SHOWERS", "notes": "None", "eligibility": "None" }, "geometry": { "type": "MultiPoint", "coordinates": [ [ -79.314255, 43.698312 ] ] } },
{ "type": "Feature", "properties": { "_id": 399, "locationId": 831, "locationTypeCode": "COOL_LOCN", "locationTypeDesc": "Cooling Location", "locationCode": "SPLASHPAD", "locationDesc": "Splashpad", "locationName": "June Rowlands Park", "address": "220 DAVISVILLE AVE", "phone": "311", "url": "https://www.toronto.ca/data/parks/prd/facilities/complex/78/index.html", "imageUrl": "None", "monOpen": "0900", "monClose": "2030", "tueOpen": "0900", "tueClose": "2030", "wedOpen": "0900", "wedClose": "2030", "thuOpen": "0900", "thuClose": "2030", "friOpen": "0900", "friClose": "2030", "satOpen": "0900", "satClose": "2030", "sunOpen": "0900", "sunClose": "2030", "amenities": "None", "notes": "None", "eligibility": "None" }, "geometry": { "type": "MultiPoint", "coordinates": [ [ -79.388729, 43.700639 ] ] } },
{ "type": "Feature", "properties": { "_id": 400, "locationId": 830, "locationTypeCode": "COOL_LOCN", "locationTypeDesc": "Cooling Location", "locationCode": "SPLASHPAD", "locationDesc": "Splashpad", "locationName": "High Park", "address": "1873 BLOOR ST", "phone": "416-392-7807", "url": "https://www.toronto.ca/data/parks/prd/facilities/complex/77/index.html", "imageUrl": "None", "monOpen": "0900", "monClose": "2030", "tueOpen": "0900", "tueClose": "2030", "wedOpen": "0900", "wedClose": "2030", "thuOpen": "0900", "thuClose": "2030", "friOpen": "0900", "friClose": "2030", "satOpen": "0900", "satClose": "2030", "sunOpen": "0900", "sunClose": "2030", "amenities": "None", "notes": "None", "eligibility": "None" }, "geometry": { "type": "MultiPoint", "coordinates": [ [ -79.463497, 43.64654 ] ] } },
{ "type": "Feature", "properties": { "_id": 401, "locationId": 950, "locationTypeCode": "COOL_LOCN", "locationTypeDesc": "Cooling Location", "locationCode": "SPLASHPAD", "locationDesc": "Splashpad", "locationName": "Jack Goodlad Park", "address": "929 KENNEDY RD", "phone": "311", "url": "https://www.toronto.ca/data/parks/prd/facilities/complex/2037/index.html", "imageUrl": "None", "monOpen": "0900", "monClose": "2030", "tueOpen": "0900", "tueClose": "2030", "wedOpen": "0900", "wedClose": "2030", "thuOpen": "0900", "thuClose": "2030", "friOpen": "0900", "friClose": "2030", "satOpen": "0900", "satClose": "2030", "sunOpen": "0900", "sunClose": "2030", "amenities": "None", "notes": "None", "eligibility": "None" }, "geometry": { "type": "MultiPoint", "coordinates": [ [ -79.270119, 43.742393 ] ] } },
{ "type": "Feature", "properties": { "_id": 402, "locationId": 1161, "locationTypeCode": "COOL_LOCN", "locationTypeDesc": "Cooling Location", "locationCode": "SPLASHPAD", "locationDesc": "Splashpad", "locationName": "Stanley Greene Park", "address": "55 Stanley Greene Blvd", "phone": "None", "url": "https://www.toronto.ca/data/parks/prd/facilities/complex/3693/index.html", "imageUrl": "None", "monOpen": "CALL", "monClose": "CALL", "tueOpen": "CALL", "tueClose": "CALL", "wedOpen": "CALL", "wedClose": "CALL", "thuOpen": "CALL", "thuClose": "CALL", "friOpen": "CALL", "friClose": "CALL", "satOpen": "CALL", "satClose": "CALL", "sunOpen": "CALL", "sunClose": "CALL", "amenities": "WATER", "notes": "None", "eligibility": "None" }, "geometry": { "type": "MultiPoint", "coordinates": [ [ -79.478416442870994, 43.734554290771001 ] ] } },
{ "type": "Feature", "properties": { "_id": 403, "locationId": 1162, "locationTypeCode": "COOL_LOCN", "locationTypeDesc": "Cooling Location", "locationCode": "SPLASHPAD", "locationDesc": "Splashpad", "locationName": "Flemington Park East", "address": "63 Flemington Rd", "phone": "None", "url": "None", "imageUrl": "None", "monOpen": "CALL", "monClose": "CALL", "tueOpen": "CALL", "tueClose": "CALL", "wedOpen": "CALL", "wedClose": "CALL", "thuOpen": "CALL", "thuClose": "CALL", "friOpen": "CALL", "friClose": "CALL", "satOpen": "CALL", "satClose": "CALL", "sunOpen": "CALL", "sunClose": "CALL", "amenities": "WATER", "notes": "None", "eligibility": "None" }, "geometry": { "type": "MultiPoint", "coordinates": [ [ -79.4490001, 43.7199673 ] ] } },
{ "type": "Feature", "properties": { "_id": 404, "locationId": 1163, "locationTypeCode": "COOL_LOCN", "locationTypeDesc": "Cooling Location", "locationCode": "SPLASHPAD", "locationDesc": "Splashpad", "locationName": "Bellevue Square Park", "address": "5 Bellevue Avenue", "phone": "None", "url": "https://www.toronto.ca/data/parks/prd/facilities/complex/263/index.html", "imageUrl": "None", "monOpen": "CALL", "monClose": "CALL", "tueOpen": "CALL", "tueClose": "CALL", "wedOpen": "CALL", "wedClose": "CALL", "thuOpen": "CALL", "thuClose": "CALL", "friOpen": "CALL", "friClose": "CALL", "satOpen": "CALL", "satClose": "CALL", "sunOpen": "CALL", "sunClose": "CALL", "amenities": "WATER", "notes": "None", "eligibility": "None" }, "geometry": { "type": "MultiPoint", "coordinates": [ [ -79.4044239, 43.6569151 ] ] } },
{ "type": "Feature", "properties": { "_id": 405, "locationId": 1164, "locationTypeCode": "COOL_LOCN", "locationTypeDesc": "Cooling Location", "locationCode": "SPLASHPAD", "locationDesc": "Splashpad", "locationName": "Liberty Village Park", "address": "70 East Liberty Street", "phone": "None", "url": "https://www.toronto.ca/data/parks/prd/facilities/complex/1084/index.html", "imageUrl": "None", "monOpen": "CALL", "monClose": "CALL", "tueOpen": "CALL", "tueClose": "CALL", "wedOpen": "CALL", "wedClose": "CALL", "thuOpen": "CALL", "thuClose": "CALL", "friOpen": "CALL", "friClose": "CALL", "satOpen": "CALL", "satClose": "CALL", "sunOpen": "CALL", "sunClose": "CALL", "amenities": "WATER", "notes": "None", "eligibility": "None" }, "geometry": { "type": "MultiPoint", "coordinates": [ [ -79.4151394, 43.6385162 ] ] } },
{ "type": "Feature", "properties": { "_id": 406, "locationId": 1165, "locationTypeCode": "COOL_LOCN", "locationTypeDesc": "Cooling Location", "locationCode": "COMM_CNTR", "locationDesc": "Community Centre", "locationName": "Masaryk Cowan Community Recreation Centre", "address": "220 Cowan Ave", "phone": "416-392-6928", "url": "https://www.toronto.ca/data/parks/prd/facilities/complex/89/index.html", "imageUrl": "None", "monOpen": "0900", "monClose": "2100", "tueOpen": "0900", "tueClose": "2100", "wedOpen": "0900", "wedClose": "2100", "thuOpen": "0900", "thuClose": "2100", "friOpen": "0900", "friClose": "2100", "satOpen": "0900", "satClose": "1800", "sunOpen": "0930", "sunClose": "1800", "amenities": "WASHROOMS:ACCESS:GYM", "notes": "None", "eligibility": "None" }, "geometry": { "type": "MultiPoint", "coordinates": [ [ -79.4332738, 43.6407259 ] ] } },
{ "type": "Feature", "properties": { "_id": 407, "locationId": 113595900, "locationTypeCode": "COOL_LOCN", "locationTypeDesc": "Indoor Pool", "locationCode": "INDOOR POOL", "locationDesc": "Indoor Pool", "locationName": "Ethennonnhawahstihnen' Community Recreation Centre and Library", "address": "100 Ethennonnhawahstihnen' Ln.", "phone": "416-392-4826", "url": "https://www.toronto.ca/data/parks/prd/facilities/complex/3775/index.html", "imageUrl": "None", "monOpen": "None", "monClose": "None", "tueOpen": "None", "tueClose": "None", "wedOpen": "None", "wedClose": "None", "thuOpen": "None", "thuClose": "None", "friOpen": "None", "friClose": "None", "satOpen": "None", "satClose": "None", "sunOpen": "None", "sunClose": "None", "amenities": "None", "notes": "None", "eligibility": "None" }, "geometry": { "type": "MultiPoint", "coordinates": [ [ -79.375841, 43.768709 ] ] } },
{ "type": "Feature", "properties": { "_id": 408, "locationId": 1166, "locationTypeCode": "COOL_LOCN", "locationTypeDesc": "Cooling Location", "locationCode": "LIBRARY", "locationDesc": "Library", "locationName": "Ethennonnhawahstihnen' Public Library", "address": "100 Ethennonnhawahstihnen' Ln.", "phone": "416-395-5460", "url": "None", "imageUrl": "None", "monOpen": "0900", "monClose": "2030", "tueOpen": "0900", "tueClose": "2030", "wedOpen": "0900", "wedClose": "2030", "thuOpen": "0900", "thuClose": "2030", "friOpen": "0900", "friClose": "1700", "satOpen": "0900", "satClose": "1700", "sunOpen": "1200", "sunClose": "1700", "amenities": "WASHROOMS", "notes": "None", "eligibility": "None" }, "geometry": { "type": "MultiPoint", "coordinates": [ [ -79.375381, 43.768692 ] ] } },
{ "type": "Feature", "properties": { "_id": 409, "locationId": 1168, "locationTypeCode": "COOL_LOCN", "locationTypeDesc": "Cooling Location", "locationCode": "HALL", "locationDesc": "Multi-Purpose Facilities/Halls", "locationName": "Clark Centre of the Arts ", "address": "191 Guildwood Pkwy, Scarborough, ON, M1E 1P5", "phone": "416-396-4800", "url": "https://www.toronto.ca/explore-enjoy/history-art-culture/cultural-centres-galleries/clark-centre-for-the-arts/", "imageUrl": "None", "monOpen": "0900", "monClose": "1600", "tueOpen": "0900", "tueClose": "1600", "wedOpen": "0900", "wedClose": "1600", "thuOpen": "0900", "thuClose": "1600", "friOpen": "0900", "friClose": "1600", "satOpen": "0900", "satClose": "1600", "sunOpen": "0900", "sunClose": "1600", "amenities": "WASHROOMS:WI_FI:ACCESS", "notes": "None", "eligibility": "None" }, "geometry": { "type": "MultiPoint", "coordinates": [ [ -79.195705, 43.74816 ] ] } },
{ "type": "Feature", "properties": { "_id": 410, "locationId": 1172, "locationTypeCode": "COOL_LOCN", "locationTypeDesc": "Cooling Location", "locationCode": "HALL", "locationDesc": "Multi-Purpose Facilities/Halls", "locationName": "Oke Sioni Seraphim and Cherubim Church", "address": "1820 Midland Avenue", "phone": "437-227-5587", "url": "https://okesioni2010.wixsite.com/okesionicschurch1", "imageUrl": "None", "monOpen": "CLOSED", "monClose": "CLOSED", "tueOpen": "1200", "tueClose": "1800", "wedOpen": "1800", "wedClose": "2000", "thuOpen": "CLOSED", "thuClose": "CLOSED", "friOpen": "1100", "friClose": "1500", "satOpen": "CLOSED", "satClose": "CLOSED", "sunOpen": "1000", "sunClose": "1400", "amenities": "WASHROOMS:WATER:WI_FI", "notes": "Offers Prayer sessions and community worship if desired", "eligibility": "None" }, "geometry": { "type": "MultiPoint", "coordinates": [ [ -79.269669, 43.763618 ] ] } },
{ "type": "Feature", "properties": { "_id": 411, "locationId": 1171, "locationTypeCode": "COOL_LOCN", "locationTypeDesc": "Cooling Location", "locationCode": "YMCA", "locationDesc": "YMCA location", "locationName": "Steve and Sally Stavro YMCA", "address": "907 Kingston Road", "phone": "(416) 850-9622", "url": "https://stavrofamily.ymcagta.org/", "imageUrl": "None", "monOpen": "0600", "monClose": "2200", "tueOpen": "0600", "tueClose": "2200", "wedOpen": "0600", "wedClose": "2200", "thuOpen": "0600", "thuClose": "2200", "friOpen": "0600", "friClose": "2200", "satOpen": "0800", "satClose": "2000", "sunOpen": "0800", "sunClose": "2000", "amenities": "WASHROOMS:SHOWERS:WRT_FNT:WI_FI:ACCESS:POOL", "notes": "None", "eligibility": "None" }, "geometry": { "type": "MultiPoint", "coordinates": [ [ -79.289589, 43.680332 ] ] } },
{ "type": "Feature", "properties": { "_id": 412, "locationId": 382, "locationTypeCode": "COOL_LOCN", "locationTypeDesc": "Cooling Location", "locationCode": "LIBRARY", "locationDesc": "Library", "locationName": "Agincourt Public Library", "address": "155 Bonis Ave", "phone": "416-396-8943", "url": "https://www.torontopubliclibrary.ca/detail.jsp?R=LIB02", "imageUrl": "None", "monOpen": "0900", "monClose": "2030", "tueOpen": "0900", "tueClose": "2030", "wedOpen": "0900", "wedClose": "2030", "thuOpen": "0900", "thuClose": "2030", "friOpen": "0900", "friClose": "2030", "satOpen": "0900", "satClose": "1700", "sunOpen": "1200", "sunClose": "1700", "amenities": "WASHROOMS:WI_FI:ACCESS", "notes": "None", "eligibility": "None" }, "geometry": { "type": "MultiPoint", "coordinates": [ [ -79.293414, 43.785219 ] ] } },
{ "type": "Feature", "properties": { "_id": 413, "locationId": 865, "locationTypeCode": "COOL_LOCN", "locationTypeDesc": "Cooling Location", "locationCode": "SPLASHPAD", "locationDesc": "Splashpad", "locationName": "Adams Park", "address": "2 ROZELL RD", "phone": "311", "url": "https://www.toronto.ca/data/parks/prd/facilities/complex/522/index.html", "imageUrl": "None", "monOpen": "0900", "monClose": "2030", "tueOpen": "0900", "tueClose": "2030", "wedOpen": "0900", "wedClose": "2030", "thuOpen": "0900", "thuClose": "2030", "friOpen": "0900", "friClose": "2030", "satOpen": "0900", "satClose": "2030", "sunOpen": "0900", "sunClose": "2030", "amenities": "None", "notes": "None", "eligibility": "None" }, "geometry": { "type": "MultiPoint", "coordinates": [ [ -79.145979, 43.792113 ] ] } },
{ "type": "Feature", "properties": { "_id": 414, "locationId": 1139, "locationTypeCode": "COOL_LOCN", "locationTypeDesc": "Cooling Location", "locationCode": "COMM_CNTR", "locationDesc": "Community Centre", "locationName": "Adam Beck Community Centre", "address": "79 Lawlor Avenue", "phone": "416-392-0741", "url": "https://www.toronto.ca/data/parks/prd/facilities/complex/13/index.html", "imageUrl": "None", "monOpen": "0900", "monClose": "2100", "tueOpen": "0900", "tueClose": "2100", "wedOpen": "0900", "wedClose": "2100", "thuOpen": "0900", "thuClose": "2100", "friOpen": "0900", "friClose": "2100", "satOpen": "0900", "satClose": "1600", "sunOpen": "CLOSED", "sunClose": "CLOSED", "amenities": "WASHROOMS", "notes": "None", "eligibility": "None" }, "geometry": { "type": "MultiPoint", "coordinates": [ [ -79.28885, 43.68286 ] ] } },
{ "type": "Feature", "properties": { "_id": 415, "locationId": 482, "locationTypeCode": "COOL_LOCN", "locationTypeDesc": "Cooling Location", "locationCode": "COMM_CNTR", "locationDesc": "Community Centre", "locationName": "Agincourt Recreation Centre", "address": "31 Glen Watford Dr", "phone": "416-396-4037", "url": "https://www.toronto.ca/data/parks/prd/facilities/complex/523/index.html", "imageUrl": "None", "monOpen": "0630", "monClose": "2230", "tueOpen": "0630", "tueClose": "2230", "wedOpen": "0630", "wedClose": "2230", "thuOpen": "0630", "thuClose": "2230", "friOpen": "0630", "friClose": "2230", "satOpen": "0830", "satClose": "2230", "sunOpen": "0830", "sunClose": "2230", "amenities": "WASHROOMS:WRT_FNT:WI_FI:ACCESS", "notes": "None", "eligibility": "None" }, "geometry": { "type": "MultiPoint", "coordinates": [ [ -79.276293, 43.788414 ] ] } },
{ "type": "Feature", "properties": { "_id": 416, "locationId": 383, "locationTypeCode": "COOL_LOCN", "locationTypeDesc": "Cooling Location", "locationCode": "LIBRARY", "locationDesc": "Library", "locationName": "Albert Campbell Public Library", "address": "496 Birchmount Rd", "phone": "416-396-8890", "url": "https://www.torontopubliclibrary.ca/detail.jsp?R=LIB03", "imageUrl": "None", "monOpen": "0900", "monClose": "2030", "tueOpen": "0900", "tueClose": "2030", "wedOpen": "0900", "wedClose": "2030", "thuOpen": "0900", "thuClose": "2030", "friOpen": "0900", "friClose": "2030", "satOpen": "0900", "satClose": "1700", "sunOpen": "1200", "sunClose": "1700", "amenities": "WASHROOMS:WI_FI:ACCESS", "notes": "None", "eligibility": "None" }, "geometry": { "type": "MultiPoint", "coordinates": [ [ -79.269351, 43.708065 ] ] } },
{ "type": "Feature", "properties": { "_id": 417, "locationId": 732, "locationTypeCode": "COOL_LOCN", "locationTypeDesc": "Cooling Location", "locationCode": "INDOOR_POOL", "locationDesc": "Indoor Pool", "locationName": "Agincourt Recreation Centre", "address": "31 Glen Watford Drive", "phone": "416-396-4037", "url": "https://www.toronto.ca/data/parks/prd/facilities/complex/523/index.html", "imageUrl": "None", "monOpen": "0700", "monClose": "2200", "tueOpen": "0700", "tueClose": "2200", "wedOpen": "0700", "wedClose": "2200", "thuOpen": "0700", "thuClose": "2200", "friOpen": "0700", "friClose": "2200", "satOpen": "0800", "satClose": "2100", "sunOpen": "0800", "sunClose": "2100", "amenities": "WI_FI", "notes": "None", "eligibility": "None" }, "geometry": { "type": "MultiPoint", "coordinates": [ [ -79.276013, 43.788648 ] ] } },
{ "type": "Feature", "properties": { "_id": 418, "locationId": 1108, "locationTypeCode": "COOL_LOCN", "locationTypeDesc": "Cooling Location", "locationCode": "COMM_CNTR", "locationDesc": "Community Centre", "locationName": "Albion Pool and Health Club", "address": "1485 Albion Rd", "phone": "416-394-8676", "url": "https://www.toronto.ca/data/parks/prd/facilities/complex/893/index.html", "imageUrl": "None", "monOpen": "0700", "monClose": "2200", "tueOpen": "0700", "tueClose": "2200", "wedOpen": "0700", "wedClose": "2200", "thuOpen": "0700", "thuClose": "2200", "friOpen": "0700", "friClose": "2200", "satOpen": "0900", "satClose": "1600", "sunOpen": "0900", "sunClose": "1600", "amenities": "None", "notes": "None", "eligibility": "None" }, "geometry": { "type": "MultiPoint", "coordinates": [ [ -79.581284, 43.739325 ] ] } },
{ "type": "Feature", "properties": { "_id": 419, "locationId": 858, "locationTypeCode": "COOL_LOCN", "locationTypeDesc": "Cooling Location", "locationCode": "SPLASHPAD", "locationDesc": "Splashpad", "locationName": "Amesbury Park", "address": "151 CULFORD RD", "phone": "311", "url": "https://www.toronto.ca/data/parks/prd/facilities/complex/484/index.html", "imageUrl": "None", "monOpen": "0900", "monClose": "2030", "tueOpen": "0900", "tueClose": "2030", "wedOpen": "0900", "wedClose": "2030", "thuOpen": "0900", "thuClose": "2030", "friOpen": "0900", "friClose": "2030", "satOpen": "0900", "satClose": "2030", "sunOpen": "0900", "sunClose": "2030", "amenities": "None", "notes": "None", "eligibility": "None" }, "geometry": { "type": "MultiPoint", "coordinates": [ [ -79.483619, 43.706132 ] ] } },
{ "type": "Feature", "properties": { "_id": 420, "locationId": 565, "locationTypeCode": "COOL_LOCN", "locationTypeDesc": "Cooling Location", "locationCode": "OUTDOOR_POOL", "locationDesc": "Outdoor Pool", "locationName": "Alex Duff Memorial Pool ", "address": "779 Crawford St", "phone": "416-392-0910", "url": "https://www.toronto.ca/data/parks/prd/facilities/complex/414/index.html", "imageUrl": "None", "monOpen": "1200", "monClose": "2000", "tueOpen": "1200", "tueClose": "2000", "wedOpen": "1200", "wedClose": "2000", "thuOpen": "1200", "thuClose": "2000", "friOpen": "1200", "friClose": "2000", "satOpen": "1200", "satClose": "2000", "sunOpen": "1200", "sunClose": "2000", "amenities": "WASHROOMS:SHOWERS:WRT_FNT:ACCESS:POOL", "notes": "None", "eligibility": "None" }, "geometry": { "type": "MultiPoint", "coordinates": [ [ -79.422726, 43.664912 ] ] } },
{ "type": "Feature", "properties": { "_id": 421, "locationId": 941, "locationTypeCode": "COOL_LOCN", "locationTypeDesc": "Cooling Location", "locationCode": "SPLASHPAD", "locationDesc": "Splashpad", "locationName": "Aldwych Park", "address": "134 ALDWYCH AVE", "phone": "311", "url": "https://www.toronto.ca/data/parks/prd/facilities/complex/2023/index.html", "imageUrl": "None", "monOpen": "0900", "monClose": "2030", "tueOpen": "0900", "tueClose": "2030", "wedOpen": "0900", "wedClose": "2030", "thuOpen": "0900", "thuClose": "2030", "friOpen": "0900", "friClose": "2030", "satOpen": "0900", "satClose": "2030", "sunOpen": "0900", "sunClose": "2030", "amenities": "None", "notes": "None", "eligibility": "None" }, "geometry": { "type": "MultiPoint", "coordinates": [ [ -79.341418, 43.684909 ] ] } },
{ "type": "Feature", "properties": { "_id": 422, "locationId": 828, "locationTypeCode": "COOL_LOCN", "locationTypeDesc": "Cooling Location", "locationCode": "SPLASHPAD", "locationDesc": "Splashpad", "locationName": "Alexandra Park", "address": "275 BATHURST ST", "phone": "416-392-7686", "url": "https://www.toronto.ca/data/parks/prd/facilities/complex/31/index.html", "imageUrl": "None", "monOpen": "0900", "monClose": "2030", "tueOpen": "0900", "tueClose": "2030", "wedOpen": "0900", "wedClose": "2030", "thuOpen": "0900", "thuClose": "2030", "friOpen": "0900", "friClose": "2030", "satOpen": "0900", "satClose": "2030", "sunOpen": "0900", "sunClose": "2030", "amenities": "None", "notes": "None", "eligibility": "None" }, "geometry": { "type": "MultiPoint", "coordinates": [ [ -79.404958, 43.651152 ] ] } },
{ "type": "Feature", "properties": { "_id": 423, "locationId": 486, "locationTypeCode": "COOL_LOCN", "locationTypeDesc": "Cooling Location", "locationCode": "COMM_CNTR", "locationDesc": "Community Centre", "locationName": "Antibes Community Centre", "address": "140 Antibes Dr", "phone": "416-395-0096", "url": "https://www.toronto.ca/data/parks/prd/facilities/complex/42/index.html", "imageUrl": "None", "monOpen": "0630", "monClose": "2200", "tueOpen": "0630", "tueClose": "2200", "wedOpen": "0630", "wedClose": "2200", "thuOpen": "0630", "thuClose": "2200", "friOpen": "0630", "friClose": "2200", "satOpen": "0630", "satClose": "2200", "sunOpen": "0630", "sunClose": "2200", "amenities": "WRT_FNT:ACCESS:POOL", "notes": "None", "eligibility": "None" }, "geometry": { "type": "MultiPoint", "coordinates": [ [ -79.446977, 43.781155 ] ] } },
{ "type": "Feature", "properties": { "_id": 424, "locationId": 722, "locationTypeCode": "COOL_LOCN", "locationTypeDesc": "Cooling Location", "locationCode": "OUTDOOR_POOL", "locationDesc": "Outdoor Pool", "locationName": "Amesbury Sports Complex", "address": "155 CULFORD RD", "phone": "416-395-0145", "url": "https://www.toronto.ca/data/parks/prd/facilities/complex/480/index.html", "imageUrl": "None", "monOpen": "CALL", "monClose": "CALL", "tueOpen": "CALL", "tueClose": "CALL", "wedOpen": "CALL", "wedClose": "CALL", "thuOpen": "CALL", "thuClose": "CALL", "friOpen": "CALL", "friClose": "CALL", "satOpen": "CALL", "satClose": "CALL", "sunOpen": "CALL", "sunClose": "CALL", "amenities": "WASHROOMS:SHOWERS:POOL", "notes": "None", "eligibility": "None" }, "geometry": { "type": "MultiPoint", "coordinates": [ [ -79.486735, 43.706033 ] ] } },
{ "type": "Feature", "properties": { "_id": 425, "locationId": 389, "locationTypeCode": "COOL_LOCN", "locationTypeDesc": "Cooling Location", "locationCode": "LIBRARY", "locationDesc": "Library", "locationName": "Barbara Frum Public Library", "address": "20 Covington Rd", "phone": "416-395-5440", "url": "https://www.torontopubliclibrary.ca/detail.jsp?R=LIB05", "imageUrl": "None", "monOpen": "0900", "monClose": "2030", "tueOpen": "0900", "tueClose": "2030", "wedOpen": "0900", "wedClose": "2030", "thuOpen": "0900", "thuClose": "2030", "friOpen": "0900", "friClose": "2030", "satOpen": "0900", "satClose": "1700", "sunOpen": "1200", "sunClose": "1700", "amenities": "WASHROOMS:WI_FI", "notes": "None", "eligibility": "None" }, "geometry": { "type": "MultiPoint", "coordinates": [ [ -79.432208, 43.720794 ] ] } },
{ "type": "Feature", "properties": { "_id": 426, "locationId": 1169, "locationTypeCode": "COOL_LOCN", "locationTypeDesc": "Cooling Location", "locationCode": "HALL", "locationDesc": "Multi-Purpose Facilities/Halls", "locationName": "Assembly Hall", "address": "1 Colonel Samuel Smith Park Drive, Etobicoke, ON M8V 4B6", "phone": "416-338-7255", "url": "https://www.toronto.ca/explore-enjoy/history-art-culture/cultural-centres-galleries/assembly-hall/", "imageUrl": "None", "monOpen": "1000", "monClose": "1700", "tueOpen": "1000", "tueClose": "1700", "wedOpen": "1000", "wedClose": "1700", "thuOpen": "1000", "thuClose": "1700", "friOpen": "1000", "friClose": "1700", "satOpen": "1000", "satClose": "1300", "sunOpen": "CLOSED", "sunClose": "CLOSED", "amenities": "WASHROOMS:WRT_FNT:WI_FI:ACCESS", "notes": "None", "eligibility": "None" }, "geometry": { "type": "MultiPoint", "coordinates": [ [ -79.515821, 43.597711 ] ] } },
{ "type": "Feature", "properties": { "_id": 427, "locationId": 863, "locationTypeCode": "COOL_LOCN", "locationTypeDesc": "Cooling Location", "locationCode": "SPLASHPAD", "locationDesc": "Splashpad", "locationName": "Bayview Village Park", "address": "2945 BAYVIEW AVE", "phone": "311", "url": "https://www.toronto.ca/data/parks/prd/facilities/complex/517/index.html", "imageUrl": "None", "monOpen": "0900", "monClose": "2030", "tueOpen": "0900", "tueClose": "2030", "wedOpen": "0900", "wedClose": "2030", "thuOpen": "0900", "thuClose": "2030", "friOpen": "0900", "friClose": "2030", "satOpen": "0900", "satClose": "2030", "sunOpen": "0900", "sunClose": "2030", "amenities": "None", "notes": "None", "eligibility": "None" }, "geometry": { "type": "MultiPoint", "coordinates": [ [ -79.387794, 43.773215 ] ] } },
{ "type": "Feature", "properties": { "_id": 428, "locationId": 955, "locationTypeCode": "COOL_LOCN", "locationTypeDesc": "Cooling Location", "locationCode": "SPLASHPAD", "locationDesc": "Splashpad", "locationName": "Avonshire Park", "address": "125 HARRISON GARDEN BLVD", "phone": "311", "url": "https://www.toronto.ca/data/parks/prd/facilities/complex/2711/index.html", "imageUrl": "None", "monOpen": "0900", "monClose": "2030", "tueOpen": "0900", "tueClose": "2030", "wedOpen": "0900", "wedClose": "2030", "thuOpen": "0900", "thuClose": "2030", "friOpen": "0900", "friClose": "2030", "satOpen": "0900", "satClose": "2030", "sunOpen": "0900", "sunClose": "2030", "amenities": "None", "notes": "None", "eligibility": "None" }, "geometry": { "type": "MultiPoint", "coordinates": [ [ -79.404646, 43.757927 ] ] } },
{ "type": "Feature", "properties": { "_id": 429, "locationId": 1141, "locationTypeCode": "COOL_LOCN", "locationTypeDesc": "Cooling Location", "locationCode": "COMM_CNTR", "locationDesc": "Community Centre", "locationName": "Bob Abate Community Recreation Centre", "address": "485 Montrose Avenue", "phone": "None", "url": "https://www.toronto.ca/data/parks/prd/facilities/complex/30/index.html", "imageUrl": "None", "monOpen": "0900", "monClose": "2100", "tueOpen": "0900", "tueClose": "2100", "wedOpen": "0900", "wedClose": "2100", "thuOpen": "0900", "thuClose": "2100", "friOpen": "0900", "friClose": "2100", "satOpen": "0900", "satClose": "1600", "sunOpen": "CLOSED", "sunClose": "CLOSED", "amenities": "None", "notes": "None", "eligibility": "None" }, "geometry": { "type": "MultiPoint", "coordinates": [ [ -79.4206, 43.66232 ] ] } },
{ "type": "Feature", "properties": { "_id": 430, "locationId": 492, "locationTypeCode": "COOL_LOCN", "locationTypeDesc": "Cooling Location", "locationCode": "COMM_CNTR", "locationDesc": "Community Centre", "locationName": "Birchmount Community Centre", "address": "93 Birchmount Rd", "phone": "416-396-4311", "url": "https://www.toronto.ca/data/parks/prd/facilities/complex/507/index.html", "imageUrl": "None", "monOpen": "0700", "monClose": "2200", "tueOpen": "0700", "tueClose": "2200", "wedOpen": "0700", "wedClose": "2200", "thuOpen": "0700", "thuClose": "2200", "friOpen": "0700", "friClose": "2200", "satOpen": "0800", "satClose": "2000", "sunOpen": "0800", "sunClose": "2000", "amenities": "WRT_FNT:ACCESS:POOL", "notes": "None", "eligibility": "None" }, "geometry": { "type": "MultiPoint", "coordinates": [ [ -79.263111, 43.695633 ] ] } },
{ "type": "Feature", "properties": { "_id": 431, "locationId": 494, "locationTypeCode": "COOL_LOCN", "locationTypeDesc": "Cooling Location", "locationCode": "COMM_CNTR", "locationDesc": "Community Centre", "locationName": "Broadlands Community Centre", "address": "19 Castlegrove Blvd", "phone": "416-395-7966", "url": "https://www.toronto.ca/data/parks/prd/facilities/complex/7/index.html", "imageUrl": "None", "monOpen": "0730", "monClose": "2200", "tueOpen": "0730", "tueClose": "2200", "wedOpen": "0730", "wedClose": "2200", "thuOpen": "0730", "thuClose": "2200", "friOpen": "0730", "friClose": "2200", "satOpen": "0730", "satClose": "2200", "sunOpen": "0730", "sunClose": "2200", "amenities": "WRT_FNT:ACCESS:POOL", "notes": "None", "eligibility": "None" }, "geometry": { "type": "MultiPoint", "coordinates": [ [ -79.322758, 43.745671 ] ] } },
{ "type": "Feature", "properties": { "_id": 432, "locationId": 394, "locationTypeCode": "COOL_LOCN", "locationTypeDesc": "Cooling Location", "locationCode": "LIBRARY", "locationDesc": "Library", "locationName": "Bloor/Gladstone Public Library", "address": "1101 Bloor St W", "phone": "416-393-7674", "url": "https://www.torontopubliclibrary.ca/detail.jsp?R=LIB06", "imageUrl": "None", "monOpen": "0900", "monClose": "2030", "tueOpen": "0900", "tueClose": "2030", "wedOpen": "0900", "wedClose": "2030", "thuOpen": "0900", "thuClose": "2030", "friOpen": "0900", "friClose": "2030", "satOpen": "0900", "satClose": "1700", "sunOpen": "1330", "sunClose": "1700", "amenities": "WI_FI:ACCESS", "notes": "None", "eligibility": "None" }, "geometry": { "type": "MultiPoint", "coordinates": [ [ -79.434018, 43.659922 ] ] } },
{ "type": "Feature", "properties": { "_id": 433, "locationId": 929, "locationTypeCode": "COOL_LOCN", "locationTypeDesc": "Cooling Location", "locationCode": "SPLASHPAD", "locationDesc": "Splashpad", "locationName": "Birunthan Park", "address": "31 DRAGONFLY CRES", "phone": "311", "url": "https://www.toronto.ca/data/parks/prd/facilities/complex/1480/index.html", "imageUrl": "None", "monOpen": "0900", "monClose": "2030", "tueOpen": "0900", "tueClose": "2030", "wedOpen": "0900", "wedClose": "2030", "thuOpen": "0900", "thuClose": "2030", "friOpen": "0900", "friClose": "2030", "satOpen": "0900", "satClose": "2030", "sunOpen": "0900", "sunClose": "2030", "amenities": "None", "notes": "None", "eligibility": "None" }, "geometry": { "type": "MultiPoint", "coordinates": [ [ -79.225781, 43.822678 ] ] } },
{ "type": "Feature", "properties": { "_id": 434, "locationId": 727, "locationTypeCode": "COOL_LOCN", "locationTypeDesc": "Cooling Location", "locationCode": "INDOOR_POOL", "locationDesc": "Indoor Pool", "locationName": "Birchmount Community Centre", "address": "93 Birchmont Road", "phone": "416-396-4311", "url": "https://www.toronto.ca/data/parks/prd/facilities/complex/507/index.html", "imageUrl": "None", "monOpen": "0700", "monClose": "2200", "tueOpen": "0700", "tueClose": "2200", "wedOpen": "0700", "wedClose": "2200", "thuOpen": "0700", "thuClose": "2200", "friOpen": "0700", "friClose": "2200", "satOpen": "0800", "satClose": "2000", "sunOpen": "0800", "sunClose": "2000", "amenities": "WASHROOMS:WRT_FNT:ACCESS", "notes": "None", "eligibility": "None" }, "geometry": { "type": "MultiPoint", "coordinates": [ [ -79.261565, 43.69531 ] ] } },
{ "type": "Feature", "properties": { "_id": 435, "locationId": 397, "locationTypeCode": "COOL_LOCN", "locationTypeDesc": "Cooling Location", "locationCode": "LIBRARY", "locationDesc": "Library", "locationName": "Brookbanks Public Library", "address": "210 Brookbanks Dr", "phone": "416-395-5480", "url": "https://www.torontopubliclibrary.ca/detail.jsp?R=LIB029", "imageUrl": "None", "monOpen": "1000", "monClose": "2030", "tueOpen": "1230", "tueClose": "2030", "wedOpen": "1000", "wedClose": "1800", "thuOpen": "1200", "thuClose": "2000", "friOpen": "1000", "friClose": "1800", "satOpen": "0900", "satClose": "1700", "sunOpen": "1200", "sunClose": "1700", "amenities": "WASHROOMS:WI_FI:ACCESS", "notes": "None", "eligibility": "None" }, "geometry": { "type": "MultiPoint", "coordinates": [ [ -79.325904, 43.75955 ] ] } },
{ "type": "Feature", "properties": { "_id": 436, "locationId": 951, "locationTypeCode": "COOL_LOCN", "locationTypeDesc": "Cooling Location", "locationCode": "SPLASHPAD", "locationDesc": "Splashpad", "locationName": "Brookbanks Park", "address": "75 BROOKBANKS DR", "phone": "311", "url": "https://www.toronto.ca/data/parks/prd/facilities/complex/2178/index.html", "imageUrl": "None", "monOpen": "0900", "monClose": "2030", "tueOpen": "0900", "tueClose": "2030", "wedOpen": "0900", "wedClose": "2030", "thuOpen": "0900", "thuClose": "2030", "friOpen": "0900", "friClose": "2030", "satOpen": "0900", "satClose": "2030", "sunOpen": "0900", "sunClose": "2030", "amenities": "None", "notes": "None", "eligibility": "None" }, "geometry": { "type": "MultiPoint", "coordinates": [ [ -79.332207, 43.756212 ] ] } },
{ "type": "Feature", "properties": { "_id": 437, "locationId": 1123, "locationTypeCode": "COOL_LOCN", "locationTypeDesc": "Cooling Location", "locationCode": "SPLASHPAD", "locationDesc": "Splashpad", "locationName": "Charles G. Williams Park", "address": "75 Wabash Avenue", "phone": "None", "url": "https://www.toronto.ca/data/parks/prd/facilities/complex/296/index.html", "imageUrl": "None", "monOpen": "0900", "monClose": "2030", "tueOpen": "0900", "tueClose": "2030", "wedOpen": "0900", "wedClose": "2030", "thuOpen": "0900", "thuClose": "2030", "friOpen": "0900", "friClose": "2030", "satOpen": "0900", "satClose": "2030", "sunOpen": "0900", "sunClose": "2030", "amenities": "WATER", "notes": "None", "eligibility": "None" }, "geometry": { "type": "MultiPoint", "coordinates": [ [ -79.443595, 43.647743 ] ] } },
{ "type": "Feature", "properties": { "_id": 438, "locationId": 1167, "locationTypeCode": "COOL_LOCN", "locationTypeDesc": "Cooling Location", "locationCode": "HALL", "locationDesc": "Multi-Purpose Facilities/Halls", "locationName": "Cedar Ridge Creative Centre ", "address": "225 Confederation Dr, Scarborough, ON, M1G1B2", "phone": "416-396-4026", "url": "https://www.toronto.ca/explore-enjoy/history-art-culture/cultural-centres-galleries/cedar-ridge-creative-centre/", "imageUrl": "None", "monOpen": "0900", "monClose": "1600", "tueOpen": "0900", "tueClose": "1600", "wedOpen": "0900", "wedClose": "1600", "thuOpen": "0900", "thuClose": "1600", "friOpen": "0900", "friClose": "1600", "satOpen": "0900", "satClose": "1600", "sunOpen": "0900", "sunClose": "1600", "amenities": "WASHROOMS:WI_FI:ACCESS", "notes": "None", "eligibility": "None" }, "geometry": { "type": "MultiPoint", "coordinates": [ [ -79.208859, 43.75842 ] ] } },
{ "type": "Feature", "properties": { "_id": 439, "locationId": 399, "locationTypeCode": "COOL_LOCN", "locationTypeDesc": "Cooling Location", "locationCode": "LIBRARY", "locationDesc": "Library", "locationName": "Cedarbrae Public Library", "address": "545 Markham Rd", "phone": "416-396-8850", "url": "https://www.torontopubliclibrary.ca/detail.jsp?R=LIB08", "imageUrl": "None", "monOpen": "0900", "monClose": "2030", "tueOpen": "0900", "tueClose": "2030", "wedOpen": "0900", "wedClose": "2030", "thuOpen": "0900", "thuClose": "2030", "friOpen": "0900", "friClose": "2030", "satOpen": "0900", "satClose": "1700", "sunOpen": "1200", "sunClose": "1700", "amenities": "WASHROOMS:WI_FI:ACCESS", "notes": "None", "eligibility": "None" }, "geometry": { "type": "MultiPoint", "coordinates": [ [ -79.223968, 43.757557 ] ] } },
{ "type": "Feature", "properties": { "_id": 440, "locationId": 500, "locationTypeCode": "COOL_LOCN", "locationTypeDesc": "Cooling Location", "locationCode": "COMM_CNTR", "locationDesc": "Community Centre", "locationName": "Chalkfarm Community Centre", "address": "180 Chalkfarm Dr", "phone": "416-395-7802", "url": "https://www.toronto.ca/data/parks/prd/facilities/complex/486/index.html", "imageUrl": "None", "monOpen": "0900", "monClose": "1800", "tueOpen": "0900", "tueClose": "1800", "wedOpen": "0900", "wedClose": "1800", "thuOpen": "0900", "thuClose": "1800", "friOpen": "0900", "friClose": "1800", "satOpen": "CLOSED", "satClose": "CLOSED", "sunOpen": "CLOSED", "sunClose": "CLOSED", "amenities": "WASHROOMS:ACCESS", "notes": "None", "eligibility": "None" }, "geometry": { "type": "MultiPoint", "coordinates": [ [ -79.511815, 43.724048 ] ] } },
{ "type": "Feature", "properties": { "_id": 441, "locationId": 882, "locationTypeCode": "COOL_LOCN", "locationTypeDesc": "Cooling Location", "locationCode": "SPLASHPAD", "locationDesc": "Splashpad", "locationName": "Cedarvale Park", "address": "443 ARLINGTON AVE", "phone": "311", "url": "https://www.toronto.ca/data/parks/prd/facilities/complex/629/index.html", "imageUrl": "None", "monOpen": "0900", "monClose": "2030", "tueOpen": "0900", "tueClose": "2030", "wedOpen": "0900", "wedClose": "2030", "thuOpen": "0900", "thuClose": "2030", "friOpen": "0900", "friClose": "2030", "satOpen": "0900", "satClose": "2030", "sunOpen": "0900", "sunClose": "2030", "amenities": "None", "notes": "None", "eligibility": "None" }, "geometry": { "type": "MultiPoint", "coordinates": [ [ -79.430757, 43.692299 ] ] } },
{ "type": "Feature", "properties": { "_id": 442, "locationId": 904, "locationTypeCode": "COOL_LOCN", "locationTypeDesc": "Cooling Location", "locationCode": "SPLASHPAD", "locationDesc": "Splashpad", "locationName": "Charles Caccia Park", "address": "348 Nairn AVE", "phone": "311", "url": "https://www.toronto.ca/data/parks/prd/facilities/complex/834/index.html", "imageUrl": "None", "monOpen": "0900", "monClose": "2030", "tueOpen": "0900", "tueClose": "2030", "wedOpen": "0900", "wedClose": "2030", "thuOpen": "0900", "thuClose": "2030", "friOpen": "0900", "friClose": "2030", "satOpen": "0900", "satClose": "2030", "sunOpen": "0900", "sunClose": "2030", "amenities": "None", "notes": "None", "eligibility": "None" }, "geometry": { "type": "MultiPoint", "coordinates": [ [ -79.454235, 43.688282 ] ] } },
{ "type": "Feature", "properties": { "_id": 443, "locationId": 581, "locationTypeCode": "COOL_LOCN", "locationTypeDesc": "Cooling Location", "locationCode": "YMCA", "locationDesc": "YMCA location", "locationName": "Cooper Koo Family YMCA", "address": "461 Cherry Street", "phone": "416-304-9622", "url": "https://ymcagta.org/find-a-y/toronto-cooper-koo-family-cherry-st-ymca-centre", "imageUrl": "None", "monOpen": "0600", "monClose": "2200", "tueOpen": "0600", "tueClose": "2200", "wedOpen": "0600", "wedClose": "2200", "thuOpen": "0600", "thuClose": "2200", "friOpen": "0600", "friClose": "2200", "satOpen": "0700", "satClose": "2200", "sunOpen": "0700", "sunClose": "2200", "amenities": "WRT_FNT:ACCESS:POOL", "notes": "None", "eligibility": "None" }, "geometry": { "type": "MultiPoint", "coordinates": [ [ -79.3601, 43.6532 ] ] } },
{ "type": "Feature", "properties": { "_id": 444, "locationId": 1142, "locationTypeCode": "COOL_LOCN", "locationTypeDesc": "Cooling Location", "locationCode": "COMM_CNTR", "locationDesc": "Community Centre", "locationName": "Commander Recreation Centre", "address": "140 Commander Blvd", "phone": "416-396-4024", "url": "https://www.toronto.ca/data/parks/prd/facilities/complex/558/index.html", "imageUrl": "None", "monOpen": "0800", "monClose": "1600", "tueOpen": "0900", "tueClose": "2100", "wedOpen": "0900", "wedClose": "2100", "thuOpen": "0900", "thuClose": "2100", "friOpen": "0900", "friClose": "2100", "satOpen": "0800", "satClose": "1600", "sunOpen": "CLOSED", "sunClose": "CLOSED", "amenities": "WASHROOMS:WRT_FNT:ACCESS", "notes": "None", "eligibility": "None" }, "geometry": { "type": "MultiPoint", "coordinates": [ [ -79.26828, 43.793891 ] ] } },
{ "type": "Feature", "properties": { "_id": 445, "locationId": 404, "locationTypeCode": "COOL_LOCN", "locationTypeDesc": "Cooling Location", "locationCode": "LIBRARY", "locationDesc": "Library", "locationName": "Danforth/Coxwell Public Library", "address": "1675 Danforth Ave", "phone": "416-393-7783", "url": "https://www.torontopubliclibrary.ca/detail.jsp?R=LIB035", "imageUrl": "None", "monOpen": "0900", "monClose": "2030", "tueOpen": "0900", "tueClose": "2030", "wedOpen": "0900", "wedClose": "2030", "thuOpen": "0900", "thuClose": "2030", "friOpen": "0900", "friClose": "1700", "satOpen": "0900", "satClose": "1700", "sunOpen": "1200", "sunClose": "1700", "amenities": "WASHROOMS:WI_FI:ACCESS", "notes": "None", "eligibility": "None" }, "geometry": { "type": "MultiPoint", "coordinates": [ [ -79.321356, 43.683645 ] ] } },
{ "type": "Feature", "properties": { "_id": 446, "locationId": 407, "locationTypeCode": "COOL_LOCN", "locationTypeDesc": "Cooling Location", "locationCode": "LIBRARY", "locationDesc": "Library", "locationName": "Deer Park Public Library", "address": "40 St. Clair Ave E", "phone": "416-393-7657", "url": "https://www.torontopubliclibrary.ca/detail.jsp?R=LIB038", "imageUrl": "None", "monOpen": "0900", "monClose": "2030", "tueOpen": "0900", "tueClose": "2030", "wedOpen": "0900", "wedClose": "2030", "thuOpen": "0900", "thuClose": "2030", "friOpen": "0900", "friClose": "2030", "satOpen": "0900", "satClose": "1700", "sunOpen": "1200", "sunClose": "1700", "amenities": "WASHROOMS:WI_FI:ACCESS", "notes": "None", "eligibility": "None" }, "geometry": { "type": "MultiPoint", "coordinates": [ [ -79.392497, 43.688668 ] ] } },
{ "type": "Feature", "properties": { "_id": 447, "locationId": 873, "locationTypeCode": "COOL_LOCN", "locationTypeDesc": "Cooling Location", "locationCode": "SPLASHPAD", "locationDesc": "Splashpad", "locationName": "Corvette Park", "address": "40 CORVETTE AVE", "phone": "311", "url": "https://www.toronto.ca/data/parks/prd/facilities/complex/576/index.html", "imageUrl": "None", "monOpen": "0900", "monClose": "2030", "tueOpen": "0900", "tueClose": "2030", "wedOpen": "0900", "wedClose": "2030", "thuOpen": "0900", "thuClose": "2030", "friOpen": "0900", "friClose": "2030", "satOpen": "0900", "satClose": "2030", "sunOpen": "0900", "sunClose": "2030", "amenities": "None", "notes": "None", "eligibility": "None" }, "geometry": { "type": "MultiPoint", "coordinates": [ [ -79.259994, 43.727123 ] ] } },
{ "type": "Feature", "properties": { "_id": 448, "locationId": 428, "locationTypeCode": "COOL_LOCN", "locationTypeDesc": "Cooling Location", "locationCode": "LIBRARY", "locationDesc": "Library", "locationName": "Daniel G. Hill Branch ", "address": "620 Jane St", "phone": "416-394-1014", "url": "https://www.torontopubliclibrary.ca/detail.jsp?R=LIB055", "imageUrl": "None", "monOpen": "0900", "monClose": "2030", "tueOpen": "0900", "tueClose": "2030", "wedOpen": "0900", "wedClose": "2030", "thuOpen": "0900", "thuClose": "2030", "friOpen": "0900", "friClose": "2030", "satOpen": "0900", "satClose": "1700", "sunOpen": "1200", "sunClose": "1700", "amenities": "WASHROOMS:WI_FI:ACCESS", "notes": "None", "eligibility": "None" }, "geometry": { "type": "MultiPoint", "coordinates": [ [ -79.49147, 43.665473 ] ] } },
{ "type": "Feature", "properties": { "_id": 449, "locationId": 946, "locationTypeCode": "COOL_LOCN", "locationTypeDesc": "Cooling Location", "locationCode": "SPLASHPAD", "locationDesc": "Splashpad", "locationName": "Coronation Park - York", "address": "2700 EGLINTON AVE", "phone": "311", "url": "https://www.toronto.ca/data/parks/prd/facilities/complex/2031/index.html", "imageUrl": "None", "monOpen": "0900", "monClose": "2030", "tueOpen": "0900", "tueClose": "2030", "wedOpen": "0900", "wedClose": "2030", "thuOpen": "0900", "thuClose": "2030", "friOpen": "0900", "friClose": "2030", "satOpen": "0900", "satClose": "2030", "sunOpen": "0900", "sunClose": "2030", "amenities": "None", "notes": "None", "eligibility": "None" }, "geometry": { "type": "MultiPoint", "coordinates": [ [ -79.479969, 43.690937 ] ] } },
{ "type": "Feature", "properties": { "_id": 450, "locationId": 723, "locationTypeCode": "COOL_LOCN", "locationTypeDesc": "Cooling Location", "locationCode": "INDOOR_POOL", "locationDesc": "Indoor Pool", "locationName": "Cummer Park Community Centre", "address": "6000 Leslie Street", "phone": "416-395-7803", "url": "https://www.toronto.ca/data/parks/prd/facilities/complex/499/index.html", "imageUrl": "None", "monOpen": "0700", "monClose": "2200", "tueOpen": "0700", "tueClose": "2200", "wedOpen": "0700", "wedClose": "2200", "thuOpen": "0700", "thuClose": "2200", "friOpen": "0700", "friClose": "2200", "satOpen": "0700", "satClose": "2000", "sunOpen": "0700", "sunClose": "2000", "amenities": "WASHROOMS:SHOWERS:WRT_FNT:ACCESS:POOL", "notes": "None", "eligibility": "None" }, "geometry": { "type": "MultiPoint", "coordinates": [ [ -79.371256, 43.800122 ] ] } },
{ "type": "Feature", "properties": { "_id": 451, "locationId": 798, "locationTypeCode": "COOL_LOCN", "locationTypeDesc": "Cooling Location", "locationCode": "INDOOR_POOL", "locationDesc": "Indoor Pool", "locationName": "Dennis R. Timbrell Resource Centre", "address": "29 St. Dennis Dr.", "phone": "416-395-7972", "url": "https://www.toronto.ca/data/parks/prd/facilities/complex/1056/index.html", "imageUrl": "None", "monOpen": "0800", "monClose": "2200", "tueOpen": "0800", "tueClose": "2200", "wedOpen": "0800", "wedClose": "2200", "thuOpen": "0800", "thuClose": "2200", "friOpen": "0800", "friClose": "2200", "satOpen": "0800", "satClose": "2200", "sunOpen": "0800", "sunClose": "2200", "amenities": "ACCESS", "notes": "None", "eligibility": "None" }, "geometry": { "type": "MultiPoint", "coordinates": [ [ -79.331628, 43.718018 ] ] } },
{ "type": "Feature", "properties": { "_id": 452, "locationId": 504, "locationTypeCode": "COOL_LOCN", "locationTypeDesc": "Cooling Location", "locationCode": "COMM_CNTR", "locationDesc": "Community Centre", "locationName": "Domenico Di Luca Community Recreation Centre", "address": "25 Stanley Rd", "phone": "416-395-6673", "url": "https://www.toronto.ca/data/parks/prd/facilities/complex/760/index.html", "imageUrl": "None", "monOpen": "0900", "monClose": "2100", "tueOpen": "0900", "tueClose": "2100", "wedOpen": "0900", "wedClose": "2100", "thuOpen": "0900", "thuClose": "2100", "friOpen": "0900", "friClose": "2100", "satOpen": "0900", "satClose": "2100", "sunOpen": "0900", "sunClose": "2100", "amenities": "WRT_FNT:ACCESS:POOL", "notes": "None", "eligibility": "None" }, "geometry": { "type": "MultiPoint", "coordinates": [ [ -79.515844, 43.742445 ] ] } },
{ "type": "Feature", "properties": { "_id": 453, "locationId": 408, "locationTypeCode": "COOL_LOCN", "locationTypeDesc": "Cooling Location", "locationCode": "LIBRARY", "locationDesc": "Library", "locationName": "Don Mills Public Library", "address": "888 Lawrence Ave E", "phone": "416-395-5710", "url": "https://www.torontopubliclibrary.ca/detail.jsp?R=LIB09", "imageUrl": "None", "monOpen": "0900", "monClose": "2030", "tueOpen": "0900", "tueClose": "2030", "wedOpen": "0900", "wedClose": "2030", "thuOpen": "0900", "thuClose": "2030", "friOpen": "0900", "friClose": "2030", "satOpen": "0900", "satClose": "1700", "sunOpen": "1200", "sunClose": "1700", "amenities": "WASHROOMS:WI_FI:ACCESS", "notes": "None", "eligibility": "None" }, "geometry": { "type": "MultiPoint", "coordinates": [ [ -79.347476, 43.73662 ] ] } },
{ "type": "Feature", "properties": { "_id": 454, "locationId": 756, "locationTypeCode": "COOL_LOCN", "locationTypeDesc": "Cooling Location", "locationCode": "OUTDOOR_POOL", "locationDesc": "Outdoor Pool", "locationName": "Domenico Di Luca Community Recreation Centre", "address": "25 STANLEY RD", "phone": "416 395-6673", "url": "https://www.toronto.ca/data/parks/prd/facilities/complex/760/index.html", "imageUrl": "None", "monOpen": "0900", "monClose": "2100", "tueOpen": "0900", "tueClose": "2100", "wedOpen": "0900", "wedClose": "2100", "thuOpen": "0900", "thuClose": "2100", "friOpen": "0900", "friClose": "2100", "satOpen": "0900", "satClose": "1800", "sunOpen": "CLOSED", "sunClose": "CLOSED", "amenities": "WASHROOMS:SHOWERS:POOL", "notes": "None", "eligibility": "None" }, "geometry": { "type": "MultiPoint", "coordinates": [ [ -79.515673, 43.742429 ] ] } },
{ "type": "Feature", "properties": { "_id": 455, "locationId": 508, "locationTypeCode": "COOL_LOCN", "locationTypeDesc": "Cooling Location", "locationCode": "COMM_CNTR", "locationDesc": "Community Centre", "locationName": "Earl Bales Community Centre", "address": "4169 Bathurst St", "phone": "416-395-7873", "url": "https://www.toronto.ca/data/parks/prd/facilities/complex/171/index.html", "imageUrl": "None", "monOpen": "CALL", "monClose": "CALL", "tueOpen": "CALL", "tueClose": "CALL", "wedOpen": "CALL", "wedClose": "CALL", "thuOpen": "CALL", "thuClose": "CALL", "friOpen": "CALL", "friClose": "CALL", "satOpen": "CLOSED", "satClose": "CLOSED", "sunOpen": "CLOSED", "sunClose": "CLOSED", "amenities": "ACCESS", "notes": "None", "eligibility": "None" }, "geometry": { "type": "MultiPoint", "coordinates": [ [ -79.431882, 43.752582 ] ] } },
{ "type": "Feature", "properties": { "_id": 456, "locationId": 509, "locationTypeCode": "COOL_LOCN", "locationTypeDesc": "Cooling Location", "locationCode": "COMM_CNTR", "locationDesc": "Community Centre", "locationName": "East York Community Centre", "address": "1081 1/2 Pape Ave", "phone": "416-396-2880", "url": "https://www.toronto.ca/data/parks/prd/facilities/complex/329/index.html", "imageUrl": "None", "monOpen": "0700", "monClose": "2200", "tueOpen": "0700", "tueClose": "2200", "wedOpen": "0700", "wedClose": "2200", "thuOpen": "0700", "thuClose": "2200", "friOpen": "0700", "friClose": "2200", "satOpen": "0900", "satClose": "2000", "sunOpen": "0900", "sunClose": "2000", "amenities": "WASHROOMS:WRT_FNT:WI_FI:ACCESS:POOL", "notes": "None", "eligibility": "None" }, "geometry": { "type": "MultiPoint", "coordinates": [ [ -79.34927, 43.691784 ] ] } },
{ "type": "Feature", "properties": { "_id": 457, "locationId": 507, "locationTypeCode": "COOL_LOCN", "locationTypeDesc": "Cooling Location", "locationCode": "COMM_CNTR", "locationDesc": "Community Centre", "locationName": "Driftwood Community Recreation Centre", "address": "4401 Jane St", "phone": "416-395-7944", "url": "https://www.toronto.ca/data/parks/prd/facilities/complex/575/index.html", "imageUrl": "None", "monOpen": "0700", "monClose": "2200", "tueOpen": "0700", "tueClose": "2200", "wedOpen": "0700", "wedClose": "2200", "thuOpen": "0700", "thuClose": "2200", "friOpen": "0700", "friClose": "2200", "satOpen": "0700", "satClose": "2200", "sunOpen": "0700", "sunClose": "2200", "amenities": "WRT_FNT:ACCESS:POOL", "notes": "None", "eligibility": "None" }, "geometry": { "type": "MultiPoint", "coordinates": [ [ -79.518779, 43.765456 ] ] } },
{ "type": "Feature", "properties": { "_id": 458, "locationId": 617, "locationTypeCode": "COOL_LOCN", "locationTypeDesc": "Cooling Location", "locationCode": "INDOOR_POOL", "locationDesc": "Indoor Pool", "locationName": "Earl Beatty Community Centre", "address": "455 Glebeholme Blvd", "phone": "416-392-0752", "url": "https://www.toronto.ca/data/parks/prd/facilities/complex/36/index.html", "imageUrl": "None", "monOpen": "1600", "monClose": "2130", "tueOpen": "1600", "tueClose": "2130", "wedOpen": "1600", "wedClose": "2130", "thuOpen": "1600", "thuClose": "2130", "friOpen": "1600", "friClose": "2130", "satOpen": "0830", "satClose": "1730", "sunOpen": "0830", "sunClose": "1730", "amenities": "WASHROOMS:SHOWERS:POOL", "notes": "None", "eligibility": "None" }, "geometry": { "type": "MultiPoint", "coordinates": [ [ -79.321143, 43.686461 ] ] } },
{ "type": "Feature", "properties": { "_id": 459, "locationId": 510, "locationTypeCode": "COOL_LOCN", "locationTypeDesc": "Cooling Location", "locationCode": "COMM_CNTR", "locationDesc": "Community Centre", "locationName": "Edithvale Community Centre", "address": "131 Finch Ave W", "phone": "416-395-6164", "url": "https://www.toronto.ca/data/parks/prd/facilities/complex/1463/index.html", "imageUrl": "None", "monOpen": "0700", "monClose": "2200", "tueOpen": "0700", "tueClose": "2200", "wedOpen": "0700", "wedClose": "2200", "thuOpen": "0700", "thuClose": "2200", "friOpen": "0700", "friClose": "2200", "satOpen": "0700", "satClose": "2200", "sunOpen": "0700", "sunClose": "2200", "amenities": "WRT_FNT:ACCESS", "notes": "None", "eligibility": "None" }, "geometry": { "type": "MultiPoint", "coordinates": [ [ -79.426539, 43.776994 ] ] } },
{ "type": "Feature", "properties": { "_id": 460, "locationId": 879, "locationTypeCode": "COOL_LOCN", "locationTypeDesc": "Cooling Location", "locationCode": "SPLASHPAD", "locationDesc": "Splashpad", "locationName": "Dunlop Park", "address": "19 DUNLOP AVE", "phone": "311", "url": "https://www.toronto.ca/data/parks/prd/facilities/complex/605/index.html", "imageUrl": "None", "monOpen": "0900", "monClose": "2030", "tueOpen": "0900", "tueClose": "2030", "wedOpen": "0900", "wedClose": "2030", "thuOpen": "0900", "thuClose": "2030", "friOpen": "0900", "friClose": "2030", "satOpen": "0900", "satClose": "2030", "sunOpen": "0900", "sunClose": "2030", "amenities": "None", "notes": "None", "eligibility": "None" }, "geometry": { "type": "MultiPoint", "coordinates": [ [ -79.2675, 43.712558 ] ] } },
{ "type": "Feature", "properties": { "_id": 461, "locationId": 413, "locationTypeCode": "COOL_LOCN", "locationTypeDesc": "Cooling Location", "locationCode": "LIBRARY", "locationDesc": "Library", "locationName": "Elmbrook Park Public Library", "address": "2 Elmbrook Crescent", "phone": "416-394-5290", "url": "https://www.torontopubliclibrary.ca/detail.jsp?R=LIB043", "imageUrl": "None", "monOpen": "Closed", "monClose": "Closed", "tueOpen": "1000", "tueClose": "1800", "wedOpen": "1230", "wedClose": "2030", "thuOpen": "1230", "thuClose": "2030", "friOpen": "1000", "friClose": "1800", "satOpen": "0900", "satClose": "1700", "sunOpen": "Closed", "sunClose": "Closed", "amenities": "WASHROOMS:WI_FI:ACCESS", "notes": "None", "eligibility": "None" }, "geometry": { "type": "MultiPoint", "coordinates": [ [ -79.583917, 43.659933 ] ] } },
{ "type": "Feature", "properties": { "_id": 462, "locationId": 410, "locationTypeCode": "COOL_LOCN", "locationTypeDesc": "Cooling Location", "locationCode": "LIBRARY", "locationDesc": "Library", "locationName": "Dufferin/St. Clair Public Library", "address": "1625 Dufferin St", "phone": "416-393-7712", "url": "https://www.torontopubliclibrary.ca/detail.jsp?R=LIB040", "imageUrl": "None", "monOpen": "1000", "monClose": "2030", "tueOpen": "1230", "tueClose": "2030", "wedOpen": "1000", "wedClose": "1800", "thuOpen": "1230", "thuClose": "2030", "friOpen": "1000", "friClose": "1800", "satOpen": "0900", "satClose": "1700", "sunOpen": "1200", "sunClose": "1700", "amenities": "WASHROOMS:WI_FI:ACCESS", "notes": "None", "eligibility": "None" }, "geometry": { "type": "MultiPoint", "coordinates": [ [ -79.442403, 43.677005 ] ] } },
{ "type": "Feature", "properties": { "_id": 463, "locationId": 847, "locationTypeCode": "COOL_LOCN", "locationTypeDesc": "Cooling Location", "locationCode": "SPLASHPAD", "locationDesc": "Splashpad", "locationName": "Earl Bales Park", "address": "4169 BATHURST ST", "phone": "311", "url": "https://www.toronto.ca/data/parks/prd/facilities/complex/337/index.html", "imageUrl": "None", "monOpen": "0900", "monClose": "2030", "tueOpen": "0900", "tueClose": "2030", "wedOpen": "0900", "wedClose": "2030", "thuOpen": "0900", "thuClose": "2030", "friOpen": "0900", "friClose": "2030", "satOpen": "0900", "satClose": "2030", "sunOpen": "0900", "sunClose": "2030", "amenities": "None", "notes": "None", "eligibility": "None" }, "geometry": { "type": "MultiPoint", "coordinates": [ [ -79.43132, 43.752594 ] ] } },
{ "type": "Feature", "properties": { "_id": 464, "locationId": 808, "locationTypeCode": "COOL_LOCN", "locationTypeDesc": "Cooling Location", "locationCode": "INDOOR_POOL", "locationDesc": "Indoor Pool", "locationName": "Emery Collegiate Institute", "address": "3395 WESTON RD", "phone": "416-395-7950", "url": "https://www.toronto.ca/data/parks/prd/facilities/complex/1186/index.html", "imageUrl": "None", "monOpen": "1800", "monClose": "2130", "tueOpen": "1800", "tueClose": "2130", "wedOpen": "CLOSED", "wedClose": "CLOSED", "thuOpen": "1800", "thuClose": "2130", "friOpen": "CLOSED", "friClose": "CLOSED", "satOpen": "0900", "satClose": "1600", "sunOpen": "CLOSED", "sunClose": "CLOSED", "amenities": "WASHROOMS:SHOWERS:ACCESS:POOL", "notes": "None", "eligibility": "None" }, "geometry": { "type": "MultiPoint", "coordinates": [ [ -79.539236, 43.748271 ] ] } },
{ "type": "Feature", "properties": { "_id": 465, "locationId": 1098, "locationTypeCode": "COOL_LOCN", "locationTypeDesc": "Cooling Location", "locationCode": "SPLASHPAD", "locationDesc": "Splashpad", "locationName": "Ethennonnhawahstihnen Park", "address": "80 McMahon Dr. E", "phone": "311", "url": "https://www.toronto.ca/data/parks/prd/facilities/complex/2597/index.html", "imageUrl": "None", "monOpen": "0900", "monClose": "2030", "tueOpen": "0900", "tueClose": "2030", "wedOpen": "0900", "wedClose": "2030", "thuOpen": "0900", "thuClose": "2030", "friOpen": "0900", "friClose": "2030", "satOpen": "0900", "satClose": "2030", "sunOpen": "0900", "sunClose": "2030", "amenities": "None", "notes": "None", "eligibility": "None" }, "geometry": { "type": "MultiPoint", "coordinates": [ [ -79.371448, 43.767344 ] ] } },
{ "type": "Feature", "properties": { "_id": 466, "locationId": 1111, "locationTypeCode": "COOL_LOCN", "locationTypeDesc": "Cooling Location", "locationCode": "INDOOR_POOL", "locationDesc": "Indoor Pool", "locationName": "Etobicoke Olympium", "address": "590 Rathburn Rd.", "phone": "416-394-8111", "url": "https://www.toronto.ca/data/parks/prd/facilities/complex/892/index.html", "imageUrl": "None", "monOpen": "0600", "monClose": "2200", "tueOpen": "0600", "tueClose": "2200", "wedOpen": "0600", "wedClose": "2200", "thuOpen": "0600", "thuClose": "2200", "friOpen": "0600", "friClose": "2200", "satOpen": "0900", "satClose": "1800", "sunOpen": "0900", "sunClose": "1700", "amenities": "WASHROOMS:SHOWERS:WRT_FNT:ACCESS:POOL:GYM", "notes": "None", "eligibility": "None" }, "geometry": { "type": "MultiPoint", "coordinates": [ [ -79.584349, 43.650236 ] ] } },
{ "type": "Feature", "properties": { "_id": 467, "locationId": 780, "locationTypeCode": "COOL_LOCN", "locationTypeDesc": "Cooling Location", "locationCode": "OUTDOOR_POOL", "locationDesc": "Outdoor Pool", "locationName": "Flagstaff Park Outdoor Pool", "address": "42 MERCURY RD", "phone": "416-394-8487", "url": "https://www.toronto.ca/data/parks/prd/facilities/complex/898/index.html", "imageUrl": "None", "monOpen": "CALL", "monClose": "CALL", "tueOpen": "CALL", "tueClose": "CALL", "wedOpen": "CALL", "wedClose": "CALL", "thuOpen": "CALL", "thuClose": "CALL", "friOpen": "CALL", "friClose": "CALL", "satOpen": "CALL", "satClose": "CALL", "sunOpen": "CALL", "sunClose": "CALL", "amenities": "WASHROOMS:SHOWERS:POOL", "notes": "None", "eligibility": "None" }, "geometry": { "type": "MultiPoint", "coordinates": [ [ -79.590832, 43.72112 ] ] } },
{ "type": "Feature", "properties": { "_id": 468, "locationId": 415, "locationTypeCode": "COOL_LOCN", "locationTypeDesc": "Cooling Location", "locationCode": "LIBRARY", "locationDesc": "Library", "locationName": "Fairview Public Library", "address": "35 Fairview Mall Dr", "phone": "416-395-5750", "url": "https://www.torontopubliclibrary.ca/detail.jsp?R=LIB010", "imageUrl": "None", "monOpen": "0900", "monClose": "2030", "tueOpen": "0900", "tueClose": "2030", "wedOpen": "0900", "wedClose": "2030", "thuOpen": "0900", "thuClose": "2030", "friOpen": "0900", "friClose": "2030", "satOpen": "0900", "satClose": "1700", "sunOpen": "1330", "sunClose": "1700", "amenities": "WASHROOMS:WI_FI:ACCESS", "notes": "None", "eligibility": "None" }, "geometry": { "type": "MultiPoint", "coordinates": [ [ -79.346782, 43.77911 ] ] } },
{ "type": "Feature", "properties": { "_id": 469, "locationId": 844, "locationTypeCode": "COOL_LOCN", "locationTypeDesc": "Cooling Location", "locationCode": "SPLASHPAD", "locationDesc": "Splashpad", "locationName": "Fenside Park", "address": "30 SLIDELL CRES", "phone": "311", "url": "https://www.toronto.ca/data/parks/prd/facilities/complex/312/index.html", "imageUrl": "None", "monOpen": "0900", "monClose": "2030", "tueOpen": "0900", "tueClose": "2030", "wedOpen": "0900", "wedClose": "2030", "thuOpen": "0900", "thuClose": "2030", "friOpen": "0900", "friClose": "2030", "satOpen": "0900", "satClose": "2030", "sunOpen": "0900", "sunClose": "2030", "amenities": "None", "notes": "None", "eligibility": "None" }, "geometry": { "type": "MultiPoint", "coordinates": [ [ -79.327423, 43.764841 ] ] } },
{ "type": "Feature", "properties": { "_id": 470, "locationId": 1175, "locationTypeCode": "COOL_LOCN", "locationTypeDesc": "Cooling Location", "locationCode": "HALL", "locationDesc": "Multi-Purpose Facilities/Halls", "locationName": "Keele Hub", "address": "1652 Keele Street", "phone": "416-392-2981", "url": "https://www.toronto.ca/community-people/community-partners/community-hubs/", "imageUrl": "None", "monOpen": "0900", "monClose": "1700", "tueOpen": "0900", "tueClose": "1700", "wedOpen": "0900", "wedClose": "1700", "thuOpen": "0900", "thuClose": "1700", "friOpen": "0900", "friClose": "1700", "satOpen": "CLOSED", "satClose": "CLOSED", "sunOpen": "CLOSED", "sunClose": "CLOSED", "amenities": "WASHROOMS:WRT_FNT:WI_FI:ACCESS", "notes": "None", "eligibility": "None" }, "geometry": { "type": "MultiPoint", "coordinates": [ [ -79.472602, 43.683993 ] ] } },
{ "type": "Feature", "properties": { "_id": 471, "locationId": 1176, "locationTypeCode": "COOL_LOCN", "locationTypeDesc": "Cooling Location", "locationCode": "HALL", "locationDesc": "Multi-Purpose Facilities/Halls", "locationName": "City of Toronto Archives", "address": "255 Spadina Rd", "phone": "(416) 397-0778", "url": "None", "imageUrl": "None", "monOpen": "0900", "monClose": "1600", "tueOpen": "0900", "tueClose": "1600", "wedOpen": "0900", "wedClose": "1600", "thuOpen": "0900", "thuClose": "1600", "friOpen": "0900", "friClose": "1600", "satOpen": "CLOSED", "satClose": "CLOSED", "sunOpen": "CLOSED", "sunClose": "CLOSED", "amenities": "WASHROOMS:WRT_FNT:WI_FI:ACCESS", "notes": "Visitors are permitted access to the ground floor and second floor. This area includes rotating exhibits curated and updated by archivists throughout the year, as well as the research hall, which provides access to historical records such as:\n•\tRecords created by the City of Toronto government \n•\tRecords from municipal governments prior to the 1998 amalgamation \n•\tPapers from individuals, families, organizations, and businesses \n•\tPhotographs \n•\tMaps, plans, and architectural drawings \n\nAdditionally, both the ground floor and the second-floor northeast corner offer visual access into the archival storage area, which provide a unique behind-the-scenes viewing experience", "eligibility": "None" }, "geometry": { "type": "MultiPoint", "coordinates": [ [ -79.407187, 43.676855 ] ] } },
{ "type": "Feature", "properties": { "_id": 472, "locationId": 1177, "locationTypeCode": "COOL_LOCN", "locationTypeDesc": "Cooling Location", "locationCode": "HALL", "locationDesc": "Multi-Purpose Facilities/Halls", "locationName": "Swansea Town Hall", "address": "95 Lavinia Avenue", "phone": "(416) 392-1954 ", "url": "None", "imageUrl": "None", "monOpen": "0800", "monClose": "2000", "tueOpen": "0800", "tueClose": "2000", "wedOpen": "0800", "wedClose": "2000", "thuOpen": "0800", "thuClose": "2000", "friOpen": "0800", "friClose": "2000", "satOpen": "CLOSED", "satClose": "CLOSED", "sunOpen": "CLOSED", "sunClose": "CLOSED", "amenities": "WASHROOMS:WRT_FNT:WI_FI:ACCESS", "notes": "We do have a coffee machine, a snack machine and a drinks machine available. All take cash only.", "eligibility": "None" }, "geometry": { "type": "MultiPoint", "coordinates": [ [ -79.477856, 43.647611 ] ] } },
{ "type": "Feature", "properties": { "_id": 473, "locationId": 1178, "locationTypeCode": "COOL_LOCN", "locationTypeDesc": "Cooling Location", "locationCode": "LIBRARY", "locationDesc": "Library", "locationName": "Junction Triangle Public Library", "address": "305 Campbell Avenue", "phone": "4163937677", "url": "None", "imageUrl": "None", "monOpen": "1000", "monClose": "2030", "tueOpen": "1230", "tueClose": "2030", "wedOpen": "1000", "wedClose": "1800", "thuOpen": "1230", "thuClose": "2030", "friOpen": "1000", "friClose": "1800", "satOpen": "0900", "satClose": "1700", "sunOpen": "1200", "sunClose": "1700", "amenities": "WASHROOMS:WI_FI:ACCESS", "notes": "None", "eligibility": "None" }, "geometry": { "type": "MultiPoint", "coordinates": [ [ -79.449913, 43.665668 ] ] } },
{ "type": "Feature", "properties": { "_id": 474, "locationId": 1179, "locationTypeCode": "COOL_LOCN", "locationTypeDesc": "Cooling Location", "locationCode": "YMCA", "locationDesc": "YMCA location", "locationName": "McDonald YMCA", "address": "501 Richmond St W", "phone": "416-928-9622", "url": "None", "imageUrl": "None", "monOpen": "0600", "monClose": "2200", "tueOpen": "0600", "tueClose": "2200", "wedOpen": "0600", "wedClose": "2200", "thuOpen": "0600", "thuClose": "2200", "friOpen": "0500", "friClose": "2200", "satOpen": "0700", "satClose": "2200", "sunOpen": "0700", "sunClose": "2200", "amenities": "WASHROOMS:SHOWERS:POOL", "notes": "None", "eligibility": "None" }, "geometry": { "type": "MultiPoint", "coordinates": [ [ -79.39965, 43.647168 ] ] } },
{ "type": "Feature", "properties": { "_id": 475, "locationId": 1181, "locationTypeCode": "COOL_LOCN", "locationTypeDesc": "Cooling Location", "locationCode": "HALL", "locationDesc": "Multi-Purpose Facilities/Halls", "locationName": "Gibson House Museum", "address": "5172 Yonge Street", "phone": "416-395-7432", "url": "https://www.toronto.ca/explore-enjoy/history-art-culture/museums/gibson-house-museum/", "imageUrl": "None", "monOpen": "CLOSED", "monClose": "CLOSED", "tueOpen": "CLOSED", "tueClose": "CLOSED", "wedOpen": "1100", "wedClose": "1700", "thuOpen": "1100", "thuClose": "1700", "friOpen": "1100", "friClose": "1700", "satOpen": "1100", "satClose": "1700", "sunOpen": "1100", "sunClose": "1700", "amenities": "WASHROOMS", "notes": "None", "eligibility": "None" }, "geometry": { "type": "MultiPoint", "coordinates": [ [ -79.414752, 43.769659 ] ] } },
{ "type": "Feature", "properties": { "_id": 476, "locationId": 1184, "locationTypeCode": "COOL_LOCN", "locationTypeDesc": "Cooling Location", "locationCode": "HALL", "locationDesc": "Multi-Purpose Facilities/Halls", "locationName": "Todmorden Mills", "address": "67 Pottery Road", "phone": "416-396-2819", "url": "https://www.toronto.ca/explore-enjoy/history-art-culture/museums/todmorden-mills/", "imageUrl": "None", "monOpen": "CLOSED", "monClose": "CLOSED", "tueOpen": "CLOSED", "tueClose": "CLOSED", "wedOpen": "1100", "wedClose": "1700", "thuOpen": "1100", "thuClose": "1700", "friOpen": "1100", "friClose": "1700", "satOpen": "1100", "satClose": "1700", "sunOpen": "1100", "sunClose": "1700", "amenities": "WASHROOMS", "notes": "None", "eligibility": "None" }, "geometry": { "type": "MultiPoint", "coordinates": [ [ -79.360329, 43.68684 ] ] } },
{ "type": "Feature", "properties": { "_id": 477, "locationId": 1183, "locationTypeCode": "COOL_LOCN", "locationTypeDesc": "Cooling Location", "locationCode": "HALL", "locationDesc": "Multi-Purpose Facilities/Halls", "locationName": "Monstgomery Inn", "address": "4709 Dundas Street West", "phone": "(416) 394-8113", "url": "https://www.toronto.ca/explore-enjoy/parks-recreation/places-spaces/parks-and-recreation-facilities/location/?id=1842&title=Montgomery%27s-Inn", "imageUrl": "None", "monOpen": "1100", "monClose": "1700", "tueOpen": "1100", "tueClose": "1700", "wedOpen": "1100", "wedClose": "1800", "thuOpen": "1100", "thuClose": "1700", "friOpen": "1100", "friClose": "1700", "satOpen": "1100", "satClose": "1700", "sunOpen": "1100", "sunClose": "1700", "amenities": "WASHROOMS", "notes": "None", "eligibility": "None" }, "geometry": { "type": "MultiPoint", "coordinates": [ [ -79.525692, 43.65167 ] ] } },
{ "type": "Feature", "properties": { "_id": 478, "locationId": 1185, "locationTypeCode": "COOL_LOCN", "locationTypeDesc": "Cooling Location", "locationCode": "HALL", "locationDesc": "Multi-Purpose Facilities/Halls", "locationName": "Spadina Museum", "address": "285 Spadina Road", "phone": "416-392-6910", "url": "https://www.toronto.ca/explore-enjoy/history-art-culture/museums/spadina-museum/", "imageUrl": "None", "monOpen": "CLOSED", "monClose": "CLOSED", "tueOpen": "CLOSED", "tueClose": "CLOSED", "wedOpen": "1100", "wedClose": "1700", "thuOpen": "1100", "thuClose": "1700", "friOpen": "1100", "friClose": "1700", "satOpen": "1100", "satClose": "1700", "sunOpen": "1100", "sunClose": "1700", "amenities": "WASHROOMS", "notes": "None", "eligibility": "None" }, "geometry": { "type": "MultiPoint", "coordinates": [ [ -79.408859, 43.679214 ] ] } },
{ "type": "Feature", "properties": { "_id": 479, "locationId": 1186, "locationTypeCode": "COOL_LOCN", "locationTypeDesc": "Cooling Location", "locationCode": "HALL", "locationDesc": "Multi-Purpose Facilities/Halls", "locationName": "Gallery 44", "address": "401 Richmond Street West Suite 120", "phone": "416.979.3941", "url": "https://www.gallery44.org/", "imageUrl": "None", "monOpen": "CLOSED", "monClose": "CLOSED", "tueOpen": "1100", "tueClose": "1700", "wedOpen": "1100", "wedClose": "1700", "thuOpen": "1100", "thuClose": "1700", "friOpen": "1100", "friClose": "1700", "satOpen": "1200", "satClose": "1700", "sunOpen": "CLOSED", "sunClose": "CLOSED", "amenities": "None", "notes": "None", "eligibility": "None" }, "geometry": { "type": "MultiPoint", "coordinates": [ [ -79.394826, 43.647819 ] ] } },
{ "type": "Feature", "properties": { "_id": 480, "locationId": 1187, "locationTypeCode": "COOL_LOCN", "locationTypeDesc": "Cooling Location", "locationCode": "HALL", "locationDesc": "Multi-Purpose Facilities/Halls", "locationName": "Waterfront Neighbourhood Centre", "address": "627 Queens Quay W", "phone": "(416) 392-1509", "url": "https://waterfrontnc.ca/", "imageUrl": "None", "monOpen": "0930", "monClose": "2130", "tueOpen": "0930", "tueClose": "2130", "wedOpen": "0930", "wedClose": "2130", "thuOpen": "0930", "thuClose": "2130", "friOpen": "0930", "friClose": "2130", "satOpen": "1100", "satClose": "1700", "sunOpen": "1100", "sunClose": "1700", "amenities": "WASHROOMS", "notes": "None", "eligibility": "None" }, "geometry": { "type": "MultiPoint", "coordinates": [ [ -79.3974, 43.636039 ] ] } },
{ "type": "Feature", "properties": { "_id": 481, "locationId": 1188, "locationTypeCode": "COOL_LOCN", "locationTypeDesc": "Cooling Location", "locationCode": "HALL", "locationDesc": "Multi-Purpose Facilities/Halls", "locationName": "Cecil Community Centre", "address": "58 Cecil Street", "phone": "(416) 392-1090", "url": "https://cecilcentre.ca/", "imageUrl": "None", "monOpen": "CALL", "monClose": "CALL", "tueOpen": "CALL", "tueClose": "CALL", "wedOpen": "CALL", "wedClose": "CALL", "thuOpen": "CALL", "thuClose": "CALL", "friOpen": "CALL", "friClose": "CALL", "satOpen": "CALL", "satClose": "CALL", "sunOpen": "CALL", "sunClose": "CALL", "amenities": "WASHROOMS", "notes": "None", "eligibility": "None" }, "geometry": { "type": "MultiPoint", "coordinates": [ [ -79.398598, 43.656452 ] ] } }
]
}
